PRAGMA defer_foreign_keys=TRUE;
CREATE TABLE tool_categories (
  id TEXT PRIMARY KEY,
  name TEXT NOT NULL,
  description TEXT,
  icon TEXT NOT NULL,
  color TEXT NOT NULL,
  created_at DATETIME DEFAULT CURRENT_TIMESTAMP,
  updated_at DATETIME DEFAULT CURRENT_TIMESTAMP
);
INSERT INTO tool_categories VALUES('development','开发工具','代码开发和调试工具','Code','#10b981','2025-09-02 11:49:53','2025-09-02 11:49:53');
INSERT INTO tool_categories VALUES('deployment','部署工具','CI/CD和部署管理工具','Rocket','#f59f45','2025-09-02 11:49:53','2025-09-02 11:49:53');
INSERT INTO tool_categories VALUES('monitoring','监控工具','系统监控和日志分析工具','BarChart','#ef4444','2025-09-02 11:49:53','2025-09-02 11:49:53');
INSERT INTO tool_categories VALUES('database','数据库工具','数据库管理和操作工具','Database','#f59f45','2025-09-02 11:49:53','2025-09-02 11:49:53');
INSERT INTO tool_categories VALUES('communication','协作工具','团队协作和沟通工具','MessageSquare','#3c6df0','2025-09-02 11:49:53','2025-09-02 11:49:53');
INSERT INTO tool_categories VALUES('482a552d-b451-4f0a-a1d0-4d832a59958e','业务项目','业务相关项目','Monitor','#f9739a','2025-09-22 06:00:29','2025-09-22 06:00:29');
INSERT INTO tool_categories VALUES('eeff1543-aaa9-42d8-bd60-8eb888b1f37a','DeepClick','DeepClick 相关站点','TrendingUp','#3c6df0','2025-09-24 07:14:59','2025-09-24 07:14:59');
INSERT INTO tool_categories VALUES('f1bec030-e38f-43b2-aea8-8cf01780abbc','ROIBest','ROIBest 相关站点','Rocket','#10b981','2025-09-24 07:15:36','2025-09-24 07:15:36');
INSERT INTO tool_categories VALUES('0c97efe7-d1d4-471d-a04d-965c41e09e22','实用工具','内部开发的小工具','Wrench','#06b6d4','2025-09-25 09:36:57','2025-09-25 09:36:57');
CREATE TABLE tools (
  id TEXT PRIMARY KEY,
  name TEXT NOT NULL,
  description TEXT,
  category TEXT NOT NULL,
  icon TEXT NOT NULL,
  is_internal BOOLEAN DEFAULT TRUE,
  status TEXT DEFAULT 'active' CHECK (status IN ('active', 'maintenance', 'deprecated')),
  last_updated DATETIME DEFAULT CURRENT_TIMESTAMP,
  created_at DATETIME DEFAULT CURRENT_TIMESTAMP,
  updated_at DATETIME DEFAULT CURRENT_TIMESTAMP,
  FOREIGN KEY (category) REFERENCES tool_categories (id)
);
INSERT INTO tools VALUES('0277fcf4-e502-431d-a29e-8028cc6ddebf','Superset','查数 BI','database','https://images.seeklogo.com/logo-png/50/2/superset-icon-logo-png_seeklogo-500354.png',0,'active','2025-09-19','2025-09-16 02:06:01','2025-09-16 02:06:01');
INSERT INTO tools VALUES('a21d8fad-551e-48e9-b7e6-538e8de83231','Elastic','服务日志查询','monitoring','https://kibana.qiliangjia.org/ui/favicons/favicon.svg',0,'active','2025-09-16','2025-09-16 02:08:02','2025-09-16 02:08:02');
INSERT INTO tools VALUES('7cdfa366-a184-40af-8261-e5ffc449d225','Apollo 配置中心','配置中心','development','data:image/png;base64,iVBORw0KGgoAAAANSUhEUgAAACgAAAAlCAYAAAAwYKuzAAAABGdBTUEAALGPC/xhBQAAACBjSFJNAAB6JgAAgIQAAPoAAACA6AAAdTAAAOpgAAA6mAAAF3CculE8AAAABmJLR0QA/wD/AP+gvaeTAAAACXBIWXMAABYlAAAWJQFJUiTwAAAAB3RJTUUH5wYUCQgFIMzx+gAAASF6VFh0UmF3IHByb2ZpbGUgdHlwZSB4bXAAACiRdVJLcsUgDNtzih6ByMYmx0kfsOtMlz1+ZZK+pHktnvxsI0si6evjM73FEkiSh1fZvFrzbM2Kqy3I8W0P6y5RkwbYYmrDYEW2Pf/sHgByOmGYfI8tpWorGVnFhnMjshR0UV4ZkJ435AhSAMFNtgLVpHabvxeDQ3VlZNk4c/hc6M4m9DnCMWSRNQIjSRYwAd7bDsKn+EpY0vaKFgOifHK5M1K1klxMmFintJUudDI8GugLOJtOBEMa8QvoGl7TRVQA2V+yJqd+2s13+meNgo89IW2ZJo5X6k8BPwM2DWdWK4fsQ4F0OvVIJ+r/jXdvMK7u7OakqzvXoz2b43DVojazL39dVNI3T4CbGcAwl4YAAAABb3JOVAHPoneaAAAKrUlEQVRYw62Ye3TV1ZXHP99z781NQhKS0CQkILiUKgkEAh2LIlS0vARUhq5SVhlRFlqsWGntouOwakX7mK6RWq0DinUsvgqD+OhoaNUZSusw9kWtRsKIikXkZYEAed57f7+z5497Q36kYtLlnKy7btbZv3325+zf3vvsc8XfOO7beD/BlHOJ/fe7xGLxRBiGEzGbb9glwDCMAklthv1ZaKukTbGY+30Yhj4BnEg6/vGK6/ttT38L3D1PrMVJkBdHshHm7etmNs/MKs9oQNov6XFJ90ocdMcNq4BlVy7tl81Yf+HubdzAib8cZsDAYnwYXmRmD5vZlcCAPlRLzGySpAbJ/c4nOWIWZ8LE8Wz7xbY+7br+wG3atAl1tFD+iXLM+9HAOjP7VC9Pdcppj3OuSdJeSemo3Hv/We/9/cBZmKdy+PB+OaZfgK/k7wEXR3LFZnanmdX3kJGW02bn3OcTybwphWXFU+LJxBQ5t1BOLwI+AjnFzG6VUyIIMqx8YOX/D+CJpEcG3vxsM5sVEXVKurOovOTqmz53feMfntwW/83jL52948lfBRXnVG9OJPO+4Jy7Fwi6Fczsixb6iUJcYv/Qp+0+k2Tu9XO5dPpM5JTEs9F7P/fU7pxbW3luzfKX7tlcqZhbCcwBSoCjwMZ0R2r1xKunh6nO1CPm/byI3v0kWObToX11/o0fz4Np0jjnwDQsGneS9stp7dPffCihmFttZsvMbLiZlZnZCDP7Zl5h8vYb5lzb7qR/lXTylBexixRokFPfOdon4KSxk7rfzVnAoAjgqw2XT/zfkqryyWZ21Ycqmy287tprx+SXFP4ReKtnnsGIShfrO8L6fKJmQDWScM6VAoke23bg0eU/DDHqgMIPVZbK5dyImdMWtEo6FJEUAMVmxs+3b/94gG2ZDJb9ywDWY5yCd7bvBHH8tPnTR8bMWn+3c2scyO8lC4V44fjxjweYqqgAD2a8D5yMiEbOX/3lMvP2sqS3z6C+D9ScV1IQyuke59y9kv5H0tsYxwzjh7NmfaT9PgE7UikMQ2Iv4t1TAqM+3ZG6fOSUhnck3S7pQG9dM6sCG7Ple4+FzsWeh8RX5TRLTvOR9pkZ0kcXkj4Bb1uwAJ8OSVlwTOiFiPF8835lfklhw6e/cNkG4Crn3Lck/TaiPhBYHqaDgX96bjveusA4AdqDyPSnFehXs/DrX/6M148exmMjzdtzZjbi1ALS63L61tkN5zX+4u5/DzJd6Qlm9qyZDc49kpF0g6SHT3Z1Mai0lLVr1/bHLNDPZqFg9BBKi8qIxewIuC5gKj0ZXQXMOXHoWGXFJ4f8evvaxr3l51QNBiZ225A0TFJjXjx+ct2DDzJv3jyqq6sZP348Y8eOpampiTvuuKNvDw4bNoxBpaWk0mliznV7iI6dO7lp8zpi2XKTCIPw+977W06LFefuM2e37P7la0G6I3WemTX28vRtTvqOz8Wdcw7vs8e0Ac57jra2Ul9fz6pVq3rW7f6nvq6OylSKIAjIy8JVAWVIxIGC4jzMe3CEvTcm6Q1J9zhc0LL/CEEQ7AZ+TLT8mC3xZjMlzTGzm8Mw/IaZfQmYAlQEEuUlJexuaWHxNdec7sHRtbVIIpdVZwGLzGy+pEcM7s73nqtXLUcxh6TLvPebzGxQDi4tpy+b52EXC3h9y45urGoz+w8z+7vIXo6TLdLJyFybpN2Cp5AeA/aZZRd46Cc/wdWPGoUkgkwGSdPN7Gkz+w4wxswmC/I6AcUdcir15ld0w+UAGyVtck5YJkYm9PjsZg8K1gDRvrC0FxxAkZmN92bfNbNngBmJTAaA6xcvxkkiDALi8fg8M1sPRHc8FqjJy8vDm8e8LTSzqRG4Q5LuAtpiiTjHqg6xfv16ElK2vknPSNrWn0TMRoF9yszWZxKJeWaGScQtDInF4xeY2Q+A6sjzXnAQyB9/6QScYueb9zdjxCOAPy5IlPymM3MSdQWsuiob3N452sKQQjgh+FEuo4skHQN2AM2SOs3sbODC3Hc35GBJdznn9gI7YlWVlUVk4S6KwB2V9O2uzq5b/+XZdXsLigYkzPtVZjYzAvd759yKjO86mbGQm+ffcEp5x44dTL3wQgLvkXP7JA0D9khaPnTo0B/sbG5uNOm/Hnviiae2PP/8llzMjaGndJUB5ZJ+rvra2nkG64HinPCk4Ctzlsx/9Ozac2pSnV1zzWwCxt+bWXEOrkNOi4Mg2LT+jjVnLPfpdJpx48dTUlJSlkwmu360Zk16dG3tVMFlQAHSnzo7O3+2aNGi4++9995KM7stAtkq6VrV19ZuMFgQ8cwDTc3NN6555qG6MAjXefMX9+5VnHOPulhs6U3zrks11Nc75bIOCcyy35HxalOTrz3//Px4LPZPZvY1oKg7jICXvPdLp02bdqS9vX2jmc2JsGyIG3w6slaredu4y96Pv7i58Xbz/uLeXpEUIBrf3PFGV31d3cwwDK+huy6cYdTX1RnZ6+dnyZaZU3sFZsSc+8Zdq1cvW3bjjY+b2YyIFyfEgcERhYMdbe1vbnvupRGYTT5DpsVlatiz6+1NmI2Mev+M46P5MZhaP3p09ZRLLnnN4Kj1MA12EVoEnanOrpR5K+Sv61UUsuyD/Qexft4K+zEGuFisUM61I3VF5hNO0BrZSXlx2cDyZEHyfcSBM60mp6ZLr5yOpKG9RGmg4wyf1EcAvtvR3n7Yez+InmQFaHUmvRWZqE4kEpPuv3X1YUn/JinTeyXn3PZkQf6zTz+4YZCdHgYdwNclzZJ0RfQDzBYsBN74ELh2SevGjRvXZmaTzKw8InvLCV6g5/YfN2xpR3t7zUUzPrNGTivk1CzpuKRDcu7JWDy29PWXdxwoGFC4CGiILLZb0kYz+5X3fqv3fqukrSUlJVuXXHfd9rz8/KeAJcBzwAdAC/CqpJubmpt/WllZOczMFtNTtDywRfV1daPM7Fkg2hr9NAyCFcWlJQe+9O2vDU51pYZIar/0ihnvjFRNMLq2diFwN1BxSgdud/H4nT4M+czkyaTSaeISgdllwDJJa97ds2dr865d+eXl5ecCySAI9jWMHfuXkoEDq733d5tZtNy9KWmuxlxwAdbevsLMvs/pQf+K4MFMJni59diJY8nC/LzCogHnyWmBmS0k2853j9ckzQX+XFpTQ+3w4Xjvk2Rf651mNkTwPtIDzrmniwYM2JfMzw9aWlrKwzC82My+0itcAifdQix2n0bX1SEYaGZrgS/2io8AOChoMcgDasj+tBEdH0haYt4/H4vHaWlt5fJp0/Dej8u1W6clUu5y9V4uoapy53Cy1zMPS1puZm2xyooKBClJr0iqAUZF4sDlPFUFfIK/Lj17Jd3ydnPzM+UV2bc9fcYMwmzrdhQ4QfYgKIroFANDgeG5NeMRWSDpEefcrYLjBsSGDB1KGIYAbQ7+E6kFOIfsgX2mS1Ub2T5wuXn/4qDKSiTR1NzM7NmzOZm9jPvisrI/pru6/gBUSRpCpOb2GmEu5r4L/LOk43IOxeNZgEsaGjiSSuGAvMJC0p2do4DPYzbT4JM5LwZIh2X2W6RNZLO/tfv8bWpuPmVt1apV7N+7F3JdupNKDS43s88BFwCVZhaXdALYBTRKeioMw7disRhO4mRHBxs2bOD/AHoS0XkMsbmfAAAAJXRFWHRkYXRlOmNyZWF0ZQAyMDIzLTA2LTIwVDA5OjA4OjA1KzAwOjAwun413QAAACV0RVh0ZGF0ZTptb2RpZnkAMjAyMy0wNi0yMFQwOTowODowNSswMDowMMsjjWEAAAAodEVYdGRhdGU6dGltZXN0YW1wADIwMjMtMDYtMjBUMDk6MDg6MDUrMDA6MDCcNqy+AAAAAElFTkSuQmCC',0,'active','2025-09-24','2025-09-16 02:10:35','2025-09-16 02:10:35');
INSERT INTO tools VALUES('dc948435-e177-475d-af3d-292534c33947','Jenkins','服务部署 CI / CD','deployment','https://www.jenkins.io/images/logos/jenkins/jenkins.svg',0,'active','2025-09-24','2025-09-16 02:12:29','2025-09-16 02:12:29');
INSERT INTO tools VALUES('4d321857-c3f1-4996-9d32-e20eec9701ee','DeepClick-Console','Console端后台','eeff1543-aaa9-42d8-bd60-8eb888b1f37a','https://deepclick.com/favicon.ico',0,'active','2025-09-24','2025-09-16 02:15:02','2025-09-16 02:15:02');
INSERT INTO tools VALUES('e45e32df-edb7-4fd3-b83e-1afd4deddee9','Cloudflare','云服务平台','development','https://dash.cloudflare.com/favicon.ico',0,'active','2025-09-16','2025-09-16 03:17:44','2025-09-16 03:17:44');
INSERT INTO tools VALUES('1b38545d-6060-4486-9654-e94f8063ab61','Growthbook','Feature flags','development','https://cdn.prod.website-files.com/65b7ac22fd61413f7db83b81/6633dc4bd6d7296dd063906a_GrowthBook_Favicon_Color_White_Bkgrd_32px.png',0,'active','2025-09-24','2025-09-16 05:57:22','2025-09-16 05:57:22');
INSERT INTO tools VALUES('46c44ebc-880a-480c-acad-0b867ed23c87','多语言管理平台','管理多语言词条','communication','https://static.thenounproject.com/png/7811899-200.png',0,'active','2025-09-24','2025-09-16 06:01:21','2025-09-16 06:01:21');
INSERT INTO tools VALUES('3f058b10-6c40-48fa-9693-4307b532a5f1','要事 AI','管理要事 AI 任务','communication','https://yaoshi-tracking-web.qiliangjia.one/favicon.ico',0,'active','2025-09-16','2025-09-16 06:04:34','2025-09-16 06:04:34');
INSERT INTO tools VALUES('bd04e5f9-2c37-4331-a873-0e6252d2e750','ROIBest - 接入文档','ROIBest-自研客户接入文档','f1bec030-e38f-43b2-aea8-8cf01780abbc','https://www.roibest.com/favicon.ico',0,'active','2025-09-24','2025-09-18 07:25:49','2025-09-18 07:25:49');
INSERT INTO tools VALUES('6c15bb01-5b64-40d9-ab42-08ff3df37c4c','JSON 格式化','JSON 格式化','0c97efe7-d1d4-471d-a04d-965c41e09e22','data:image/svg+xml;base64,PHN2ZyB2aWV3Qm94PSIwIDAgMjAwIDIwMCIgeG1sbnM9Imh0dHA6Ly93d3cudzMub3JnLzIwMDAvc3ZnIj48ZGVmcz48bGluZWFyR3JhZGllbnQgaWQ9ImcxIiB4MT0iMCUiIHkxPSIwJSIgeDI9IjEwMCUiIHkyPSIxMDAlIj48c3RvcCBvZmZzZXQ9IjAlIiBzdG9wLWNvbG9yPSIjMDZCNkQ0Ii8+PHN0b3Agb2Zmc2V0PSIxMDAlIiBzdG9wLWNvbG9yPSIjOEI1Q0Y2Ii8+PC9saW5lYXJHcmFkaWVudD48L2RlZnM+PHJlY3QgeD0iNDAiIHk9IjUwIiB3aWR0aD0iMTIwIiBoZWlnaHQ9IjEwMCIgcng9IjEyIiBzdHJva2U9InVybCgjZzEpIiBzdHJva2Utd2lkdGg9IjQiIGZpbGw9Im5vbmUiLz48cGF0aCBkPSJNNjAgNzBoODBNNjAgODVoNjBNNjAgMTAwaDgwTTYwIDExNWg0MCIgc3Ryb2tlPSJ1cmwoI2cxKSIgc3Ryb2tlLXdpZHRoPSIzIiBzdHJva2UtbGluZWNhcD0icm91bmQiLz48Y2lyY2xlIGN4PSI2MCIgY3k9IjcwIiByPSIzIiBmaWxsPSJ1cmwoI2cxKSIvPjxjaXJjbGUgY3g9IjYwIiBjeT0iODUiIHI9IjMiIGZpbGw9InVybCgjZzEpIi8+PGNpcmNsZSBjeD0iNjAiIGN5PSIxMDAiIHI9IjMiIGZpbGw9InVybCgjZzEpIi8+PGNpcmNsZSBjeD0iNjAiIGN5PSIxMTUiIHI9IjMiIGZpbGw9InVybCgjZzEpIi8+PHRleHQgeD0iMTAwIiB5PSIxNzAiIGZvbnQtZmFtaWx5PSJBcmlhbCIgZm9udC1zaXplPSIxOCIgZmlsbD0idXJsKCNnMSkiIHRleHQtYW5jaG9yPSJtaWRkbGUiIGZvbnQtd2VpZ2h0PSJib2xkIj5KU09OPC90ZXh0Pjwvc3ZnPg==',1,'active','2025-09-25','2025-09-19 12:11:54','2025-09-19 12:11:54');
INSERT INTO tools VALUES('57cfcfe0-8e3e-4b60-94e7-c02c3ceff999','URL 分析器','解析url字符串以获取所有不同的部分（协议、来源、参数、端口）','0c97efe7-d1d4-471d-a04d-965c41e09e22','data:image/svg+xml;base64,PHN2ZyB4bWxucz0iaHR0cDovL3d3dy53My5vcmcvMjAwMC9zdmciIHZpZXdCb3g9IjAgMCAxMDAgMTAwIj48ZGVmcz48bGluZWFyR3JhZGllbnQgaWQ9ImdyYWQiIHgxPSIwJSIgeTE9IjAlIiB4Mj0iMTAwJSIgeTI9IjEwMCUiPjxzdG9wIG9mZnNldD0iMCUiIHN0b3AtY29sb3I9IiM0ZmFjZmUiLz48c3RvcCBvZmZzZXQ9IjEwMCUiIHN0b3AtY29sb3I9IiMwMGYyZmUiLz48L2xpbmVhckdyYWRpZW50PjwvZGVmcz48ZyBmaWxsPSJub25lIiBzdHJva2U9InVybCgjZ3JhZCkiIHN0cm9rZS13aWR0aD0iNCIgc3Ryb2tlLWxpbmVjYXA9InJvdW5kIiBzdHJva2UtbGluZWpvaW49InJvdW5kIj48cmVjdCB4PSIyMCIgeT0iMjAiIHdpZHRoPSI2MCIgaGVpZ2h0PSI2MCIgcng9IjEwIi8+PHBhdGggZD0iTTM1IDQwaDMwTTM1IDUwaDE1Ii8+PGNpcmNsZSBjeD0iNzAiIGN5PSI1MCIgcj0iNSIvPjxwYXRoIGQ9Ik00NSA2NWw1IDUgMTAtMTAiLz48L2c+PHRleHQgeD0iNTAiIHk9IjkwIiB0ZXh0LWFuY2hvcj0ibWlkZGxlIiBmb250LXNpemU9IjEwIiBmaWxsPSJ1cmwoI2dyYWQpIiBmb250LWZhbWlseT0iQXJpYWwsIHNhbnMtc2VyaWYiPjwvdGV4dD48L3N2Zz4=',1,'active','2025-09-25','2025-09-22 07:11:07','2025-09-22 07:11:07');
INSERT INTO tools VALUES('4d7b4ba7-da42-4df2-b56e-8f5e42eaddd4','万事墙','项目排期追踪','communication','https://project.qiliangjia.org/logo.svg',0,'active','2025-09-22','2025-09-22 07:54:11','2025-09-22 07:54:11');
INSERT INTO tools VALUES('786df662-79b5-446a-bde5-4bd282788a6c','Roibest - Admin','RB 发版平台','f1bec030-e38f-43b2-aea8-8cf01780abbc','https://mis-test-1.qiliangjia.one/favicon.ico',0,'active','2025-09-24','2025-09-22 07:56:48','2025-09-22 07:56:48');
INSERT INTO tools VALUES('b31e0059-d962-495e-8810-8a5399437bd1','Sentry','前端错误监控系统','monitoring','data:image/svg+xml;base64,PHN2ZyB4bWxucz0iaHR0cDovL3d3dy53My5vcmcvMjAwMC9zdmciIHdpZHRoPSI5MCIgaGVpZ2h0PSI5MCI+PHN0eWxlPkBrZXlmcmFtZXMgbG9nby12aXNpYmxlezQwJXtvcGFjaXR5OjB9NDUlLDY3JXtvcGFjaXR5OjA7ZmlsdGVyOmJsdXIoMCl9NDYle29wYWNpdHk6MTtmaWx0ZXI6Ymx1ciguNHB4KX02NSV7b3BhY2l0eToxO2ZpbHRlcjpibHVyKC43cHgpfX1Aa2V5ZnJhbWVzIGxvZ28tc3Bpbns0NSV7dHJhbnNmb3JtOnNjYWxlKDEpIHJvdGF0ZSgwZGVnKX00NiV7dHJhbnNmb3JtOnNjYWxlKC45NSkgcm90YXRlKDBkZWcpfTY2JSx0b3t0cmFuc2Zvcm06c2NhbGUoMSkgcm90YXRlKDM2MGRlZyl9fUBrZXlmcmFtZXMgbG9nby1kcmF3ezAlLHRve3N0cm9rZS1kYXNob2Zmc2V0OjMwMH0zMyUsNjQle3N0cm9rZS1kYXNob2Zmc2V0OjB9fTwvc3R5bGU+PGRlZnM+PHBhdGggaWQ9ImxvYWRpbmctbG9nbyIgZmlsbD0ibm9uZSIgc3Ryb2tlLXdpZHRoPSI1IiBzdHJva2UtbGluZWNhcD0icm91bmQiIHN0cm9rZS1saW5lam9pbj0icm91bmQiIGQ9Im04IDUwLTQuMyA3LjZjLTEuNyAzLjMuNSA2IDMuNCA2aDE4LjhjMC0xMC44LTYuOS0xOC45LTEyLjgtMjIuMSAxLjktMy4yIDUtOSA2LjMtMTEgMTIgNyAxOS4xIDE5LjggMTkuMSAzMy4yaDEyLjZjMC0xNi44LTguNi0zNC4zLTI1LjUtNDQgNC4zLTcuNCA3LTEyLjQgOC42LTE0LjggMS41LTIuMyA1LjItMi40IDYuNiAwbDMwLjUgNTIuN2MxLjQgMi42IDAgNi0zLjggNmgtNi44Ii8+PC9kZWZzPjx1c2UgeD0iNSIgeT0iNSIgaHJlZj0iI2xvYWRpbmctbG9nbyIgc3R5bGU9ImFuaW1hdGlvbjpsb2dvLWRyYXcgNHMgY3ViaWMtYmV6aWVyKC45OSwwLC41MywxKSBpbmZpbml0ZSxsb2dvLXNwaW4gNHMgY3ViaWMtYmV6aWVyKC43NywtLjYzLC4xMiwxLjQ1KSBpbmZpbml0ZTtzdHJva2U6IzAwMDtzdHJva2UtZGFzaG9mZnNldDozMDA7dHJhbnNmb3JtLW9yaWdpbjo1MCUgNTAlO3N0cm9rZS1kYXNoYXJyYXk6MzAwIi8+PC9zdmc+Cg==',0,'active','2025-09-22','2025-09-22 08:14:31','2025-09-22 08:14:31');
INSERT INTO tools VALUES('43210ba9-e2cc-4ee2-9a20-f8f4c1458685','VirusTotal','FB 网站过审检测','482a552d-b451-4f0a-a1d0-4d832a59958e','https://www.virustotal.com/gui/images/manifest/icon-192x192.png',0,'active','2025-09-22','2025-09-22 08:17:21','2025-09-22 08:17:21');
INSERT INTO tools VALUES('78d1b64e-e433-454b-8abd-f56e24ac7864','Base64 编解码','支持文本编码/解码、按列换行以及结果一键复制，方便处理日志和令牌。','0c97efe7-d1d4-471d-a04d-965c41e09e22','data:image/svg+xml;base64,PHN2ZyB2aWV3Qm94PSIwIDAgMjAwIDIwMCIgeG1sbnM9Imh0dHA6Ly93d3cudzMub3JnLzIwMDAvc3ZnIj48ZGVmcz48bGluZWFyR3JhZGllbnQgaWQ9ImcxIiB4MT0iMCUiIHkxPSIwJSIgeDI9IjEwMCUiIHkyPSIxMDAlIj48c3RvcCBvZmZzZXQ9IjAlIiBzdG9wLWNvbG9yPSIjM0I4MkY2Ii8+PHN0b3Agb2Zmc2V0PSIxMDAlIiBzdG9wLWNvbG9yPSIjOEI1Q0Y2Ii8+PC9saW5lYXJHcmFkaWVudD48L2RlZnM+PHJlY3QgeD0iMzAiIHk9IjUwIiB3aWR0aD0iMTQwIiBoZWlnaHQ9IjEwMCIgcng9IjEyIiBzdHJva2U9InVybCgjZzEpIiBzdHJva2Utd2lkdGg9IjQiIGZpbGw9Im5vbmUiLz48cGF0aCBkPSJNNjAgODBoNDBNNjAgOTVoNTVNNjAgMTEwaDI4IiBzdHJva2U9InVybCgjZzEpIiBzdHJva2Utd2lkdGg9IjMiIHN0cm9rZS1saW5lY2FwPSJyb3VuZCIvPjxwYXRoIGQ9Ik0xMTAgNzVsMTUgMTUtMTUgMTUiIGZpbGw9Im5vbmUiIHN0cm9rZT0idXJsKCNnMSkiIHN0cm9rZS13aWR0aD0iNCIgc3Ryb2tlLWxpbmVjYXA9InJvdW5kIiBzdHJva2UtbGluZWpvaW49InJvdW5kIi8+PGNpcmNsZSBjeD0iMTI1IiBjeT0iOTAiIHI9IjUiIGZpbGw9InVybCgjZzEpIi8+PHRleHQgeD0iMTAwIiB5PSIxNzAiIGZvbnQtZmFtaWx5PSJBcmlhbCIgZm9udC1zaXplPSIxOCIgZmlsbD0idXJsKCNnMSkiIHRleHQtYW5jaG9yPSJtaWRkbGUiIGZvbnQtd2VpZ2h0PSJib2xkIj5CNjQ8L3RleHQ+PC9zdmc+',1,'active','2025-09-25','2025-09-22 08:55:04','2025-09-22 08:55:04');
INSERT INTO tools VALUES('c5b2b9dc-b15b-4603-97c8-5e5963a6cc2c','ROIBest MIS','RB MIS','f1bec030-e38f-43b2-aea8-8cf01780abbc','https://mis-test-1.qiliangjia.one/favicon.ico',0,'active','2025-09-24','2025-09-23 03:36:10','2025-09-23 03:36:10');
INSERT INTO tools VALUES('d7b9d813-ed91-49f1-9e7f-b9ee4a70c110','二维码生成器','二维码生成器','0c97efe7-d1d4-471d-a04d-965c41e09e22','data:image/png;base64,iVBORw0KGgoAAAANSUhEUgAAAvAAAALwCAYAAADxpkF6AAAABmJLR0QA/wD/AP+gvaeTAAAgAElEQVR4nOzde5hddXn28ftZeyYJSUiCcgathxcyITMJaGwVtCVIW1Gw2jqZmUBoVEyrFTKTBETtYde2CgFmJlBpTcFSkMwkYz0Aii2HIILtqwhmDjngW7AtoJxqEpIwycxez/sHU5RDYJLM7Getvb+f65rLel1xP3eTNWvd+7fX/i0JAAAAAAAAAAAAAAAAAAAAAAAAAAAAAAAAAAAAAAAAAAAAAAAAAAAAAAAAAAAAAAAAAAAAAAAAAAAAAAAAAAAAAAAAAAAAAAAAAAAAAAAAAAAAAAAAAAAAAAAAAAAAAAAAAAAAAAAAAAAAAAAAAAAAAAAAAAAAAAAAAAAAAAAAAAAAAAAAAAAAAAAAAAAAAAAAAAAAAAAAAAAAAAAAAAAAAAAAAAAAAAAAAAAAAAAAAAAAAAAAAAAAAAAAAAAAAAAAAAAAAAAAAAAAAAAAAAAAAAAAAAAAAAAAAAAAAAAAAAAAAAAAAAAAAAAAAAAAAAAAAAAAAAAAAAAAAAAAAAAAAAAAAAAAAAAAAAAAAAAAAAAAAAAAAAAAAAAAAAAAAAAAAAAAAAAAAAAAAAAAAAAAAAAAAAAAAAAAAAAAAAAAAAAAAAAAAAAAAAAAAAAAAAAAAAAAAAAAAAAAAAAAAAAAAAAAAAAAAAAAAAAAAAAAAAAAAAAAAAAAAAAAAAAAAAAAAAAAAAAAAAAAAAAAAAAAAAAAAAAAAAAAAAAAAAAAAAAAAAAAAAAAAAAAAAAAAAAAAAAAAAAAAAAAAAAAAAAAAAAAAAAAAAAAAAAAAAAAAAAAAAAAAAAAAAAAAAAAAAAAAAAAAAAAAAAAAAAAAAAAAAAAAAAAAAAAAAAAAAAAAAAAAAAAAAAAAAAAAAAAAAAAAAAAAAAAAAAAAAAAAAAAAAAAAAAAAAAAAAAAAAAAAAAAAAAAAAAAAAAAAAAAAAAAAAAAAAAAAAAAAAAAAAAAAAAAAAAAAAAAAAAAAAAAAAAAAAAAAAAAAAAAAAAAAAAAAAAAAAAAAAAAAAAAAAAAAAAAAAAAAAAAAAAAAAAAAAAAAAAAAAAAAAAAAAAAAAAAAAAAAAAAAAAAAAAAAAAAAAAAAAAAAAAAAAAAAAAAAAAAAAAAAAAAAAAAAAAAAAAAAAAAAAAAAAAAAAAAAACMF4sOAORd0YvJYN+D0/dYOrWUlibXWO3U6EzYu2Ef2lGrSb+4fO4NT0RnwYFbsWHR4UMaPITfu2wb9qEdhaSwa4InOy5pWLNVJo/OBOQZBR4YpaV9LUcUTO90+Sy5jpc0U9Jxkg4Jjob94lvldrubbrKk9K2O2T3/E50Ir65toPE1nhbeZ673y/x0yWZEZ8J++YVcD8r0oMm3pNKmmnTCPbyxBkaHAg/sxYoNi6YM1wydYanPl5JTJT8hOBLGzy6XVk3cXbr00nk926LD4KU+dV/j9N0TC58yaamkydF5MC5cro0m3aXE1u8Y3HHr6nk374oOBWQRBR74FY3rGgtHn2CnJ56cLemDkvhYvro8bWZ/1F7f9c/RQfBLrQPNH7JUfy/ptdFZUFY7JH1d8q88sim9o2dBTyk6EJAVFHhAUusDi2dYzeAnJH1S0lHReRDKXfrLzvruz3GfbjCXtfY3/7lJfyGuV9XuZ5L+dsLu0hf5lAzghIgqd+FA45GlUtLmZn8saVp0HmSJrepo6GqNTlHN2vqaV0m6IDoHMmW7zK5OXZ2rGroejw4DRKHAoyoVH148adszz14ks4slHRSdB9nkZh/rrO+6JjpHNVrW3/wxd62OzoHM2iXTF4YnbrvsquNu3R0dBig3CjyqTmtf8/skrTLpzdFZkHl75IV5HXNu7IsOUk2W9rXMSeT3SaqNzoLM+3/mydL2OWu+HR0EKKea6ABAuVzcu/CQ3UpXS/pQdBbkxgQlpUslvTc6SDVJ3C+VUd4xKv/HLf1WW39Ljw9NXNJ50nVbowMB5cAKPKpCa2/LO8y8S9KvRWdB/pilp7XXr1sfnaMaLOtfMN89uTM6B3LI9FMreUv73LX/Hh0FGG9JdABgXLmstb/lIjP/rijv2E+u5LzoDNWCv2vsN9cbPLG72/qaLpSzQInKxgGOitW4rrHwulnJ37uMQoADtW16Ujq8OLtnT3SQSrbkviW1UyZue4Knq+JAuez6XbsPPm/1vNVD0VmA8cAKPCrSkvvOmnzsrMI3Ke8YI9O3poWTo0NUuqmTtr6T8o6xYPJzp0zc/rUl953FU3tRkSjwqDgX9y48ZMrEKbdJel90FlQOk8+NzlD5CvwdYyydOWXilNsv7l14SHQQYKxR4FFRltx31uTdlt4iidVSjCmTHRudoeK5HxMdARXnHbst/RYr8ag0FHhUjOL6U2umTJyyTpR3jAOXpkZnqHSpNCU6AyrSO6ZMnLK2uP5Uts5GxaDAozK4bPuhR35J3DaDceJmu6IzVDx3nqiJ8XLmtkOP/Ed2p0GloMCjIrQOtFzo0keic6CiPR4doNIlsp9HZ0BFO6e1v3l5dAhgLFDgkXutvS3vMPe/js6BymbSpugMFa/A3zHGl0mfX7ah6e3ROYADRYFHrrU+sHiGJb5G4rHrGFe7a2t23hUdotINqnSnpMHoHKhotZ7YuraBxtdEBwEOBAUeuWaFwX+Q6w3ROVDp/I6VdTc9E52i0l09u2eH5HdG50DFe5285u+jQwAHggKP3Grta36fTB+KzoEq4HZjdISqwd81ysG9cVnvwvdGxwD2FwUeuXT+T86YaKb26ByoCr3TG+q6o0NUi+kNdd1yPRCdA5UvtfTK4sOLJ0XnAPYHBR65VPPstE/JdXx0DlS+1NKLilZMo3NUi6IVUxXsM9E5UPlMevO2nYMronMA+4P9UJE7Fw40HjmcFh6SdFB0FlQ6W9XR0NUanaIatfW1dEq+NDoHKt6uVPamVQ1dbBOLXGEFHrlTKiVtorxjnLl02/SnfsbqXJBHNg0vl/zb0TlQ8SYnJt6kI3dYgUeutD6weIbVDP6npGnRWVDJ/Oba2mfPZueZWBdtfv/BQ0OT10g6MzoLKtp2H570a50nXbc1OggwWqzAI1esZvATorxj/LjMLpleP+sDlPd4K+tuemZ6fd3vyXSpJI/Og4o1beTaAuQGK/DIjcZ1jYVjZxX+W9JR0VlQgUx3eMkv6py79v7oKHip5b0L35om6aVyvTs6CyrSzx7ZVHpdz4KeUnQQYDRqogMAo3X0CXa6nPKOMfVfMt2UpmnPqoZ1d0eHwd5dMWfNjySdvrR3wW8mSdIo1/slvT46FyrGUcfOSt4t6V+jgwCjQYFHbiSenB2dYS+ekvQ9kz8i6XF3ezI6EF5BYrvd/am0kDx45QlrfhIdB/tm1Zx1d0u6W9L5F2xceFxNqTTTLXmtUp8YnQ17Z+aHSTrCZcdKepekQ4MjvYQrOVsUeOQEt9AgF1ZsWDSllAz9XNLU6CwjBmW6RiWte2RL6ft87AoAo9O4rrFw7MzCySpogVznScrIw5TsmZ27dxy5et7Nu6KTAK+GFXjkwnDN0BmWZqK8pyZdJ6nYXt/939FhACBvRhY8vifpe8v6mldKKrq0WOEba/jBkydOfo+kr8XmAF4dBR65YKnPz8AHRjvkfk77nLXfjA4CAJWgvaH7vyV9tLW36atm1iVpemQeM5svCjxygG0kkRPJqaHjTT9NktJvdFDeAWDMdc5Ze2uSlE6W6aeROdx1auR8YLTClzSBV7Niw6LDR+5/Dzpe7ZlSmp585dy1/THzAaA6LO9tqUvN/11xK/Geyo5a1dD1eNB8YFRYgUfmpYXhdynuzWZqShdS3gFg/F0xp2uzyc+RlAZFMFN6StBsYNQo8Mi8NPUTomab/MvtDWtviZoPANWmvWHtLSObBYRIpFlRs4HRosAj88x0XNDoQck+FzQbAKqWl0p/LunZkNluUdccYNQo8Mg+1/Ehc03XjOyQAAAoo44Tex6V6dqQ4aaZIXOBfUCBR/ZZUIEvaV3IXABA5Dk45poD7AMKPDKtuP7UGkmHBIx++pEtpe8HzAUASBo5Bz8VMPqQxnWNhYC5wKhR4JFpW2e8Ierpq3ePPC0QABCgZ0FPyeT3BIy2N70pE0/+BvaKAo9MKyVDISdRkz8SMRcA8EtuFnIu3lNDgUe2UeCRaYVk+OCYycnPYuYCAJ7nCjkXJ0lN0LUHGB0KPDItSWxSzOR0a8xcAMCv+J+IoSVPJ0fMBUaLAg8AAADkCAUeAAAAyBEKPAAAAJAjFHgAAAAgRyjwAAAAQI5Q4AEAAIAcocADAAAAOUKBBwAAAHKEAg8AAADkCAUeAAAAyBEKPAAAAJAjFHgAAAAgRyjwAAAAQI5Q4AEAAIAcqYkOACCblva1HFGw0gnuyUx3n2myOpkOkzTNXVPMNEXS9Oic+2HnyM8OSVsl2yb5FjPb4qbNheHhLZfP7Xk4OCN+RVvvwjep4Mebq87dZ0o2U/LpkmZImipp8sh/5s02d+00005J2+V6UtImmR40S7eUvLBxVUPX49EhAWQPBR6AJOn8+xsPq5lQ83bJT5HrdMnf4p6YJJnZC/7si/5r3kwZ+Tn8uf/qkjTf3SWXSklBbX3Nj8vsbqV+uwp2b8fsroG4uNXnos3NRw/v8VM8sdPleo+Uvl7pyL+UpF/9v3JuutmvvAl+7vfqPZLkniiRq62v+SGZbjf5vT6c3tFxYs+jMVEBZAkFHqhibd9vPMimJme62bmSzpB7ITpTRhwh90aZGpW62vpaNpq8Jx3WdZ0ndf80Olwlumhz89FDQ94o2blDQ3qLzCqopx+QN8m1xGVLVCikbX3N/ybX9cMHFbqvOu7G7dHhAMSgwANVqG1g4a/L06VyfdClg6LzZJ+f4NJfWI3+dFlf0+3u+ruOhrU3yaiYB8RlbX1N7zfTx4eGdLpkvIF8ZYmkU2Q6pWaw1LGsr+XrJUtXrapf+8PoYADKiwIPVJHlAy3vTFP/lNL0zOgsOVVw2e/K9Lut/c39Sb9fNu3Jx9cU5981HB0sT4peTLYNbHmf+r0o01t4F7RfJrv87MTt7La+5ntldmlHfdfN0aEAlAe70ABVoK2veV5bX/M9aerfk0R5HwMm1bvbP2079MiNrb0tH4jOkxetfU2/v61/8xa53yTpLdF5KsQpcr+prb/57uW9C98aHQbA+GMFHqhgrQ8snmE1g38p6U8kcXvC+DjOzL/e1t98R5LaJ6+Y07U5OlAWXdjX9OZh6UrJ3hudpWK53pVa+oO2vuYb99RMaPvirOufjo4EYHywAg9UqLbe5oVWM7hF0gWivI8/17tT8/uX9TV9tnFdI3/fI4rrT61p7W3+s2FZP+W9LBJJiyYM7xlo629qjg4DYHxQ4IEKU3x48aS2vuZVMt2o57dKRJkc5LK/ft2smjsv2tx8dHSYaEv7Wo7YduhRt5rpc5ImReepMkfIrautr/n6FRsWTYkOA2BsUeCBCrK8t6Vu247B/6vnVt0RxOW/OTSkDa29TWdEZ4mybEPzuxP5jyU/PTpLlVtUSoZ+eMGGpvroIADGDgUeqBDLehe+NzW/T9Kc6CyQJB1qZrcs621aFh2k3Fr7mld4otskHRmdBZKkWYXE/q1toOU90UEAjA0KPFABWnubznZLv6HnnjCK7Ejc7Iq2vuZVRS9W/vnWZW39zZeYdJn+97miyIqpSv3m1r7mj0QHAXDgKv+CAlS4ZX3NF5jZ9ZJqo7Ngry7Y1r/5n5bct6Ri/40a1zUW2vqb/0GuT0VnwV7VmHRNW1/ThdFBABwYCjyQY229TZ90aZX4Xc6Dc6ZO2P5PFbkS77Jj6wrXSvpodBS8KpNsZVtfy/LoIAD2X+VdSIAq0dbbvFBmq6JzYPTc1LKtf9NV0TnGWltf8xUy/WF0DuwLv2xZb/Pi6BQA9g8FHsihtt4Fp8v0j+J3OIfsE8t6myvmNpO2vubPyNQWnQP7zNy0upp3SgLyjIs/kDPLBxpPkCXfkDQhOgv2j5u+0NrX9PvROQ5U60DzhyT9dXQO7LdaM1u3vLelLjoIgH1DgQdypPjw4klpWlgjdpvJOzPp2rbehW+KDrK/LuxrerOlukbsNpN3U0vmPUvuO2tydBAAo0eBB3Jk247dV0uaG50DY8FmyNK1xYHG3H2SsuS+JbXDsq9Imh6dBQfOpPqpEyfzfRogRyjwQE609TYvlPzD0TkwpuZt9ZovRIfYV5MnbFsp6e3ROTB2XHZeW39Tc3QOAKNDgQdy4OLehYfI1BGdA2PP3JcuG2g+KTrHaC3vXfhWMzs/OgfGgVvnxb0LD4mOAeDVUeCBHNht6eclHR6dA+OioFRfysP+8EUvJqmlfyupEJ0F4+KIPUr/KjoEgFeX+QsGUO2W9y58q6SPRefA+HHpbdsHNmf+IUjb+jcvEbfOVDQ3fbxtYOGvR+cA8Moo8EDGpZauEiueFc9dn//EQOPU6Bx7c9Hm9x8stoysBok8vTw6BIBXRoEHMqy1r/lUSadE50BZHDoxrfmj6BB7MzR00B9Lem10DpSB611Lexf8ZnQMAHtHgQcyzGSfjc6AcvIVbd9vPCg6xYsVH148yd1ao3OgfBJLOPcAGUaBBzLquftQ/fToHCirI+3gZHF0iBfbunPwo2Y6OjoHyup3lvY3vS06BICXR4EHssrTpdERUH6uJFv/7i4z6YLoGCi/gmfsWATwPAo8kEHn/+TsaXJ9IDoHIvjMLO0C0trX8na5jo/OgfJz+QdHvrwMIGMo8EAGFQZLH5I0OToHgni6KDrC88yzkwXlNnloeMrvR4cA8FIUeCCDTKI0VTPXwuJA44ToGMWBxgkmLYjOgUi8gQOyiAIPZMyKDYsOl8QWbtXtNdvS5NToEFtLybvF1pHVzTV/+ZaWQ6NjAHghCjyQMWkyNF/8bsLstOgISQYyIFxSGvZTo0MAeCFKApAxqXx+dAbEM1d4eXbFZ0A8SzknAVlDgQcyxsy4WEIuveXi3oWHRM1vfWDxDElzo+YjS/gkBsgaCjyQIUv7Wo5gyz6MKAxaenLU8KTm2XdKKkTNR6bUjXw3B0BGUOCBDClY6YToDMiUWVGDU0s4FvG8kg2HHYsAXooCD2SIezIzOgOyI5GHHQ+Jx81GFnE8AFlCgQcyxClN+BVuFnY8uMSxiOd5EncsAngpCjyQIcZFEr/KVRc4nWMRzzNPI49FAC9CgQeyxHVEdARkyqFFL5b9PN24rrEgHuCEFzC+xApkCAUeyBLT1OgIyBTbteX+KeUe+qY3aaokK/dcZJkdHJ0AwC9R4IEscXGRxItMLvsxsaeGN5J4IXfn3ARkCAUeyBSjOOEFdu8ulb04JUkNZQ0vYMYKPJAlFHggU3xydAJkS43Vlv1NXclTjkO8iJf9Vi4Ae0eBB7KF+47xAqmlZT8mClbgOMSLcUwAGUKBBwAAAHKEAg8AAADkCAUeAAAAyBEKPAAAAJAjFHgAAAAgRyjwAAAAQI5Q4AEAAIAcocADAAAAOUKBBwAAAHKEAg8AAADkCAUeAAAAyBEKPAAAAJAjFHgAAAAgRyjwAAAAQI5Q4AEAAIAcocADAAAAOUKBBwAAAHKEAg8AAADkCAUeAAAAyBEKPAAAAJAjFHgAAAAgRyjwAAAAQI5Q4AEAAIAcocADAAAAOUKBBwAAAHKEAg8AAADkCAUeAAAAyBEKPAAAAJAjFHgAAAAgRyjwAAAAQI5Q4AEAAIAcocADAAAAOUKBBwAAAHKEAg8AAADkCAUeAAAAyBEKPAAAAJAjFHgAAAAgRyjwAAAAQI5Q4AEAAIAcocADAAAAOUKBBwAAAHKEAg8AAADkCAUeeBku8+gMAFDtzDkXAy+HAo9Ms5I9GzM4aK40GDQXGZUkpV1lH1oYijr+kV0hx4QnMefEgiXl/70D9gEFHpm2Z3j46Yi57v5UxFxJzwTNRUYNSzuqYSYyL+TcZJ6GXAM0UVHXAGBUKPDItKve0vOkpF+Ue25aSB4s98wRFHi8wEGl2rIfExEzkXkxx0RJEefi/7liZhcFHplGgUf2ue4o88T/unLWmv9X5pkjnJVPvMCkpx8re3GKmImM85gC337i2gdl+mlZh5qV+5oD7DMKPDLPzL5Z1nnyb8oU88Upt/8JmYus2lacf9dwuYeOzNxe7rnIsESR56ZbyjnMXDeVcx6wPyjwyLwJbt+SVLYvFJXcv1quWS9hIR8XI7t+UqWzkTHuceemNE17yjhu18g1B8g0Cjwy75I5a34hqbNM4+5aNWfd3WWa9RJmtiVqNjJpc9hkE8cinpcEHovPnZPt9nLMclnHyDUHyDQKPHKhtnbXJZKeGOcxnniyYpxnvKI0TSlN+KXIEp06xyKeV7LYc5NZukJSOs5jnpq4e/iycZ4BjAkKPHJhZd1Nz7j849I43ptudukVc9b8aNxefxRqPI1bcUXmWGSJtoRjEc+zoSS0wLfXr90gs5XjOMIlLbl0Xs+2cZwBjBkKPHKjs2Ht1+ReHJcXd33nkY3Dfzour70PLp/b87C7HovOgWzwNP1+1OzaWr8najayxV2PdZ7U/dPoHNNnz/ysj9MXTN31Fx0N3V8fj9cGxgMFHrnS0bD2r9x9rO+H/9faCbsW9CzoKY3x6+4XS3RXdAZkgW3pOLHn0ajpK+u6H+NL1ZAkM90ZnUGSilZMJ0zYdY5Lt43l67p7Z2dD91+P5WsC440Cj3wxeeectW1u9jFJe8bg9Vbv3D3tzJV1N2Vm32uXrY/OgCxIw/eidneORUjumSjw0nO3Uz66qXSGTJeOwcvtkXRe55y1bWFbBwP7iQKPXOqs77pGXpgn+bf38yU2pJa+p6O++49Wz1s9NKbhDpCllpmLJeJ4Ev9GLuHNJCQlNYVMnZN6FvSUOuq7L1ZiZ0jq3b9X8W+XUn9rR0P3tWMaDigTiw4AHKjWvuZTzfQxuc6QdMgr/NFBye+U243TG+q6i1Yc7x0N9ltbX1OvZA3RORDm2eFJhSOvOu7G0IcptT6weIbVDP5M0qTIHIjkP+5oWHtSdIq9KXox2dq3qcVMCyV7t6SJr/DHf2Gyb6fyazobuu8qU0RgXFDgUTGW3LekdvLE7aeYfK6UHCPz6Uq106THPbGNu214/dWze3ZE5xyN1r7mFSaxnVnVsu6Ohq6W6BSS1NbXvFbSgugciGHuy9vnrG2PzjEanxhonDpJhdNU0iyXjlCiKXLbZvJHUql3xlM/vyfiycbAeKiJDgCMlZFbYe4a+cm1CbVaMzSkSyQVorOg/NzT66Mz/C+T3+AyCnx1KhUK6ZroEKM1skBz08gPUNG4Bx7IoJV13Y9JCv8SI0I8MePpx8d0l40DMe2px78j6fHoHAjguu2y2T0/j44B4KUo8EBWuV8dHQHlZ6YvZelj/uL8u4bl+ofoHAiQGOcgIKMo8EBGdTSsvUnyvugcKKudQ3tKV0WHeLE9tRM6JeXi+yMYMxs6ZnfdEh0CwMujwANZZXK35AvRMVA+Jv3dVW/peTI6x4t9cdb1T7vZ6ugcKCf7PHujA9lFgQcy7NGNw+t4GmbVGEwLNZnd7WNCjV8haTA6B8rBtjyyafifo1MA2DsKPJBhPQt6SnJdHJ0DZeC6vPOEr/wsOsberKzrfsyljugcGH+W+EU9C3pK0TkA7B0FHsi4jobur0viXtTK9l8Fr70kOsSrsWdKfyXp4egcGEeu77TP7mYbRiDjKPBADiSF5JOSdkXnwDgx++Tlc2/YGR3j1XSc3POs3Nuic2DcPCslfxIdAsCro8ADOXDFCWv+0+Sfj86BcfH1jvqum6NDjFbHnLXflOmb0Tkw9kz2Vx1z1jwUnQPAq6PAAzkxrX7WF2Q83KnCPJJMsCXRIfaZlT4i6T+jY2BMffe/Nw2vjA4BYHQsOgCA0Vva13JEIv+xpCOjs+CADSeJzb9idtc90UH2x7INTW/3xO6WVBudBQfsidpanTTyBGgAOcAKPJAjqxq6HvfEzpbEDhE552afzWt5l6T2uWv/XVIxOgcOWJrIzqG8A/lCgQdypnN2153mflF0DhyQr3TO7rosOsSBml5fd4lMa6JzYP+Z2fIrGrpui84BYN9Q4IEcap+ztt3cuV81j0x3TE9KH62Ep1wWrZjuHJy2WK7vRGfBvnPpC+31XZ3ROQDsO+6BB/LKZcv6m69x6SPRUTA6Jv1wMCmddvXsnh3RWcbSkvvOmjxl4pTbJJ0cnQWj9pWO+u5zK+GNJFCNWIEH8srk0576+R+Z7MboKBiVH+yumXBGpZV3SVo97+ZdyQT7PZN+GJ0Fo/KV6U/9/MOUdyC/WIEH8s5lbf0tl0p+YXQU7IXpjtqaXR9cWXfTM9FRxtOKDYumlApDPXKdEZ0Fe3Xl9Pq6tqIV0+ggAPYfBR6oEG19TUsl6xC/15lisht37D74w6vnrR6KzlIOxYHGCdu88I9yLYzOghdwkz7X3tBdjA4C4MBxoQcqSGtf0++bdK1kM6KzQMPm+tP2hu6VVXergsuW9bdc7PLPSaqJjgP9wt0+0jmn6xvRQQCMDQo8UGGWDjS+PkkL3ZLeEZ2lij2SJNaS533ex0LbwMJfl6dr5XpDdJYqdp88aeqYs+ah6CAAxg5fYgUqzKrZPf81PSmd6mbt4oFPEb6+p2bCidVe3iWpY/aaHyS19jaZvhmdpQqVTLp8elI6hfIOVB5W4IEK1jqw8ERL06vFanw5POKJ2jpnd381OkgWtfW3nCX5lazGl8WPUvOPr6pfy65AQIWiwAMVrujFZPvA5o+66/OSDo3OU4EG5bpcO0qf7zi559noMFk2sl/8ZyUtkzQpOk8FelLSpzvqu79cdd+7AKoMBR6oEis2LJpSSvacJ9mFko6JzlMBdkq6VqXSyo4Tex6NDpMnKzYsOjxNhj7hUquk6dF5KsATJv3d0KRC+1XH3bg9OgyA8UeBB6pM8eHFk7bt3P0RuS6QfHImG/4AACAASURBVGZ0nhx63EyrdxcmrPrirOufjg6TZ8u3tBya7valMn1M0hHRefLHtpjSVUOTtn/5quNu3R2dBkD5UOCBKtY20DJb7ovk+rCkw6PzZNigpNvN/fode6Z/o1r2dC+XxnWNhWPrbL4sOVfS70uaEp0pw34hU09idsMVJ3Tdy60yQHWiwAN47uE7aXKqud4ts/kuvUVSITpXsM0urVeiO0sTCv/KrQnlcf5Pzp5W2FP6HaU6zWSn8SmRSibd76Y75X7nzt3T1/MGEgAFHsBLtD6weIZqBk8x+QkmHZ/K6kyaKemw6GzjYLukB022xc03W+pbaibYvSvruh+LDgbpos3NRw8N2TtlfrykWXIdL9lMyQ+OzjYOnnRpSyLf7NKDLtuo4Un3dp503dboYACyhQIPYJ+0PrB4RikZmppoz5Qaq50anWdfpQUfTMx21A5r+39sHtres6CHvfJzqHFdY+HNdbXThmo0LXWfmpQsd7vaDPvQjlQTdhbS2h2UdAAAAAAAAAAAAAAAAAAAAAAAAAAAAAAAAAAAAAAAAAAAAAAAAAAAAAAAAAAAAAAAAAAAAAAAAAAAAAAAAAAAAAAAAAAAAAAAAAAAAAAAAAAAAAAAAAAAAAAAAAAAAAAAAAAAAAAAAAAAAAAAAAAAAAAAAAAAAAAAAAAAAOSZRQcAkC8X9y48ZKfblFofnmxJ4eDoPPusMPSsrHZn7bC2/8fmoe09C3pK0ZGw7xrXNRbeXFc7bahG0+RDU1SqPSg6077ytPTMkNXsmmK+85I5a34RnQdAflDgAbzExb0LD9ljpVNSS04w9+Ml1UmaKenQ4GjjwJ6R/EGZtniqzWa2RaXheztO7Hk0Ohmk8zecfWxNkp7s7jMTaZabjpfseMnz9+bx1T0laYukzW72YOLpxgleuJdyD+DFKPAAdP5PzphYeHbaaYnZaS7Nl3SipEJ0rlCmB919fSJbnw5P+pfOk67bGh2pGrQ+sHhGUjP4u6l8vslOk3RcdKZgJUk/Nml96n7njEJ6R3F2z57oUABiUeCBKra8d+FbU0vPldQi6bDoPBm2W9Jt5n79jj3Tv7F63uqh6ECVpHFdY+HYOpsvS86V9AeSJkdnyi7fKtnN8vT6joZ1d8jk0YkAlB8FHqgyxYcXT9q6c/CjJl0g1/HReXLoCblWJxNt1RUzu56KDpNny7e0HFrao1aTf0zS4dF5csf0oGSrpk+Z+OXiG68bjI4DoHwo8ECV+MRA49SJafJRyS6UdEx0ngqwU9K1w2nhsqvm3vhIdJg8WdrXckRB/nGX2iRNi85TAZ4w6e9qd5c6Lp3Xsy06DIDxR4EHKlzRi8n2vi0fc/O/kfTa6DwVaLekK3bu3vk3q+fdvCs6TJat2LBoSqkw/Kdyb5M0MTpPBXrKTJ+ZNrvu2qIV0+gwAMYPBR6oYK0DC0+0NL1a0juis1SBR838M+31a6+PDpJFbf0tZ0l+pVxviM5SBe5Xkny8Y/aaH0QHATA+KPBABRrZVeYSMztf1b6bTLmZvpnU2nncH/+c8+9vPKymNrlWsrOis1SZkputmmHDn2bXGqDyUOCBCrN848JfS0tpt6S3R2epYo8qVUvH3O7vRQeJtLR3wW8mlqwR37mI9KMaedNlDWv/IzoIgLFDgQcqSOtA84cs1TWSpkdngYZN9uft9V2XVNtWf0UvJtsGNn9GrqL4BCgDfKtLH+1sWPu16CQAxgYFHqgQbX1NSyXrEL/XGeP/PDxp+9lXHXfr7ugk5VAcaJywLa35J8mbo7PgBdykz7U3dBejgwA4cFzogbxz2bL+5pUurYiOgr1w3Tl8UOGDVx134/boKONpxYZFU0o29FWZ3hOdBS/P5FdNq5/Vyi41QL5R4IEcW3Lfktopk7ZfJ9fC6Cx4ZSb90CbYeyv1y63Lt7Qcmu7xWyXNi86CV2ayG6c99bPFxfl3DUdnAbB/kugAAPaTy6ZMfOZLlPd8cOlt6R6/9RMDjVOjs4y1JfedNTnd4zeJ8p4LLj97+6FHXSdnEQ/IKwo8kFPL+ptXSv7h6BzYJ/MmlgrfPP8nZ1TMQ4yW3LekdurEyV8TzxrIFZefvayv6ZLoHAD2DwUeyKG2vqYLuec9p0yn1eye/uWiF3N//i16MZky8ZnrXfa70Vmw79zsomW9TcuicwDYd7m/gADVpm2g5T2SsXKWZ66F2/u3fCo6xoHaNrD5M+w2k29udtnS/gW8AQNyhvvfgBxp+3HjMSoUHpB0WHQWHLBhpTotrw97GnlI0x2SaqKz4IA9WVurE1fWdT8WHQTA6LACD+RE47rGgpLC9aK8V4oaJVqzfEvLodFB9tX59zceNvKEVcp7ZThsaEhrGtc18tAtICco8EBOHFNX+IxMp0XnwJg6Nh3ya6JD7Kua2uRaScdE58CY+q3XzUoujg4BYHS4hQbIgQv7mt48LOuXNCk6C8aeJfq99tndN0XnGI22vuYPSvpadA6Mi2flSX3HnDUPRQcB8MpYgQdyYFi2SpT3iuWprlqxYdGU6ByvZsl9Z02WqT06B8bNQWalq6NDAHh1FHgg45b1t/yBpPdF58C4ev1wMvzp6BCvZsqkqX8m1xuic2D8uOx3W3tbPhCdA8Ar4xYaIMMa1zUWjp1V2CTpuOgsGHe7a2v1pqzuBNK68ZyjrDT8kPgkqOK59B+PbirN7FnQU4rOAuDlsQIPZNixdYUmUd6rxcShIc/uQ3WGhy4S5b0qmPTm180qfCg6B4C9o8ADWeUymbMrRFWxPz7//sbMbRP6J5vOfa2ZnRedA+Xjrj+rhKcFA5WKX04go9r6mt4vWUN0DpTVlJqawgXRIV6sdnioTdLU6BwoI9Ps7Rs3nxkdA8DLo8ADWWX2iegICGBaUlx/amYekFRcf2qNyVl9r0Je0sejMwB4eRR4IIMu2tx8tKR3R+dAiMO3v/bo34kO8b+2HXbUGZKOiM6BAKbfbt14zlHRMQC8VGZWeYADteS+JbVTJ219p1SY666jZT7dZTssTZ+0gm2sKexav7Lupmeic47G0JCfLRmPNa9Sbr5I0rejc4xYFB0AYQpWKi2UdEV0kNG4aPP7Dx4uTZ7vJT/Bk+Qwk0+V2zYzPSaVNuwYnHHP6nmrh6JzAmOBbSSRe8v6F8x3JefJ/b2SzXiFP7pbpjs99RtnNMzqKloxLVvIfdTW19TL/e9V7dnhSYUjrzruxu2RIVofWDzDagZ/JnafqWYbOhq6T4wOsTdFLyZb+za1WGJny3WapIl7/9O+VWbfNqXXtNevW1+2kMA4oMAjt5b2tcxJzC+R64x9/197n7s+1Tln7a1jn+zAtPUufJMs/Y/oHIjliRo7Z3d/NTLDsr7mJpe6IzMgng/rjZ0ndf80OseLtfY2nWGmS/drscN0q9LCpzrm3Ng3DtGAccc98Mil1v6W8xL5D/evvEuSNZjZt9v6m7+05L4ltWOb7sB44qdFZ0A8S31+dAY3cSxCVog/Fn9V47rGQlt/8yVm9u39/qTSdYasdH9bb9MnxzgeUBYUeOSLy9r6mleZ+z9ImjAGr7dk8sTt3zr/J2dPO/BwY8OUrYsloiTxX2J2cSxCMsvMG7nzf3L2tGNn1XxHrk+NwcvVyOyqtr6WTjl3JCBfKPDIlWX9zX8haUz3yTbpt2ueLa1tXNeYiS+NeqpTozMgC3xm248bj4maPrITEk8Bhtyz8UlM0YtJzeDwVyQ/fWxf2Ze29TX92di+JjC+KPDIjdaB5g+59Ofj8uKm97yuLvn8uLz2PlixofGNZjo6OgeywZLk5KjZQ0P2zqjZyBYzHd36QPMbonNs699yiWRnjcuLmxWX9bf8wbi8NjAOKPDIhdYHFs+wVH+vcfzitZtduGxD09vH6/VHY9iSusj5yBZPbGbc8JRjEc/z2jTuWJS0tL/pbZKvGMcR5u7/cHHvwkPGcQYwZijwyAWrHbxY0mvHe4wndsk4z3jlADJKE37JFVeaIt88IHMSjz03JbIvaPx3zjtk0NILx3kGMCYo8Mi8toHG18jH9r73V/Bbbb0tv1WmWS9lOj5sNrIorjRFvnlA5rji3tC19bb8lrw8T6Y2aWnbQONryjELOBAUeGSep4X3STqobAMT/1DZZr2YU+DxApFfIuULrHieBS4umLyxjOMmW1rz3jLOA/YLBR6ZZ9IHyjrQ9cGwLcXMWfnBr5peXH9qTbmHjjwbITNbqyIDUsWcm1zmpveXdaT775VzHrA/KPDIg3LvRX3MBZsW/p8yzxxhU2PmIqsGX3v0weWe+ZoJOzgO8UKmsh+HkrRsQ9Nxkl5X1qE8wAw5QIFHpq3YsOhwSWXfFSAppVEfF4dcJJFdzxaGyn5MRMxE5sUcE4WQW3dec/79jYcFzAVGjQKPTBtO9oz3zjMvy8wOjZgrCjxepEYq+2p4xExkXsy5yWPOxRNqakKuPcBoUeCRaUlik0IGu5fvS7MvFPP/LzIrTQuTyz60VBt1/CO7go4JmxgxteRp+X/vgH1AgQdehsljvsQKAHieG+di4OVQ4AEAAIAcocADAAAAOUKBBwAAAHKEAg8AAADkCAUeAAAAyBEKPAAAAJAjFHgAAAAgRyjwAAAAQI5Q4AEAAIAcocADAAAAOUKBBwAAAHKEAg8AAADkCAUeAAAAyBEKPAAAAJAjFHgAAAAgRyjwAAAAQI5Q4AEAAIAcocADAAAAOUKBBwAAAHKEAg8AAADkCAUeAAAAyBEKPAAAAJAjFHgAAAAgRyjwAAAAQI5Q4AEAAIAcocADAAAAOUKBBwAAAHKEAg8AAADkCAUeAAAAyBEKPAAAAJAjFHgAAAAgRyjwAAAAQI5Q4AEAAIAcocADAAAAOUKBBwAAAHKEAg8AAADkCAUeAAAAyBEKPAAAAJAjFHgAAAAgRyjwAAAAQI5Q4AEAAIAcocADAAAAOUKBB7LFowMgWxJPyn5MlLzEcYgX45gAMoQCD2SK7YpOgGwZ9qEd5Z5ZsITjEC9iO6MTAPglCjyQKV72soZsmzix8Ey5Z6bpcNlnItvcnWMCyBAKPJAlJi6SeJFdZT8mJgyLN5J4ATPj3ARkCAUeyBKnOOEFfPLMt5T91oWHHtIOcc8zXoAVeCBLKPBAlpgej46ATHmqaMW03EN7FvSUJD1d7rnIMn8iOgGAX6LAAxniqW+JzoAMMW0OnM6xiOe5JZHHIoAXocADGWJmlCY8zzzuDZ1R4PErjMUFIFMo8ECGmKVcJPG8VHFv6FLeTOIFOB6ALKHAAxlS8sLG6AzIlE1RgxNPORbxvILXhB2LAF6KAg9kyKqGrsdlejA6BzKhpOFJ90YNT4cPukdSKWo+MmXT5XNv4EusQIZQ4IGscd0ZHQGZ8KPOk67bGjV8ZPaPo+YjO4xzEpA5FHggc2x9dAJkgFl4aTKJYxFSwjkJyBoKPJAxhbTmLkll3/sbGeNpeGlK3cPfRCBcurtQe1d0CAAvRIEHMmbkXtO7o3Mg1NPTk/Su6BAzCukd4oFOVc7u/OKs6zkGgIyhwAMZ5NIN0RkQyNRVnN2zJzpGcXbPHpfWRedAHLOUcxGQQRR4IINKkwpflbQrOgeCWJKd0uSWnSwot101Nc9+PToEgJeiwAMZdNVxN26X6RvRORDBtnTMXvOD6BT/q3NO17+xtWnV+trKupueiQ4B4KUo8EBWWbIqOgLKz5Rm7t/dpSujM6D8UnP+3YGMosADGdUxe80PXLotOgfK6uf+THpddIgXK03cdo27HovOgfIx+b+sql/7w+gcAF4eBR7IMHP7m+gMKB9zv6zj5J5no3O82FXH3bpbpo7oHCgfTzn3AFlGgQcyrGNO13dl+l50DpTFk4lP+FJ0iL3Zk5T+XtJT0TlQFt/tmNvNeQfIMAo8kHFJmrRJKkXnwLj79OVzb9gZHWJvrp7ds0Ouz0bnwLgrWaK26BAAXhkFHsi4K+as+ZHkmV2ZxYEz6YfT6+v+MTrHq5neUHeNpH+LzoHxY/Kr22d3PxCdA8Aro8ADOTA8qebTkn4WnQPjoqREf1S0Yhod5NUUrZh66p8UnwhVqsfT4YP+PDoEgFdHgQdy4Ll94X1ZdA6MPZM68rTi2Tl37f1ulrmtLjEW7ILOk67bGp0CwKujwAM50VG/tlvStdE5MHZM+uG0pJS7+8p3DR58sbiVpqK4/EsdDV3ronMAGB0KPJAj06dO+qTkP47OgbHgW5O01FSc3bMnOsm+Wj1v9VCalJol/U90Fhw4l/rtmZQvrgI5QoEHcqT4xusGXVooaUd0FhwQl2vx5XN7Ho4Osr9Wze75L5d/TJJHZ8GBsGc8LX0oi88fALB3FHggZzob1m6yVB+QtDs6C/aPSxd1zFn7zegcB6qzYe3XzPXp6BzYb0OplRpXze3ZEh0EwL6hwAM51D63+w43+7CkzO9cghcx/W1nQ/fl0THGSvuc7kvdrD06B/aZm/l5q+rX/Ut0EAD7jgIP5FRnfVeXmy6IzoF9YFozfXbd0ugYY61zdtcKN10XnQP7wLW8vX7t9dExAOwfCjyQY5313V902QViJT4Pbtg5OG1xHvZ732cmf3Rj6TyTXxMdBa/KJb+oY053R3QQAPuPAg/kXGdD11VyLZI0FJ0Fe3VlR333H66et7pi/416FvSU2uvXLjHpL6OzYK/2yHVOR8Pay6KDADgwFHigAnTM6V6TWnqW2J0ma1Iza+to6F4qq4LdWkze3tBdNPfl4lOhjLFnEtmZHXO610QnAXDgKPBAhVhVv+5f0rQ0T1JvdBZIkp5UYu9rr+/qjA5Sbu1z1rZ7Yr8t6efRWSBJtlGJ3nFFQ9dt0UkAjA0KPFBBVs3t2TJ96qTfkHRldJYq993aWp3YMbvrO9FBonTO7rqzkNbOdYnSGOuGnbt3vK1jdtdAdBAAY4cCD1SY4huvG3zulg1vkfR4dJ4q86zJPvPIptK7V9Z1PxYdJtrlc2944tFNpTNM/qeSeFBQef1csqaOhu5zV8+7eVd0GABjiwIPVKiO+rXdPjypTs+txpei81SBWwppaXZ7Q9cXehb08Pc9omdBT6m9Ye3fyJN6Sd+KzlMFUkk37KmZUN/R0LUuOgyA8VETHQDA+Ok86bqtkpYu7114fZqkHXK9KzpT5bEtlvhF7bO7b4pOkmUdc9Y8JOnM1t6WD1jil8p1fHSmCvRdS9TWPrv7geggAMYXK/BAFbhizpofddR3/2aS2Lsk3SJVwY4o4877zPwPH9k0PJvyPnqdc7q+MX123SyZvV/Sj6LzVIh7LdXpHQ3dp1LegerACjxQRa6Y3XWPpHuW9je9reDJUpd/UNLk6Fw5UpLrNiV2dcfs7luqYmvIcTDyMKub5bpl2cbms7ykj8v025IK0dlyZKekr0ta1dHQfV90GADlRYEHqtCq+rU/lHRO2/cbD7KpyZludq6k94hzwl7YRnO/Pq2pub7zhK/8LDpNxTB5u7pvknTTn2w697UThvb8gUznSjolOlpGpZL+Ta7rayfs6lpZd9Mz0YEAxOBiDVSxjpN7npXUI6nnos3vP3hoz6TfUJKcLtfpkt4iyWIThnlcZncr9dsLXrrt8rk9D0cHqnRfnHX905JWS1rduvGco5LhoXd6YqfL9R5Jrw+OF+khmW631G+3icn6K2Z2PRUdCEA8CjwASdLIat7tIz9asWHR4cPJ0AmJ28w00fEmnyXX4ZKmuWuKmaZKmhaZeT/t0nNPrN0h6RdybXPTFpNvSc0321CypfOk7p/GRqxuI59y9Iz8aMWGxjcOFez4xK1Osjq5jpdpuqRDJE0d+cnjrWDb3bXDTDslbZfpCZdtSlI9mJpvqUlrN14+94YnokMCyB4KPICXNVIcnpB0V3AUVLmRT0AelvQv0VkAIAvYhQYAAADIEQo8AAAAkCMUeAAAACBHKPAAAABAjlDgAQAAgByhwAMAAAA5QoEHAAAAcoQCDwAAAOQIBR4AAADIEQo8AAAAkCMUeAAAACBHKPAAAABAjlDgAQAAgByhwAMAAAA5QoFHpqWpD0bMddkhEXMBAL9k8tdGzC1YsitiLjBaFHhkWimteSZksOmokLkAgF9yCzkXp+lwzLUHGCUKPDKtkNbuCBnsOiZkLgDgl8xDzsUThhVz7QFGiQKPTJux9adRJ9HfKq4/tSZoNgBUvcZ1jQWXvStgtD/0EAUe2UaBR6YV5981LOkXAaNfs+01R74jYC4AQNKxMwsnS4q4B/4XPQt6SgFzgVGjwCP7XA+GzC1oQchcAEDkOTjmmgPsAwo8ss+CTqau85YONL4+ZDYAVLG2HzceI9dHQ4a7toTMBfYBBR6Z566fBI2eVEgLfxE0GwCqltcU/lrSQRGzzTzqmgOMGgUe2Wc+EDXapcXL+prOjJoPANWmrb/lLHOdGzXfZRujZgOjRYFH5tWkE+6R5EHjE1ey5oINTfVB8wGgaizvbamT+w2K6ydeSGvvDZoNjBoFHpl3+dwbnpArcEXEDy4U7OblA40nxGUAgMq2fKDxhNT825KmR2VwaeDyuTc8ETUfGC0KPHLBpLtCA7jekKaF/9va2/KB0BwAUIFae5vOSNPC9yW9MTJHIl8fOR8YLQo88iGxLJxUp5r5P7f1tXyZ3WkA4MAtHWh8fVtfy5fN7BYFrrz/L1cmrjXAq7LoAMBorNiwaEopGfq5pKnRWUYMynRN+v/bu7/fuus6juPvz+m2LhtsCMgPhQsTEcbWDcmuFJXBLhQQleSwMSTGxBCdIOtExo8Qe6G46Ww7CRhREwLbuq1GIgPCDYIRAprFhHVkA00wbhHE8aNjnXRtz8cLSCBBx351n57veTz+gme+zbfn1dPvj0aj/5878lNe+gFwcOqb6m0fOSd9ular1SPHNyJiaummt6U3h4b3nnbP/M37SpfABzHgaRqdA4vvi4hrSnf8D6+myH+MiJ050suRY3fpIA6gloZTbrwaY/FC93kbvbClWeVIy59ddFaeVDs7Ik6MRm4vncQBpDg5RT4tIs7MkT4TZd6wekA50n29HX1fK90BB2NS6QA4eHltRJqIA/6kHOnda+P9WTyx5Rw5UkRbROfA4p0px4M5Un/P3L4/lE7jg3VuvepzKXI9b4vLc1ucGfmdB1Q57ya8PMF/SG0Ra0s3wMGa2GcTvEd9U73tjFltOyPi9NItVFCO30eKFT0dG7aUTuH9OgcWz48cqyLFRaVbqKSXdm0fO9PlkDQLA56m0jmw+NaI+GHpDiorp5x/MqNj1i1dqatROoaIrtxVG9z2/MqIfGP4zGKcpEi3dnf0/ah0BxwsT6GhqUwZHrsrIvaU7qCyUk7ppsFtO353047Ljy8d0+pu2nH58YPbdjwYkb8XxjvjZ3Dy8OjdpSPgUBjwNJVV8/sHI8XPS3dQeZeNjEz/bdfjF7pPqJD6pnrbyOi0jRFxaekWKu+uVfP7B0tHwKEw4Gk6jZx6IsJjvhhneeGek0/tLl3Rqs44t603cnyhdAeVN9TWmLymdAQcKgOeprOmo+9fkcK1ioy7HOn6ZVsXGZHH2PKtSy6JHNeV7qAl3LF63v2vlI6AQ2XA05RmprEfRwrP8GbcpRSr6pvqbaU7WkVX7qrlNOZGdY6Fv808bqr/stGUDHiaUtfs/v2pUess3UErSB0fPae2uHRFq9iz7fklEem80h20gFq6vutj975VOgMOhwFP0+qeu/6RSKm/dAfVl1IsKd3QKnLKjjXHwqae2X2Plo6Aw2XA09TySPu1EfFi6Q6qLl3ssZLjb+lz9eMie1ET4+4fURv7VukIOBIGPE2t95P3vpEaeUlEjJRuodLaR0anX1g6ouqmRttFEdFeuoNKG2nU4sqe2f2vlQ6BI2HA0/S65218JiLfVrqDakuNfG7phqrLY44x4y3dsmb2hj+VroAjZcBTCT1zNq6OiF+X7qC6GrV0SumGqssRp5ZuoNLW9szp89QZKsGApxpS5Jm7X/5mRDxUOoVqSjlPK91QeSm5fIbx8tDM3S9/PVLk0iFwNBjwVEbXgidGh4aHFkXE06VbqJ4Usbd0Q9XVIoZKN1BJTw8NDy3qWvDEaOkQOFoMeCrlnvmb97Xn2qVhxHP07SwdUHU58q7SDVTO01Ebu+ye+Zv3lQ6Bo8mAp3JWzl3/+tDw0MJwOQ1HUSNia+mGqkspO8YcTQ8NDQ8t9MQZqsiAp5Lumb95367tY1+OHL8s3UIV5Df2Dc94qnRF1e1964QnI+L10h00vxzpvqHhGVf45p2qSqUDYFzlSMu2Lf5uirgjIiaXzqE5pUjrujv6vlq6oxUsH7hqbY58dekOmtZIRLqlZ05ftxtWqTLfwFNtKXJvx4bVqZE/Gyn+XjqH5tSI/KvSDa3CseYIvBi12gU9HX0/Nd6pOgOeltA9b+Mz7Y3a+ZHjN6VbaDoP93ZseKJ0RKt4+1jnR0p30HQ25dGp5/fMXv/n0iFwLEwqHQDHysq561+PiPryrUsuyamxJiI+XrqJCW//WCPfXDqi5eRJN0caWxgRU0qnMOH9NWrpOz2z+x4tHQLHkm/gaTndc9c/Mjp1cE6kuD0i3ODEgSz92byN20pHtJqeuesGImJp6Q4mtKGIuG106mCH8U4rchMrLe2GgatOraVYFjkvjYgZpXuYOHLOvb1zN3aW7mhly7Yu6kkpLSvdwYQymCPuntSY3Lt63v2vlI6BUgx4iIgVW+oz97e3fTsirouI00v3UFTOOb7f27HhB26EKyxH6hxYdHuk1BU+r1rdSynSnZOHR+9eNb9/sHQMlOYXIrxHfVO97YxZtYtz1K5OEV+JyMeXbuKY2h0R1/Z0bHigdAjvWjaw6IoU6RcRcXLpFo6l9GaOeCBFY92u7Y3H+q/sHytdBBOFAQ//x7VbvjhtWvu0z6eUFkQjFkSKc8M5U1X7IqJ3dGrbqjvPWrendAzvt2JLfeZwe9uKFHFDREwrL48o8gAAAqpJREFU3cO4yDniuVrkx3Okx+PNsUd7PtX/n9JRMBEZI3CQbnz2mlNGa/svqEXMakTtEynnsyPFWRFxYuk2DstrkdJjKceDU3J6+J2nFDHBdT5XPzE1Jl2Sc/5SpLg4Ij5UuonD8lpEvJAjvZAiPx8R20dHxp688/z+f5cOg2ZgwMORypFuHlhywv7UOC7lND0iTS+dxIHkof2jo68aCtVw/V/qH54yadJJzruJLg/llIem5NrelR3r33B/CQAAAAAAAAAAAAAAAAAAAAAAAAAAAAAAAAAAAAAAAAAAAAAAAAAAAAAAAAAAAAAAAAAAAAAAAAAAAAAAAAAAAAAAAAAAAAAAAAAAAAAAAAAAAAAAAAAAAAAAAAAAAAAAAAAAAAAAAAAAAAAAAAAAAAAAAAAAAAAAAAAAAAAAAAAAAAAAAAAAAAAAAAAAAAAAAAAAAAAAAAAAAAAAAAAAAAAAAAAAAAAAAAAAAAAAAAAAAAAAAAAAAAAAAAAAAAAAAAAAAAAAAAAAAAAAAAAAAAAAAAAAAAAAAAAAAAAAAAAAAAAAAAAAAAAAAAAAAAAAAAAAAAAAAAAAAAAAAAAAAAAAAAAAAAAAAAAAAAAAAAAAAAAAAAAAAAAAAAAAAAAAAAAAAAAAAAAAAAAAAAAAAAAAAAAAAAAAAAAAAAAAAAAAAAAAAAAAAAAAAAAAAAAAAAAAAAAAAAAAAAAAAAAAAAAAAAAAAAAAAAAAAAAAAAAAAAAAAAAAAAAAAAAAAAAAAAAAAAAAAAAAAAAAAAAAAAAAAAAAAAAAAAAAAAAAAAAAAAAAAAAAAAAAAAAAAAAAAAAAAAAAAAAAAAAAAAAAAAAAAAAAAAAAAAAAAAAAAAAAAAAAAAAAAAAAAAAAAAAAAAAAAAAAAAAAAAAT1X8BeptAS8qu174AAAAASUVORK5CYII=',1,'active','2025-09-25','2025-09-24 02:53:46','2025-09-24 02:53:46');
INSERT INTO tools VALUES('21c517e3-c889-4ff1-9bc9-6d3cec15ac2a','TikTok Pixel 激活调试工具','手动填写参数并一键触发 TikTok Pixel 事件，用于调试和测试','0c97efe7-d1d4-471d-a04d-965c41e09e22','https://www.tiktok.com/favicon.ico',1,'active','2025-09-25','2025-09-24 06:15:11','2025-09-24 06:15:11');
INSERT INTO tools VALUES('caafd2b0-6e2a-4374-b687-f00ae6aa8968','日期时间转换器','Convert date and time into the various different formats','0c97efe7-d1d4-471d-a04d-965c41e09e22','data:image/png;base64,iVBORw0KGgoAAAANSUhEUgAAAvAAAALwCAYAAADxpkF6AAAABmJLR0QA/wD/AP+gvaeTAAAgAElEQVR4nO3dfZSddWEn8O/vThIgIIJoFawI1YpvtFtd6wtoA3mBCFSrm+guGDIBjKsWbU/Vsy/W1Opu221rS7UtSjLhxVZD69oioJkkxCpaV+2u9a3IWkBpFRWDQHjJzNzf/hHa47YCmeS597nPzOdzjkePJ/P9fc/JzL3fPPPcexMAAAAAAAAAAAAAAAAAAAAAAAAAAAAAAAAAAAAAAAAAAAAAAAAAAAAAAAAAAAAAAAAAAAAAAAAAAAAAAAAAAAAAAAAAAAAAAAAAAAAAAAAAAAAAAAAAAAAAAAAAAAAAAAAAAAAAAAAAAAAAAAAAAAAAAAAAAAAAAAAAAAAAAAAAAAAAAAAAAAAAAAAAAAAAAAAAAAAAAAAAAAAAAAAAAAAAAAAAAAAAAAAAAAAAAAAAAAAAAAAAAAAAAAAAAAAAAAAAAAAAAAAAAAAAAAAAAAAAAAAAAAAAAAAAAAAAAAAAAAAAAAAAAAAAAAAAAAAAAAAAAAAAAAAAAAAAAAAAAAAAAAAAAAAAAAAAAAAAAAAAAAAAAAAAAAAAAAAAAAAAAAAAAAAAAAAAAAAAAAAAAAAAAAAAAAAAAAAAAAAAAAAAAAAAAAAAAAAAAAAAAAAAAAAAAAAAAAAAAAAAAAAAAAAAAAAAAAAAAAAAAAAAAAAAAAAAAAAAAAAAAAAAAAAAAAAAAAAAAAAAAAAAAAAAAAAAAAAAAAAAAAAAAAAAAAAAAAAAAAAAAAAAAAAAAAAAAAAAAAAAAAAAAAAAAAAAAAAAAAAAAAAAAAAAAAAAAAAAAAAAAAAAAAAAAAAAAAAAAAAAAAAAAAAAAAAAAAAAAAAAAAAAAAAAAAAAAAAAAAAAAAAAAAAAAAAAAAAAAAAAAAAAAAAAAAAAAAAAAAAAAAAAAAAAAAAAAAAAAAAAAAAAAAAAAAAAAAAAAAAAAAAAAAAAAAAAAAAAAAAAAAAAAAAAAAAAAAAAAAAAoEkrLju07QqMON8jwBxR2i4AsF9O3fSC9HrnJHVFkickWZSUu5P65aRclbGxTfnYq77Vdk1atHzjMalj40k9KynPSOphSfYk+WZStqbfvyI71n2q7ZoAs2XAA91y6qWPT6/+cVLPfJg/uTul/FaOWPzOXLl6ZijdGA2rtoxl1+7/muTNSRY/5J+tuSq9/msyed4/DqUbQAMMeKA7Tt30rPTKVUmOmcVXXZND9qzKVevvGVQtRsiKyw5Nnb4ytaycxVf9Y9I7M9vO/d8D6wXQoF7bBQD2yfKNx6RX/jKzG+9J8uLcu+jypLpgMefVkv7MxlmO9yQ5JulfkxWbnjCQWgANM+CBbqhjlyZ5/H5+9cuybPN4k3UYQcs2n5/kFfv51Y9Lv1zSZB2AQXFFChh9SyeWp2TrAab8Q6bz5Owcv6+RToyWJRMHZ0G+ntn/hub/V8qyTK7d3kwpgMFwBR4YfSXnNpDy+IzVZQ3kMIoWlhU50PGeJLU28b0GMFAGPNAFpzcTUxrKYeTUelozQbO+fx5g6Ax4YLStvOLwJEc1klVyfCM5jJ5SG/q7rY/OSRsf0UwWwGAY8MBom9rz6ObCyo81l8VIqaW575ODxnyfACPNgAdG21i/wcep6jFv7mru73bM9wkw2jxIAQBAhxjwAADQIQY8AAB0iAEPAAAdYsADAECHGPAAANAhBjwAAHSIAQ8AAB1iwAMAQIcY8AAA0CEGPAAAdIgBDwAAHWLAAwBAhxjwAADQIQY8AAB0iAEPAAAdYsADAECHGPAAANAhBjwAAHSIAQ8AAB1S2i4AzEGrtozl+z94dDJ2VFKOSqkHJb2DUuriWWfVPC7JRQ01uyklb2koi1FS8xtJfqKZrPKG9Oq39uPr7kn696fX25Op3J5ab89de27P59dPNdIL4AEGPLD/Tp84Lv2cmH75qaSekJTjk3p8kmPi8QX+ybdSclNqbk5yY1K+mLHpL+T5t/59Nmzot10O6B5PsMC+WbJhQRYe99zU+sKknJTU5yc5qu1a0GF3peSvU/OppH4y0+WT2Tl+X9ulgNFnwAMP7oz3H5n77v/5lHJGkuVJjmi7Esxh9yTZmdRrMz3z4ey84Na2CwGjyYAH/n/P33JIDrv75am9VyR1RZJFbVeCeaiflE8l/Q+mjv1ptp97e9uFgNFhwAN7LZs4MSmvTuo5caUdRsn9SflQev1LsnX8uqTUtgsB7TLgYb5btvHkZOwtST0jHhNg1H0tJX+Yuw99bz69+t62ywDt8GQN81ItWTrx8pTe25L6zLbbALP2rZT8ZqZysRe+wvxjwMN8c+qlK9ObeWdSfqbtKsABKuXW9PvvyMw3Nmbnhum26wDDYcDDfHHKxhMy1vudJGe0XQVo3A0p+eVMjl/TdhFg8Ax4mOvOunhx7lv066nlwqQuaLsOMFAfTr/3+uw49x/aLgIMjgEPc9mKzS9Kv74vyVPargIMzZ0p+dWcdMsf+KRXmJsMeJiLlkwcnIX1N1PLL8bPOcxPNTtSe2tcjYe5xxM7zDVLL/2p9Pp/kppntF0FaN3tqTk/28c/3HYRoDkGPMwlSzefnVLfm2Rx21WAUVLfm11Tr8/n10+13QQ4cAY8zAWrtizKrt3vSvLatqsAo6pel96CV2brmu+03QQ4MAY8dN1JGx+RQ3pbkpzedhVg5N2UjJ2RbWu+2nYRYP8Z8NBlp17yxIyNXe1+d2AWdqXUX8jkuo+3XQTYP722CwD76ZSNJ2RswSeNd2CWjkwtW7P80l9ouwiwf1yBhy5aeulPpfS3Jnls21Uewu4kt+z97/KDpN6593/Xe2eVUsrhqXllM5XK95L+h5rJYrT0XpbURzcSVfKB1HrnLL/okCSHJuXwpD5y7//OcRntF5RPpdZXZfu6D7ZdBJgdAx66ZtnEiUmuS3JU21V+yN+l5OOp9Uup5YaUsRuy7VXfTEo94OTTLnlyZsZubKBjkvxNto0/u6EsRsmyic8laebvdmzmJ/Ox8//vgQfVklM3Hpsy9pSUekKSE5PyoiRPPfDsxsyk5pxsH/9A20WAfedj1aFLTtl4QpLJtD/ev5PkI6llR3oz12XyvH/8139kzdBLwWgpNTtyS/b+Jmryn//v5RuPScqpqb1Tk3pmkse01TDJWEouy/LN92Ry7V+22AOYBQMeumLFpiek9ral1rZum7k/pVyVUi/L7Xs+6v2kYT/t/QfvFUmuyLMvXpijFp2efs5NcmaSg1potDC1bsmKTS/O1nU7WjgfmCUDHrpg5RWHZ2rq6qT+eAunfzMlv5NFiy7L1WfvauF8mLv2/kP4qiRX5Yz3H5k9e9Yk5VdSh/6zflD65c9zyuaTc93aLw/5bGCWvAsNjLpnX7ww01N/luTEIZ/89ZR6QY489MmZHP994x0G7Oqzd2Vy/PdzxOInJWV9kr8fcoMjMlavzpKJxw35XGCWDHgYdUcu+q3ULB/iibelZDzTtzw1k+suyZWr9wzxbODK1Xuybe17M33LCUnOy97XnAzLE7OgXJlnX7xwiGcCs2TAwyhbOvHKJG8c0mn9JJen9p6RyfHN2blhekjnAj/Kzg3T2Ta+KdM5IaVelGRmOAfXk3Pkot8ZzlnA/jDgYVQtu+xpKblkSKf9TUr/udk2vibbz719SGcC+2Ln+B2ZXPeG1Dw/yf8Z0qm/mKWbXjGks4BZMuBhFK286KBk+v3Z+2EwA1bfm4V3vSCT531u8GcB+237+Gez8K7nPXA1/sA/Y+HhlHJxTp84buDnALNmwMMomjr8HUn5mQGfckdK72XZtm59rr3w/gGfBTTh2gvvz+S6NyRlVZIfDPi0R2a6XJ5VW8YGfA4wSwY8jJrlm09K6i8P9pDypSzIz2Ty3P852HOAgdi29s+T+qwkXxnsQfXk3HHPsF6HA+wjAx5GycqLDkqt781gfzY/k1qW5KPjNw/wDGDQtq37+xy06OSkfHKg59T69py6+UkDPQOYFQMeRsn0I/5LkqcP7oDykew+9BQvVIWH0B8rbVfYZ1efvSuH3H9akqsHeMri9PLHA8wHZsmAh1Gx4rLjU/OmAZ7wJ5m++Rfy6dX3DvAMYNiuWn9Ppm95aVL+dHCH1GVZtvnlg8sHZsOAh1HRn/ntJAcPKP3q7Nqz1nu7wz7ozQz+HV6atnPDdHbdf26SawZ3SP3dnHXx4sHlA/vKgIdRsHTihUleNpDskk/lkD2r8/n1UwPJh7mmS7fQ/LDPr59Kb2x1kr8e0AnH5t5FFw4oG5gFAx5GQck7B5T75fRmzspV6+8ZSD4wWrau2Z3aOzOpXx3QCW/OkokjBpQN7CMDHtq2bNNpSV7YfHC5OyX/Lh87//vNZ8Mc1sVbaH7Y9nNvTykvSXLnANKPzFj9pQHkArNgwEPbSvnVgeTWekG2jv/dQLJhLuvqLTQ/bHL8xtTy2oFkl/JGV+GhXQY8tGn55pNS84IBJP9xto9/YAC5MPd1/Qr8P9m+9v2p5ZIBJB+eBXnNAHKBfWTAQ5vqAH4VXfLlTMevuGF/zYUr8P/knsUXZjCf1nphVl500ABygX1gwENbTr3kiUle2nBqTT//MTvH72s4F+iiT6++N6W+NknTv1U4OlOHv6LhTGAfGfDQlrGx85KMNZpZc2m2j3+i0cy2TS/c1VxY8YLeueuOxpJ6M3Prk4on1308yRXNB9dXN58J7AsDHtqwZMOC1KxrOHVXxsbe0nBm+7av+X6SZj49ttR/aCSHEdTY3+29+dh5Df6jcUTU6TelyX/k7HVSVlzyzIYzgX1gwEMbFj5xRZLHN5z6tmxd852GM0dAqUn+qqGwnQ3lMHp2NpTz8Qe+5+aW7RfcluTXGs+tY+ONZwIPy4CHNtTa9L2j38p03tdw5ijZ0kDGvZna85EGchhF01NXpZHf1NQmvtdG0+5DL07y7UYza16RDRtsCRgyP3QwbCsvOigpL2k0s5TfmdMvXN215/IkNx5QRs27snP995opxMjZuf57KfUPDjDla9k1NYB7xUfEp1ffm1re1XDq43P9sQP4IDrgoRjwMGx7Dlue5JHNBZbvpfT+uLm8EfT59VNJXp1kar++vuTLua//G412YvQsWPTO7P9bJk6l5vwHvtfmrpndf5ik2Rfp9suqRvOAh2XAw7CV3oubzcsfZOua3Y1mjqJt4zuTuj7JzCy/8puZKS/J9efdNYBWjJJrz7kz/fLzKeXW2X1hmU7Jq+fcOzj9KDtfd3eSA/1Nxb90RsN5wMMw4GHo6ukNhvVT+hMN5o22besmUsqLk9y2j1+xM3X6Odmx9uuDrMUI2bH265mqz0ny8X38im+n1hdncnzzAFuNlv7M5iT9xvJKjsvSTU9vLA94WAY8DNPSS5+S5PgGE6/L1nXfbDBv9E2u3Zrpe56cml9N8rV//QfKdGp2pPRelm3jpzzw7hvMJzvHv51t40uSvDyp1yVl+kf8qa8l9a2Zvucns318csgN27Xj/FuSuq//wNlHpckLE8DDWNB2AZhXSv/khgMvazavI/beBvDrSX49p08cl345Nv3+kenl2+nv+btsX/+DtisyAraNfyjJh7Jk4ogsqiekn8el19uVXv1GPjp+c9v1WnZ5klMaSyv155L8bmN5wEMy4GG4Tmowa3emd3+owbxu2jvEbm65BaNs5/gdST7Tdo2Rcm/9sxxS3p1kcTOB5aSkljn5HvowgtxCA8P1gsaSanY8cCUaYHb2vqj7ugYTj8opl7oPHobEgIdhWXHZoUme0lheyY7GsoD5p5QmB3wylmc3mgc8KAMehqU/c2Ka/JmrPQMe2H+1NPsYUupPN5oHPCgDHoal1Gc2mPbdbF/zxQbzgPnm5Ju+kJTmPp24n3/TWBbwkAx4GJZamrt9ptZPerEYcEA2bOgn9ZON5ZU8rbEs4CEZ8DAspTT3/u+l9+XGsoD5q+YrDaY97oHX+gADZsDDsNTa4IDv39BYFjB/ldLkY0lJ9jT5QXXAgzDgYXh+vLGkfqNPusB81Wv4YsBM77hG84AfyYCHoaglKUc1FrdooQEPHLg9TV8M6D222TzgRzHgYRiWbH5kUpv65OMf5Npz7mwoC5jP9n5KbYOPJ/0fay4LeDAGPAzDgvqoxrJKuauxLICkuceU0ntMY1nAgzLgYRhmeoc0llX7BjzQpLubi+p7FxoYAgMehmGsLGosyxV4oFkN3kJTDHgYAgMehqE309yArw3+uhug0QEfAx6GwICHYZjOWGNZpe5pLAug0ceU0tSL9YGHYMADAECHGPAAANAhBjwAAHSIAQ8AAB1iwAMAQIcY8AAA0CEGPAAAdIgBDwAAHWLAAwBAhxjwAADQIQY8AAB0iAEPAAAdYsADAECHGPAAANAhBjwAAHSIAQ8AAB1iwAMAQIcY8AAA0CEGPAAAdIgBDwAAHWLAAwBAhxjwAADQIQvaLgDMUi1HZ/nEqrZrAHNEzdFtVwBmx4CH7vk3qdnSdgkAoB1uoQEAgA4x4AEAoEMMeAAA6BADHgAAOsSABwCADjHgAQCgQwx4AADoEAMeAAA6xIAHAIAOMeABAKBDDHgAAOgQAx4AADrEgAcAgA4x4AEAoEMMeAAA6BADHgAAOsSABwCADlnQdgFg1r6Z1GvbLgHMEbUcnZKz2q4B7DsDHrqm1C9lct36tmsAc8SKzS9Kvxrw0CFuoQEAgA4x4AEAoEMMeAAA6BADHgAAOsSABwCADjHgAQCgQwx4AADoEAMeAAA6xIAHAIAOMeABAKBDDHgAAOgQAx4AADrEgAcAgA4x4AEAoEMMeAAA6BADHgAAOsSABwCADjHgAQCgQwx4AADoEAMeAAA6xIAHAIAOMeABAKBDDHgAAOgQAx4AADrEgAcAgA4x4AEAoEMMeAAA6BADHgAAOsSABwCADjHgAQCgQwx4AADoEAMeAAA6xIAHAIAOMeABAKBDDHgAAOgQAx4AADrEgAcAgA4x4AEAoEMMeAAA6BADHgAAOsSABwCADjHgAQCgQwx4AADoEAMeAAA6xIAHAIAOMeABAKBDDHgAAOgQAx4AADrEgAcAgA5Z0HYBgFas3PSYTOXMlPLc9HNMSjmk7Ursg1Jr+uW29OpNmel9JDvWfDYpte1aAMNkwAPzy8pNj8me8rZM5dVJFqYmKUliA3ZCzd69XpP0+m/Nss1fTP/St2THude2XQ1gWNxCA8wfp2386UyVz6XkdUkWtl2HRpyYXv+aLN/0+1m1ZaztMgDD4Ao8MD+suOSZmel9Iskj2q7CANRyYXbtXpDkdW1XARg0V+CBue+sixenP/YXMd7nutdm2eY1bZcAGDQDHpj77lv0xiQ/0XYNhqH+RlZcdmjbLQAGyYAH5rYNG3qpeX3bNRiao9OfXt12CYBBMuCBue1Txz4nydFt12CYys+33QBgkAx4YG6rObHtCgxbeWbbDQAGyYAH5rbae2zbFRi26jcuwJxmwANzW6l3t12Bobur7QIAg2TAA3Nc7xttN2DISvydA3OaAQ/MbVP965JMtV2DIapla9sVAAbJgAfmtp3jd6Tmo23XYGj66U1/sO0SAINkwAPzQO+/Jum33YKheH+2nv+ltksADJIBD8x928/92yRvb7sGA3dLemO/0nYJgEEz4IH5Ydvat6fk4rZrMDD/kN7Mmdm65jttFwEYNAMemCdKzeT4a1LK65Pc2XYbGlQymdL/WbfOAPOFAQ/ML5Nr35OF9clJeUeSr7Rdh/12V5Irk3p6JsdXZPK8f2y7EMCwLGi7AMDQXbvuu0nemuStWfKew7LgEU9Ir7+47Vrsg37pp0zflpO++e1s2OCFycC8ZMAD89vO192d5Ktt12CWJtsuANAet9AAAECHGPAAANAhBjwAAHSIAQ8AAB1iwAMAQIcY8AAA0CEGPAAAdIgBDwAAHWLAAwBAhxjwAADQIQY8AAB0iAEPAAAdYsADAECHGPAAANAhBjwAAHSIAQ8AAB1iwAMAQIcY8AAA0CEGPAAAdIgBDwAAHWLAAwBAhxjwAADQIQY8AAB0iAEPAAAdYsADAECHGPAAANAhBjwAAHSIAQ8AAB1iwAMAQIcY8AAA0CEGPAAAdIgBDwAAHbKg7QIA/8rKTY/JVHlcemVR21WYx/p1T6b3fCs713+v7SoAP8yAB0bD8o3HpPbemORlmcqTkiT92m4nWLAoWTZxQ0q2ZNGid+Xqs3e1XQnALTRA+5Zt+pXU3o1J3pQ8MN5hdJyQmrfm/j03Ztnml7ddBsCAB9qzYUMvSycmkvI/kixuuw48jKOSuiXLNr+67SLA/GbAA+355LFvT8natmvALPSS+u4s33xS20WA+cuAB9px2safTsp/arsG7IeFSb04GzZ4DgVa4cEHaMdM77/FYxBdVfOMXH/cmW3XAOYnT57A8J12yaOSsqLtGnBAal7adgVgfjLggeGbGVuSVG9jS8fVF7XdAJifDHigDce2XQAa8Pi2CwDzkwEPDF+th7RdARqwKKu2jLVdAph/DHhg+Eq5re0K0IDbcuXqmbZLAPOPAQ8MX+n/bdsVoAFfbLsAMD8Z8MDwTa77fEq5te0acEBq/qLtCsD8ZMADLSg1ye+13QIOwHezaOEVbZcA5icDHmjHVH1PkhvargH7pdT/nGvPubPtGsD8ZMAD7dg5fl9m+i9JckfbVWCW3pfJdZe0XQKYvwx4oD3XnXdDejMvTHJT21Vg39T3ZvqW17bdApjfDHigXVvP/1Km86wk/yPJfW3XgR+p5gsp5bRsW7c+OzdMt10HmN98lDnQvp3jdyR5c5Zd/M7URSuTPC+98vjUHNF2NearOp2ab6eU/5t+/9rsGP/fD7z4GqB1BjwwOrat/0GSDzzwHxgh69ouAPDP3EIDAAAdYsADAECHGPAAANAhBjwAAHSIAQ8AAB1iwAMAQIcY8NA1tZS2KwAA7THgYSjGmvzkxoMbzALmu5n+4Y1l1f5UY1nAgzLgYRjG+nsaTHtEg1nAfFd6j2osq1fubywLeFAGPAxDvxrwwIiqzQ34xICHITDgYRjKgrsbTDPggSYd0VhSLfc0lgU8KAMehqGX2xtMe2SDWcB8V/PoxrJK/V5jWcCDMuBhGLau2Z3k3obSFmfJxOMaygLmu1JOaCyrXwx4GAIDHobnu40lLchTG8sC5rn6jMaiev3mHueAB2XAw9CUbzQWVWtzV8yA+euM9x+Z5OjG8mZyS2NZwIMy4GFo6k2NRZWeAQ8cuPv2PLPRvIULm3ucAx6UAQ/DUhsc8LX+dGNZwPzVy7MaTLs3Hzvn2w3mAQ/CgIehKV9tLiovyJIJn8gKHJia5Q2mfTUptcE84EEY8DA09W8bDDs4C/K8BvOA+WbVlkVJ+bnG8mqafIwDHoIBD8PyqMNuSHNvJZnUekpjWcD88/17T0rqYQ0mfrHBLOAhGPAwLFeunknyhcbyemVZY1nA/NOrTd4+k5T8TaN5wIMy4GGYSj7VWFbN87Ji0xMaywPmkVpS6+oGA6dyyJ7/1WAe8BAMeBimmusbTOulX85uMA+YL5Zt/rkkT2ousH4uV62/p7k84KEY8DBMC+snkvSbC6xrmssC5o863mxe+atm84CHYsDDMF277rtJPt9cYHlalk48p7k8YM5b8p7Dkt7LGs0s9dpG84CHZMDDsNWGn+hK+Y+N5gFz29ih6xp+95k78/2p5l7fAzwsAx6Grnyk2bx6Tk695InNZgJz0pKJg1PqmxvNLGVrPr9+qtFM4CEZ8DBs28c/m+TrDSYuTBl7U4N5wFy1oJ6f5PGNZvb7H2w0D3hYBjy0488aTSs5P8s3HtNoJjC37P3k1V9pOHV3xha4/x2GzICHNpR8oOHEg1J7/6XhTGAu2XX365I0fbvdh7N1ze6GM4GHYcBDGybH/08afTeaJMlrcuqlP9twJjAXnHb50Ul5W+O5tbex8UzgYRnw0JZa39dwYi+9+p6s2jLWcC7QdTPT707yyIZT/z7b1+xsOBPYBwY8tOW++idJ7mw2tP7b3LH7gmYzgU5btvmMJM2+73uS1HJxUmrjucDDMuChLdefd1dKLmk8t+a/5/SJ4xrPBbpn6aVHJfWPBpB8Vw5e2PRvEYF9ZMBDm6am35Wk6fdPPiLT2bL3HSeA+auWlP7GJE9oPrtckqvP3tV8LrAvDHho084Lbk0tg3gP5edk1z2/MYBcoCuWbX5LkpcMIHlP0vu9AeQC+8iAh7b16tuTMt18cH1jlm0axJM3MOpWbH5RUn59MOFlY7at+cZgsoF9YcBD2ybHb0zqZQNILkn5kyy99PkDyAZG1fKJn0y/XpnUBQNIvy/TU/9tALnALBjwMBLGfi3JvQMIXpzS/4ssvfQpA8gGRs2yy45NzfYkPzaYA8q7s/OCWweTDewrAx5GwbY130jJbw8o/THp1e1ZsWkAL2QDRsaSix+dTH80A3nRapLkO8n97xhQNjALBjyMijL2myllMFe2av3x9MtHs+R9Pz6QfKBdS9/32CxY9LGkPG1gZ9Tyn7Nt/Q8Glg/sMwMeRsXWNbvT7//SAE94ehYsuD7LLhvcEzwwfKduflLKguuTPGtwh9RP54U3TwwuH5iN0nYB4F9YuulDKeUXBnjCrpRyVibXXj/AM4BhWLH52enXq5M8doCn7MlMeVauW/vlAZ4BzIIr8DBqevX1Se4Y4AlHptaPZfmmfz/AM4BBWz6xKv16XQY73pPkvxvvMFpcgYdRtHTTv0spVw7hpMtzyJ7X5Kr19wzhLKAJKy86KNOH/VZquXDwh5XP5cjFJ+XK1XsGfxawrwx4GFXLJi5L8qohnPSVzJTVrrBBB5w+cVym84Ekzx3CabtTe8/K9nO/NoSzgFkw4GFUrbzi8ExNfTbJMN7DfXeSd+TIQ3/XlTYYQc++eGEeteiXU/PWJIcO5cxSX5XJdVcM5SxgVgx4GGUrJp6afj6T5PAhnXhjSnl9JtduHdJ5wMNZsflFqYSnJuwAAAbDSURBVPUPU/OM4R1a3p1ta39xeOcBs2HAw6hbuukVKeVPM9yf1w+m1rdn+7qvDPFM4Ict3fT0lPKrSVZnmD//JZ/KEYee4rdxMLoMeOiCZRMbkrxtyKf2k3LN3iE//tkhnw3z17KJE5O8Kcl/SDI21LNrbk6mn5ftF9w21HOBWTHgoRNqybKJzUlZ08bhSa5NzfvyqEOvcVUOBmDVlkXZdffKpFyQ5MVp5/l5VzJ2Urat+WoLZwOzYMBDV6zasii7dv9lktNabHF7Uv40/XJ5dpz7v1rsAXPDik3PzUx5VUpemeSoFpvck5rTs338Ey12APaRAQ9d8vwth+TQ3dckWdJ2lSS3JfmrpGzLgro1Hx2/ue1CMPJOu/zo9KdPTq3LknJ6kmPbrpRkT1Jelm1rr267CLBvDHjompM2PiKH9LYmeV7bVf6Fm1LzpZRyQ0r/hvTLDRmrN2fhQXfn6rN3tV0OhuaM9x+ZqfsPS3rHp19PSMpTkjw1qc9Icnzb9f6FqSSvzLbxD7VdBNh3Bjx00d4R/5cZjSvx+6jcndS7k/jUV+aixUk5LKmHtV1kFu5Lrauyfd1H2i4CzI4BD131/C2H5LC7/zy1rGy7CtA5d6VXX5qt63a0XQSYvV7bBYD99OnV9+aIw85Kyh+1XQXolG+lV04x3qG7XIGHuWDppv+UUt4ZP9PAQ/vbTE+fkZ0X3Np2EWD/ebKHuWLZ5jOSenmSI9uuAoygkg+kjJ2frWt2t10FODAGPMwlyyd+MjV/nuTEtqsAI2MqqW/JtnXvarsI0Az3wMNcMjl+Y6bzsyn1ouz9BFVgPqu5OaWcYrzD3OIKPMxVSzedmVIuSfLYtqsAbSgTuXfmDbn+vLvabgI0y4CHuWzJxBFZUH8zKRfEzzvMDzU3p9TXZNu6j7VdBRgMT+gwHyzbtCzJRUl5WttVgIHZk+T30xv7NS9UhbnNgIf5YsmGBVlw3Lok70zqo9uuAzSpbEvtvyHb132l7SbA4BnwMN+cdsmjMjN2YZJfSnJ423WAA1E/ndJ7aybXbm+7CTA8BjzMVysu+7HMTL85pVwQQx665hNJfaf73GF+MuBhvlt28SOTRa9O8otJntB2HeDBlOmUfDil/9vZuu4zbbcB2mPAA3tt2NDLJ489NSmvTvLSJAvbrgQkKeXW1Pr+9Gf+KDvOv6XtOkD7DHjgX1t66VEp9Ywkq5K6MslY25Vgnrk9yTVJvSwnf2NHNmzot10IGB0GPPDQTrv86MxMr0xyepLlSY5ouRHMRf2k/E2Sj6bfvzZHHfaZXLl6pu1SwGgy4IF9t2rLWO6865mZKS9Mei9I6rOTPCmu0MNs7UryhSR/nVqvz8EHXZ+rz97VdimgGwx44MCcdfHi3Lfg6Ul5avrl+JRyfJInpNbHpFeOSq2PTnJw2zVhuMr3knp7Sm5PzbdT603p9W5Kv349M9Nfys4Lbm27IdBdBjwwHKu2LMo9U4e2XQMGpl9ncu05d7ZdAwAAAAAAAAAAAAAAAAAAAAAAAAAAAAAAAAAAAAAAAAAAAAAAAAAAAAAAAAAAAAAAAAAAAAAAAAAAAAAAAAAAAAAAAAAAAAAAAAAAAAAAAAAAAAAAAAAAAAAAAAAAAAAAAAAAAAAAAAAAAAAAAAAAAAAAAAAAAAAAAAAAAAAAAAAAAAAAAAAAAAAAAAAAAAAAAAAAAAAAAAAAAAAAAAAAAAAAAAAAAAAAAAAAAAAAAAAAAAAAAAAAAAAAAAAAAAAAAAAAAAAAAAAAAAAAAAAAAAAAAAAAAAAAAAAAAAAAAAAAAAAAAAAAAAAAAAAAAAAAAAAAAAAAAAAAAAAAAAAAAAAAAAAAAAAAAAAAAAAAAAAAAAAAAAAAAAAAAAAAAAAAAAAAAAAAAAAAAAAAAAAAAAAAAAAAAAAAAAAAAAAAAAAAAAAAAAAAAAAAAAAAAAAAAAAAAAAAAAAAAAAAAAAAAAAAAAAAAAAAAAAAAAAAAAAAAAAAAAAAAAAAAAAAAAAAAAAAAAAAAAAAAAAAAAAAAAAAAAAAAAAAAAAAAAAAAAAAAAAAAAAAAAAAAAAAAAAAAAAAAAAAAAAAAAAAAAAAAAAAAAAAAAAAAAAAAAAAAAAAAAAAAAAAAAAAAAAAAAAAAAAAAAAAAAAAAAAAAAAAAAAAAAAAAAAAAAAAAAAAAAAAAAAAAAAAAAAAAAAAAAAAAAAAAAAAAAAAAAAAAAAAAAAAAAAAAAAAAAAAAAAAAAAAAAAAAAAAAAAAAAAAAAAAAAAAAAAAAAAAAAAAAAAAAAAAAAAAAAAAAACG5/8BhNxhiO01ep8AAAAASUVORK5CYII=',1,'active','2025-09-25','2025-09-24 06:27:36','2025-09-24 06:27:36');
INSERT INTO tools VALUES('3f9d24ec-6a18-4efd-979b-df88328fcb7d','ROIBest-官网','ROIBest-官网','f1bec030-e38f-43b2-aea8-8cf01780abbc','https://www.roibest.com/favicon.ico',0,'active','2025-09-24','2025-09-24 06:46:44','2025-09-24 06:46:44');
INSERT INTO tools VALUES('78289acd-77a3-4bf4-af53-668631390c4b','ROIBest-投手端（子帐号）','ROIBest-投手端（子帐号）','f1bec030-e38f-43b2-aea8-8cf01780abbc','https://www.roibest.com/favicon.ico',0,'active','2025-09-24','2025-09-24 06:48:54','2025-09-24 06:48:54');
INSERT INTO tools VALUES('9838f4ea-e16a-4601-aa26-2500f1b949e7','ROIBest-代理后台','代理后台','f1bec030-e38f-43b2-aea8-8cf01780abbc','https://www.roibest.com/favicon.ico',0,'active','2025-09-24','2025-09-24 06:50:09','2025-09-24 06:50:09');
INSERT INTO tools VALUES('7cbc16ff-afa4-464f-8303-681037bf0f92','Apache Airflow','开源数据工作流调度平台','deployment','https://airflow.apache.org/favicons/favicon-32x32.png',0,'active','2025-09-25','2025-09-24 06:54:20','2025-09-24 06:54:20');
INSERT INTO tools VALUES('38331947-b0a3-46ca-b9ce-0037722b7a9a','Metadata',replace('OCI系统\n','\n',char(10)),'database','https://data-metadata.qiliangjia.org/favicon.png',0,'active','2025-09-24','2025-09-24 06:57:13','2025-09-24 06:57:13');
INSERT INTO tools VALUES('0a49daba-5e1b-4a90-bdc0-b83cf8bc9b7f','Conduktor',replace('OCI系统\n','\n',char(10)),'development','https://avatars.githubusercontent.com/u/60062294?s=200&v=4',0,'active','2025-09-25','2025-09-24 06:58:35','2025-09-24 06:58:35');
INSERT INTO tools VALUES('8608a9ff-5db4-4572-9104-e7cbeb8715ca','Kibana','Elasticsearch 的数据可视化和分析工具，用于查看日志和指标','monitoring','https://kibana.qiliangjia.org/ui/favicons/favicon.png',0,'active','2025-09-24','2025-09-24 07:00:37','2025-09-24 07:00:37');
INSERT INTO tools VALUES('0e76cdf0-e693-4d57-bdea-20316e572060','Grafana','开源的数据可视化和监控平台，用于创建仪表盘、监控指标和告警','monitoring','https://grafana.qiliangjia.org/public/img/fav32.png',0,'active','2025-09-24','2025-09-24 07:01:57','2025-09-24 07:01:57');
INSERT INTO tools VALUES('e1f49778-a9a7-45c9-aa1e-e847d8ed600e','JumpServer','开源堡垒机，用于统一管理和审计服务器、运维账户和操作行为，保证运维安全','deployment','https://jumpserver.qiliangjia.org/static/img/facio.ico',0,'active','2025-09-24','2025-09-24 07:03:21','2025-09-24 07:03:21');
INSERT INTO tools VALUES('6d1c9178-2798-4d0c-8f3f-ebc69e72e490','起量加-官网',replace('起量加-官网\n','\n',char(10)),'482a552d-b451-4f0a-a1d0-4d832a59958e','https://www.qiliangjia.net/favicon.ico',0,'active','2025-09-24','2025-09-24 07:04:48','2025-09-24 07:04:48');
INSERT INTO tools VALUES('b2d2bd1e-a9ec-4503-b0f6-3ff0b885a9e3','DeepClick-官网',replace('DeepClick-官网\n','\n',char(10)),'eeff1543-aaa9-42d8-bd60-8eb888b1f37a','https://www.deepclick.com/favicon.ico',0,'active','2025-09-24','2025-09-24 07:07:12','2025-09-24 07:07:12');
INSERT INTO tools VALUES('344ba45a-bd03-44aa-b588-abd920c8a843','DeepClick-DSP Admin',replace('DeepClick-DSP Admin\n','\n',char(10)),'eeff1543-aaa9-42d8-bd60-8eb888b1f37a','https://deepclick.com/favicon.ico',0,'active','2025-09-24','2025-09-24 07:08:16','2025-09-24 07:08:16');
INSERT INTO tools VALUES('33b6f7b6-c0b7-45d8-9f1b-e448465bcabe','DeepClick-Admin','DeepClick-Admin 内部使用后台','eeff1543-aaa9-42d8-bd60-8eb888b1f37a','https://deepclick.com/favicon.ico',0,'active','2025-09-24','2025-09-24 07:09:22','2025-09-24 07:09:22');
INSERT INTO tools VALUES('dd7e734b-7dc4-4110-8515-e8ed9af64ad0','DeepClick-文档',replace('DeepClick-各种接入文档\n','\n',char(10)),'eeff1543-aaa9-42d8-bd60-8eb888b1f37a','https://docs.deepclick.com/favicon.svg',0,'active','2025-09-24','2025-09-24 07:14:42','2025-09-24 07:14:42');
INSERT INTO tools VALUES('cf0a879d-d58a-4ca0-add5-877f6da85bfd','ShortYes-官网',replace('ShortYes-官网\n','\n',char(10)),'482a552d-b451-4f0a-a1d0-4d832a59958e','https://shortyes.com/favicon.ico',0,'active','2025-09-24','2025-09-24 07:15:32','2025-09-24 07:15:32');
INSERT INTO tools VALUES('a3a45a31-d445-4936-b07a-3e9066cb6230','ShortYes-H5',replace('ShortYes-H5\n','\n',char(10)),'482a552d-b451-4f0a-a1d0-4d832a59958e','https://shortyes.com/favicon.ico',0,'active','2025-09-24','2025-09-24 07:17:52','2025-09-24 07:17:52');
INSERT INTO tools VALUES('819bbad4-8ad4-46df-b9f2-f1fda4547250','ShortYes-Mis',replace('ShortYes-Mis\n','\n',char(10)),'482a552d-b451-4f0a-a1d0-4d832a59958e','https://mis.shortyes.com/favicon.ico',0,'active','2025-09-24','2025-09-24 07:19:52','2025-09-24 07:19:52');
INSERT INTO tools VALUES('62c557c1-a867-4610-813e-4de6a2641f88','满天星-CDC Mis','满天星-CDC Mis','communication','https://cdc-stg.qiliangjia.one/favicon.ico',0,'active','2025-09-24','2025-09-24 07:21:46','2025-09-24 07:21:46');
INSERT INTO tools VALUES('7b31f765-e78d-4e30-b990-edf1b0d7f324','Amazon AWS','亚马逊提供的云计算服务平台，涵盖计算、存储、数据库、网络、监控、安全等众多云服务','deployment','https://a0.awsstatic.com/libra-css/images/site/fav/favicon.ico',0,'active','2025-09-24','2025-09-24 07:23:19','2025-09-24 07:23:19');
INSERT INTO tools VALUES('34c70f93-b9ad-4453-bb24-1103451b728e','风火轮-Admin',replace('风火轮-Admin\n','\n',char(10)),'communication','https://admin.ooofooo.com/favicon.ico',0,'deprecated','2025-09-24','2025-09-24 07:25:12','2025-09-24 07:25:12');
INSERT INTO tools VALUES('f5ccc095-1835-4740-850e-b2b07199ed2a','风火轮-Admin',replace('风火轮-Admin\n','\n',char(10)),'communication','https://admin.ooofooo.com/favicon.ico',0,'deprecated','2025-09-24','2025-09-24 07:26:55','2025-09-24 07:26:55');
INSERT INTO tools VALUES('d91ed5ea-00ff-48ba-b826-c2093c78cf08','风火轮-海外版',replace('风火轮-海外版\n','\n',char(10)),'communication','https://admin.ooofooo.com/favicon.ico',0,'active','2025-09-24','2025-09-24 07:28:00','2025-09-24 07:28:00');
INSERT INTO tools VALUES('bbd7a49e-547d-4e8c-8a0c-7e556dd4c8c4','DBcheck','数据库管理和健康检查工具，用于检测数据库的配置、性能、数据完整性和潜在问题','development','',0,'active','2025-09-24','2025-09-24 07:29:45','2025-09-24 07:29:45');
INSERT INTO tools VALUES('7ee5c810-4f8d-4fee-806b-194fc37458ef','Vaultwarden','开源的密码管理服务（Bitwarden 的轻量替代），用于安全存储和管理账号密码及机密信息','communication','https://vaultwarden.qiliangjia.org/images/favicon-32x32.png',0,'active','2025-09-24','2025-09-24 07:30:37','2025-09-24 07:30:37');
INSERT INTO tools VALUES('5430e3a3-8aab-4acf-9999-55a915ede578','Figma','设计和原型工具，用于界面设计、原型制作和团队协作','development','https://static.figma.com/app/icon/1/favicon.png',0,'active','2025-09-24','2025-09-24 07:32:34','2025-09-24 07:32:34');
INSERT INTO tools VALUES('6cfb00ae-39ff-438f-98ed-7621529397ad','墨刀','原型设计与交互工具，用于快速制作网页和 App 原型，并支持团队协作和分享','communication','https://images.modao.cc/images/favicon.ico',0,'active','2025-09-24','2025-09-24 07:33:23','2025-09-24 07:33:23');
INSERT INTO tools VALUES('51c2d6d3-da1c-40c5-aeba-876c014f05e7','TinyPNG-图片压缩',replace('图片压缩\n','\n',char(10)),'development','https://tinypng.com/images/favicon.ico',0,'active','2025-09-24','2025-09-24 07:34:26','2025-09-24 07:34:26');
INSERT INTO tools VALUES('16f0034f-9853-4678-a4d6-0207a857107a','起量加-AI平台','AI 驱动的生产力平台，提供聊天助手、知识管理和自动化工具，帮助个人和团队提升工作效率','communication','https://marketplace.dify.ai/favicon.ico',0,'active','2025-09-25','2025-09-24 07:37:18','2025-09-24 07:37:18');
INSERT INTO tools VALUES('ebc83ec5-c5f1-40b4-83e7-549972472288','Convertio','在线文件转换工具，支持文档、图片、音视频、压缩包等多种格式的相互转换','development','data:image/png;base64,iVBORw0KGgoAAAANSUhEUgAAACAAAAAgCAYAAABzenr0AAAAGXRFWHRTb2Z0d2FyZQBBZG9iZSBJbWFnZVJlYWR5ccllPAAAA2ZpVFh0WE1MOmNvbS5hZG9iZS54bXAAAAAAADw/eHBhY2tldCBiZWdpbj0i77u/IiBpZD0iVzVNME1wQ2VoaUh6cmVTek5UY3prYzlkIj8+IDx4OnhtcG1ldGEgeG1sbnM6eD0iYWRvYmU6bnM6bWV0YS8iIHg6eG1wdGs9IkFkb2JlIFhNUCBDb3JlIDUuMy1jMDExIDY2LjE0NTY2MSwgMjAxMi8wMi8wNi0xNDo1NjoyNyAgICAgICAgIj4gPHJkZjpSREYgeG1sbnM6cmRmPSJodHRwOi8vd3d3LnczLm9yZy8xOTk5LzAyLzIyLXJkZi1zeW50YXgtbnMjIj4gPHJkZjpEZXNjcmlwdGlvbiByZGY6YWJvdXQ9IiIgeG1sbnM6eG1wTU09Imh0dHA6Ly9ucy5hZG9iZS5jb20veGFwLzEuMC9tbS8iIHhtbG5zOnN0UmVmPSJodHRwOi8vbnMuYWRvYmUuY29tL3hhcC8xLjAvc1R5cGUvUmVzb3VyY2VSZWYjIiB4bWxuczp4bXA9Imh0dHA6Ly9ucy5hZG9iZS5jb20veGFwLzEuMC8iIHhtcE1NOk9yaWdpbmFsRG9jdW1lbnRJRD0ieG1wLmRpZDpFNDY1NDg3RDc3N0JFODExODNENjlCOEE4NDIwQ0ZCMyIgeG1wTU06RG9jdW1lbnRJRD0ieG1wLmRpZDpBNzIyRUYxOUU2OEMxMUU5OENDMkRGRDY2MUEyMUNEMCIgeG1wTU06SW5zdGFuY2VJRD0ieG1wLmlpZDpBNzIyRUYxOEU2OEMxMUU5OENDMkRGRDY2MUEyMUNEMCIgeG1wOkNyZWF0b3JUb29sPSJBZG9iZSBQaG90b3Nob3AgQ1M2IChXaW5kb3dzKSI+IDx4bXBNTTpEZXJpdmVkRnJvbSBzdFJlZjppbnN0YW5jZUlEPSJ4bXAuaWlkOjBBQzRBRDc4OEJFNkU5MTE5RDNFOEE4MDBCRkY0NDZDIiBzdFJlZjpkb2N1bWVudElEPSJ4bXAuZGlkOkU0NjU0ODdENzc3QkU4MTE4M0Q2OUI4QTg0MjBDRkIzIi8+IDwvcmRmOkRlc2NyaXB0aW9uPiA8L3JkZjpSREY+IDwveDp4bXBtZXRhPiA8P3hwYWNrZXQgZW5kPSJyIj8+6G+jpQAAA/9JREFUeNq0V1lIlFEU/kZbjPYkEysospJGbBW1KAgX2qCHFIpepOVBBFHBpiQiIjIXFIveUiIhCcqXVoPqoZ0CM1qgtB5EsEItNR2TtHO8d3Lm/8//z6/pgY9h/nvvOd+992zXNbR+PRzKDMJOwlbCGsJSwmw99pPwhfCa8JBwi9DjRKnLAYFogoewjzDdIdlfhFpCMaHJbmKIzVgY4SzhHeHQKIxDzz2k1xZrXaMisIzwTO98CsYuvPaI1hVtT+DVKwVgHeGJvufxEtb1eFj3iB3hBDZsYJZ3CQsw/rJgWLeyITrhNH1Uq23VREQACQnA8uVAeDjw5w/Q0QG8eaN21tUVjAhNRCKhj/9M8hs4aWvc5QJSU4H0dMDtBqZONc/p7QWuXQOqqykILaMwTtvy+J8AO90HwmRnGYFSQloacOAAEBlpHm9tBXJzKTN8sdIwQFjFIerzgaOWxtlYUlLgN95dXR2QkQHU15vXLFwIXLigrkuWydrmsBPO1ElGmEbzSkuB8nIgPt483kfXePw4cOWK7CsVFUBoqBWJvWybCewQkwzf+YkTyrCPSEyMWc3QkDJ05455bOVK2to+u2S1gwkki8PZ2cD27YFXcf48sHixTKKoCPj2zTx2+DDtc6YVieQQ7ZWBwp6emWmePncucO6c+pUioLZW2CdtNCXFMiJCdASMCO/a47GOAD4BPvIwIb03NMhrOG9YpHwmMOvfX75vvne+fzuJjQXOnCEXNpSSzk55flSUlaZZnAf6xYJz+TJF6irzkt27VZz/S+ZEoqwM2LIleP4YoPDPyQFevvR9+c1bkHOnvxF/mTcv8P/gIFBYCLx9a2+c55065W+cpYsJNIsLHj2SFa1da/7m9QJ5eUBLizWBkhIpVJtDdHEwy4MHQHe3+fv+/cqzjcL3z8cr+cGlS6pGCIWJCdwXCfCuamrM37kCHjsmOyqfQFZWYCHiXXNaluU+E7itezizMIGPH83ft20D8vNlEk3UAhYUKIfj++Z750QlZA627auGFwkHRRKLFgFVVWrnRrl3Dzh9WiUho3ABa2yUx5RUcd/oI8BdynvLirhkCVBZqaqcUdraVP1nMj2OOnFfOaamAp9CT6ok0aH7/k3i9B8/gBs3VMyvWKGKk3+N2LxZFZ1EanT6Ka18/hyMAJVXXJVasudibTDmdk6tcXEqJzCp9nZ19y9eyAXJ3JIlaR/wI8D9nGoYnxLmY2LkO2Ej2WoiW0JXzAPk44SvE2D867BuZSPo04xP4nrQ63AufOx7pGea1cuIJ3INLdEeO1YZ0DoSrN6Idm9Dr26d3TpP9I7CcJ+Oc7fW4f2f17H/83yX4Xk+xxeohuf5TafP878CDADrJR+o7JYu7QAAAABJRU5ErkJggg==',0,'active','2025-09-24','2025-09-24 07:40:28','2025-09-24 07:40:28');
INSERT INTO tools VALUES('b2ff0802-d718-436a-acb8-1e53c9a17514','起量加-h5工具案例库','起量加-h5工具案例库','development','https://demo.bar/favicon.ico',0,'active','2025-09-24','2025-09-24 10:27:25','2025-09-24 10:27:25');
INSERT INTO tools VALUES('2e72a9d6-92f8-4e03-a16f-5a5c3afbfbb1','图片上传R2托管','可以手动上传R2拿到CDN地址引用','0c97efe7-d1d4-471d-a04d-965c41e09e22','data:image/svg+xml;base64,PHN2ZyB2aWV3Qm94PSIwIDAgNTEyIDUxMiIgeG1sbnM9Imh0dHA6Ly93d3cudzMub3JnLzIwMDAv c3ZnIj4KICA8ZGVmcz4KICAgIDxsaW5lYXJHcmFkaWVudCBpZD0iZ3JhZDEiIHgxPSIwJSIgeTE9 IjAlIiB4Mj0iMTAwJSIgeTI9IjEwMCUiPgogICAgICA8c3RvcCBvZmZzZXQ9IjAlIiBzdHlsZT0i c3RvcC1jb2xvcjojNjY3ZWVhO3N0b3Atb3BhY2l0eToxIiAvPgogICAgICA8c3RvcCBvZmZzZXQ9 IjEwMCUiIHN0eWxlPSJzdG9wLWNvbG9yOiM3NjRiYTI7c3RvcC1vcGFjaXR5OjEiIC8+CiAgICA8 L2xpbmVhckdyYWRpZW50PgogICAgPGxpbmVhckdyYWRpZW50IGlkPSJncmFkMiIgeDE9IjAlIiB5 MT0iMCUiIHgyPSIxMDAlIiB5Mj0iMTAwJSI+CiAgICAgIDxzdG9wIG9mZnNldD0iMCUiIHN0eWxl PSJzdG9wLWNvbG9yOiNmMDkzZmI7c3RvcC1vcGFjaXR5OjEiIC8+CiAgICAgIDxzdG9wIG9mZnNl dD0iMTAwJSIgc3R5bGU9InN0b3AtY29sb3I6I2Y1NTc2YztzdG9wLW9wYWNpdHk6MSIgLz4KICAg IDwvbGluZWFyR3JhZGllbnQ+CiAgICA8bGluZWFyR3JhZGllbnQgaWQ9ImdyYWQzIiB4MT0iMCUi IHkxPSIwJSIgeDI9IjEwMCUiIHkyPSIxMDAlIj4KICAgICAgPHN0b3Agb2Zmc2V0PSIwJSIgc3R5 bGU9InN0b3AtY29sb3I6IzRmYWNmZTtzdG9wLW9wYWNpdHk6MSIgLz4KICAgICAgPHN0b3Agb2Zm c2V0PSIxMDAlIiBzdHlsZT0ic3RvcC1jb2xvcjojMDBmMmZlO3N0b3Atb3BhY2l0eToxIiAvPgog ICAgPC9saW5lYXJHcmFkaWVudD4KICA8L2RlZnM+CiAgCiAgPCEtLSBCYWNrZ3JvdW5kIENpcmNs ZSAtLT4KICA8Y2lyY2xlIGN4PSIyNTYiIGN5PSIyNTYiIHI9IjI0MCIgZmlsbD0idXJsKCNncmFk MSkiIG9wYWNpdHk9IjAuMSIvPgogIAogIDwhLS0gQ2xvdWQgU2hhcGUgLS0+CiAgPHBhdGggZD0i TTE2MCAzMjAgQzEyMCAzMjAgOTAgMjkwIDkwIDI1MCBDOTAgMjIwIDExMCAxOTUgMTM4IDE4NSBD MTQ1IDE1NSAxNzUgMTM1IDIxMCAxMzUgQzIzNSAxMzUgMjU1IDE1MCAyNjUgMTcwIEMyNzUgMTY1 IDI5MCAxNjUgMzA1IDE3MCBDMzMwIDE4MCAzNTAgMjA1IDM1MCAyMzUgQzM4MCAyNDAgNDAwIDI2 NSA0MDAgMjk1IEM0MDAgMzI1IDM3NSAzNTAgMzQ1IDM1MCBMMTc1IDM1MCBDMTY1IDM1MCAxNjAg MzQ1IDE2MCAzMzUgWiIgZmlsbD0idXJsKCNncmFkMikiLz4KICAKICA8IS0tIFVwbG9hZCBBcnJv dyAtLT4KICA8cGF0aCBkPSJNMjU2IDIwMCBMMjU2IDI4MCBNMjMwIDIyNSBMMjU2IDIwMCBMMjgy IDIyNSIgc3Ryb2tlPSJ3aGl0ZSIgc3Ryb2tlLXdpZHRoPSIxNiIgc3Ryb2tlLWxpbmVjYXA9InJv dW5kIiBzdHJva2UtbGluZWpvaW49InJvdW5kIiBmaWxsPSJub25lIi8+CiAgCiAgPCEtLSBJbWFn ZSBJY29uIC0tPgogIDxyZWN0IHg9IjE4MCIgeT0iMzgwIiB3aWR0aD0iODAiIGhlaWdodD0iNjAi IHJ4PSI4IiBmaWxsPSJ1cmwoI2dyYWQzKSIvPgogIDxjaXJjbGUgY3g9IjIwMCIgY3k9IjQwMCIg cj0iOCIgZmlsbD0id2hpdGUiLz4KICA8cGF0aCBkPSJNMTgwIDQyMCBMMjAwIDQwNSBMMjIwIDQx NSBMMjQwIDQwMCBMMjYwIDQyMCBMMjYwIDQ0MCBMMTgwIDQ0MCBaIiBmaWxsPSJ3aGl0ZSIgb3Bh Y2l0eT0iMC44Ii8+CiAgCiAgPCEtLSBSMiBUZXh0IC0tPgogIDx0ZXh0IHg9IjMyMCIgeT0iNDIw IiBmb250LWZhbWlseT0iQXJpYWwsIHNhbnMtc2VyaWYiIGZvbnQtc2l6ZT0iMzYiIGZvbnQtd2Vp Z2h0PSJib2xkIiBmaWxsPSJ1cmwoI2dyYWQxKSI+UjI8L3RleHQ+CiAgCiAgPCEtLSBDb25uZWN0 aW9uIExpbmVzIC0tPgogIDxwYXRoIGQ9Ik0yMjAgMzgwIFEyNDAgMzYwIDI2MCAzNDAiIHN0cm9r ZT0idXJsKCNncmFkMykiIHN0cm9rZS13aWR0aD0iNCIgZmlsbD0ibm9uZSIgb3BhY2l0eT0iMC42 Ii8+CiAgPHBhdGggZD0iTTI2MCAzODAgUTI4MCAzNjAgMzAwIDM0MCIgc3Ryb2tlPSJ1cmwoI2dy YWQzKSIgc3Ryb2tlLXdpZHRoPSI0IiBmaWxsPSJub25lIiBvcGFjaXR5PSIwLjYiLz4KPC9zdmc+',1,'active','2025-09-25','2025-09-25 07:39:11','2025-09-25 07:39:11');
INSERT INTO tools VALUES('9d0ba3ee-0a79-41ee-b650-f2217007d8ae','URL 编解码工具','支持 URL 编码/解码、encodeURI 和 encodeURIComponent 两种模式，处理特殊字符和中文。','0c97efe7-d1d4-471d-a04d-965c41e09e22','data:image/svg+xml;base64,PD94bWwgdmVyc2lvbj0iMS4wIiBlbmNvZGluZz0idXRmLTgiPz4KPHN2ZyB4bWxucz0iaHR0cDov L3d3dy53My5vcmcvMjAwMC9zdmciIHdpZHRoPSI1MTIiIGhlaWdodD0iNTEyIiB2aWV3Qm94PSIw IDAgNTEyIDUxMiIgcm9sZT0iaW1nIiBhcmlhLWxhYmVsPSJVUkwgZW5jb2RlciBkZWNvZGVyIGxv Z28iPgogIDxkZWZzPgogICAgPGxpbmVhckdyYWRpZW50IGlkPSJnIiB4MT0iMCIgeDI9IjEiIHkx PSIwIiB5Mj0iMSI+CiAgICAgIDxzdG9wIG9mZnNldD0iMCIgc3RvcC1jb2xvcj0iIzNiODJmNiIv PgogICAgICA8c3RvcCBvZmZzZXQ9IjEiIHN0b3AtY29sb3I9IiMwNmI2ZDQiLz4KICAgIDwvbGlu ZWFyR3JhZGllbnQ+CiAgICA8ZmlsdGVyIGlkPSJzIiB4PSItNTAlIiB5PSItNTAlIiB3aWR0aD0i MjAwJSIgaGVpZ2h0PSIyMDAlIj4KICAgICAgPGZlRHJvcFNoYWRvdyBkeD0iMCIgZHk9IjYiIHN0 ZERldmlhdGlvbj0iMTgiIGZsb29kLWNvbG9yPSIjMGIxMjIwIiBmbG9vZC1vcGFjaXR5PSIwLjEy Ii8+CiAgICA8L2ZpbHRlcj4KICA8L2RlZnM+CgogIDwhLS0gUm91bmRlZCBjYXJkIGJhY2tncm91 bmQgLS0+CiAgPHJlY3QgeD0iMzIiIHk9IjMyIiB3aWR0aD0iNDQ4IiBoZWlnaHQ9IjQ0OCIgcng9 IjY0IiBmaWxsPSJ1cmwoI2cpIiBmaWx0ZXI9InVybCgjcykiLz4KCiAgPCEtLSBDaXJjdWxhciBy aW5nIC0tPgogIDxnIHRyYW5zZm9ybT0idHJhbnNsYXRlKDI1NiwyMjApIj4KICAgIDxjaXJjbGUg cj0iMTEwIiBmaWxsPSJub25lIiBzdHJva2U9InJnYmEoMjU1LDI1NSwyNTUsMC4xOCkiIHN0cm9r ZS13aWR0aD0iMjIiIC8+CiAgICA8IS0tIGNsb2Nrd2lzZSBhcnJvdyAoZW5jb2RlKSAtLT4KICAg IDxwYXRoIGQ9Ik0gODAgLTMwCiAgICAgICAgICAgICBBIDEyMCAxMjAgMCAwIDAgIC00MCAtODAi CiAgICAgICAgICBmaWxsPSJub25lIiBzdHJva2U9IiNmZmYiIHN0cm9rZS13aWR0aD0iMTgiIHN0 cm9rZS1saW5lY2FwPSJyb3VuZCIgc3Ryb2tlLWxpbmVqb2luPSJyb3VuZCIgb3BhY2l0eT0iMC45 NSIvPgogICAgPHBhdGggZD0iTSA2NCAtMTYgTCA4OCAtOCBMIDgwIC0zMiBaIiBmaWxsPSIjZmZm IiBvcGFjaXR5PSIwLjk1IiB0cmFuc2Zvcm09InJvdGF0ZSgxMCA3NiAtMTYpIi8+CiAgICA8IS0t IGNvdW50ZXJjbG9ja3dpc2UgYXJyb3cgKGRlY29kZSkgLS0+CiAgICA8cGF0aCBkPSJNIC04OCAy NAogICAgICAgICAgICAgQSAxMjAgMTIwIDAgMCAwICAgOCA3OCIKICAgICAgICAgIGZpbGw9Im5v bmUiIHN0cm9rZT0iI2ZmZiIgc3Ryb2tlLXdpZHRoPSIxNCIgc3Ryb2tlLWxpbmVjYXA9InJvdW5k IiBzdHJva2UtbGluZWpvaW49InJvdW5kIiBvcGFjaXR5PSIwLjkiLz4KICAgIDxwYXRoIGQ9Ik0g LTcyIDQwIEwgLTk2IDQ4IEwgLTg0IDI0IFoiIGZpbGw9IiNmZmYiIG9wYWNpdHk9IjAuOSIgdHJh bnNmb3JtPSJyb3RhdGUoLTEwIC04NCA0MCkiLz4KICA8L2c+CgogIDwhLS0gQ2VudGVyIGJhZGdl IC0tPgogIDxnIHRyYW5zZm9ybT0idHJhbnNsYXRlKDI1NiwzMjApIj4KICAgIDxyZWN0IHg9Ii04 NiIgeT0iLTQ2IiB3aWR0aD0iMTcyIiBoZWlnaHQ9IjkyIiByeD0iMTgiIGZpbGw9IiNmZmZmZmYi IG9wYWNpdHk9IjAuMTIiLz4KICAgIDx0ZXh0IHg9IjAiIHk9IjE4IiB0ZXh0LWFuY2hvcj0ibWlk ZGxlIiBmb250LWZhbWlseT0iSW50ZXIsIHN5c3RlbS11aSwgLWFwcGxlLXN5c3RlbSwgJ1NlZ29l IFVJJywgUm9ib3RvLCAnSGVsdmV0aWNhIE5ldWUnLCBBcmlhbCIgZm9udC13ZWlnaHQ9IjcwMCIg Zm9udC1zaXplPSI1NiIgZmlsbD0iI2ZmZmZmZiIgbGV0dGVyLXNwYWNpbmc9IjIiPlVSTDwvdGV4 dD4KICA8L2c+CgogIDwhLS0gc21hbGwgbGFiZWwgLS0+CiAgPHRleHQgeD0iMjU2IiB5PSI0NjAi IHRleHQtYW5jaG9yPSJtaWRkbGUiIGZvbnQtZmFtaWx5PSJJbnRlciwgc3lzdGVtLXVpLCAtYXBw bGUtc3lzdGVtLCAnU2Vnb2UgVUknLCBSb2JvdG8sICdIZWx2ZXRpY2EgTmV1ZScsIEFyaWFsIiBm b250LXNpemU9IjIwIiBmaWxsPSJyZ2JhKDI1NSwyNTUsMjU1LDAuOSkiPmVuY29kZSDih4QgZGVj b2RlPC90ZXh0Pgo8L3N2Zz4=',1,'active','2025-09-25','2025-09-25 08:12:28','2025-09-25 08:12:28');
INSERT INTO tools VALUES('f7e0a7a7-5a44-4d88-9e2f-9e9876d1d5e3','Cloudflare 日志分析工具','浏览和过滤 Cloudflare Logpush 日志，快速洞察请求状态与来源。','monitoring','https://www.cloudflare.com/img/favicon.ico',1,'active','2025-09-27','2025-09-27 09:00:00','2025-09-27 09:00:00');
CREATE TABLE tool_environments (
  id INTEGER PRIMARY KEY AUTOINCREMENT,
  tool_id TEXT NOT NULL,
  name TEXT NOT NULL,
  label TEXT NOT NULL,
  url TEXT NOT NULL,
  is_external BOOLEAN DEFAULT TRUE,
  created_at DATETIME DEFAULT CURRENT_TIMESTAMP,
  updated_at DATETIME DEFAULT CURRENT_TIMESTAMP,
  FOREIGN KEY (tool_id) REFERENCES tools (id) ON DELETE CASCADE
);
INSERT INTO tool_environments VALUES(17,'a21d8fad-551e-48e9-b7e6-538e8de83231','production','生产环境','https://kibana.qiliangjia.org/app/home',1,'2025-09-16 02:08:02','2025-09-16 02:08:02');
INSERT INTO tool_environments VALUES(34,'e45e32df-edb7-4fd3-b83e-1afd4deddee9','production','生产环境','https://dash.cloudflare.com/4afe694ac3841dc3e433b6369c754346/home',1,'2025-09-16 03:18:13','2025-09-16 03:18:13');
INSERT INTO tool_environments VALUES(38,'3f058b10-6c40-48fa-9693-4307b532a5f1','production','生产环境','https://yaoshi-tracking-web.qiliangjia.one',1,'2025-09-16 06:04:34','2025-09-16 06:04:34');
INSERT INTO tool_environments VALUES(39,'3f058b10-6c40-48fa-9693-4307b532a5f1','test','测试环境','https://yaoshi-tracking-web-test.qiliangjia.one',1,'2025-09-16 06:04:34','2025-09-16 06:04:34');
INSERT INTO tool_environments VALUES(45,'0277fcf4-e502-431d-a29e-8028cc6ddebf','production','生产环境','https://data-bi.qiliangjia.org/',1,'2025-09-19 11:33:05','2025-09-19 11:33:05');
INSERT INTO tool_environments VALUES(55,'4d7b4ba7-da42-4df2-b56e-8f5e42eaddd4','production','生产环境','https://project.qiliangjia.com',1,'2025-09-22 07:54:11','2025-09-22 07:54:11');
INSERT INTO tool_environments VALUES(60,'b31e0059-d962-495e-8810-8a5399437bd1','production','生产环境','https://866fa6c26852.sentry.io',1,'2025-09-22 08:14:31','2025-09-22 08:14:31');
INSERT INTO tool_environments VALUES(61,'43210ba9-e2cc-4ee2-9a20-f8f4c1458685','production','生产环境','https://www.virustotal.com/gui/home/url',1,'2025-09-22 08:17:21','2025-09-22 08:17:21');
INSERT INTO tool_environments VALUES(86,'7cdfa366-a184-40af-8261-e5ffc449d225','production','生产环境','https://apollo-portal.qiliangjia.org/config.html',1,'2025-09-24 03:00:04','2025-09-24 03:00:04');
INSERT INTO tool_environments VALUES(87,'7cdfa366-a184-40af-8261-e5ffc449d225','test','测试环境','https://apollo-portal-test.qiliangjia.org/config.html',1,'2025-09-24 03:00:04','2025-09-24 03:00:04');
INSERT INTO tool_environments VALUES(88,'dc948435-e177-475d-af3d-292534c33947','production','生产环境','https://cicd.qiliangjia.org/view/qlj',1,'2025-09-24 03:01:57','2025-09-24 03:01:57');
INSERT INTO tool_environments VALUES(89,'46c44ebc-880a-480c-acad-0b867ed23c87','production','生产环境','https://qlj-fe-i18n.qiliangjia.org',1,'2025-09-24 03:05:29','2025-09-24 03:05:29');
INSERT INTO tool_environments VALUES(93,'1b38545d-6060-4486-9654-e94f8063ab61','production','生产环境','https://growthbook.qiliangjia.org',1,'2025-09-24 06:16:09','2025-09-24 06:16:09');
INSERT INTO tool_environments VALUES(105,'38331947-b0a3-46ca-b9ce-0037722b7a9a','production','生产环境','https://data-metadata.qiliangjia.org/signin',1,'2025-09-24 06:57:13','2025-09-24 06:57:13');
INSERT INTO tool_environments VALUES(107,'8608a9ff-5db4-4572-9104-e7cbeb8715ca','production','生产环境','https://kibana.qiliangjia.org/login',1,'2025-09-24 07:00:37','2025-09-24 07:00:37');
INSERT INTO tool_environments VALUES(108,'0e76cdf0-e693-4d57-bdea-20316e572060','production','生产环境','https://grafana.qiliangjia.org/login',1,'2025-09-24 07:01:57','2025-09-24 07:01:57');
INSERT INTO tool_environments VALUES(109,'e1f49778-a9a7-45c9-aa1e-e847d8ed600e','production','生产环境','https://jumpserver.qiliangjia.org',1,'2025-09-24 07:03:21','2025-09-24 07:03:21');
INSERT INTO tool_environments VALUES(110,'6d1c9178-2798-4d0c-8f3f-ebc69e72e490','production','生产环境','https://www.qiliangjia.net',1,'2025-09-24 07:04:48','2025-09-24 07:04:48');
INSERT INTO tool_environments VALUES(111,'6d1c9178-2798-4d0c-8f3f-ebc69e72e490','test','测试环境','https://www-qiliangjia.qiliangjia.one/',1,'2025-09-24 07:04:48','2025-09-24 07:04:48');
INSERT INTO tool_environments VALUES(124,'cf0a879d-d58a-4ca0-add5-877f6da85bfd','production','生产环境','https://shortyes.com',1,'2025-09-24 07:15:32','2025-09-24 07:15:32');
INSERT INTO tool_environments VALUES(125,'cf0a879d-d58a-4ca0-add5-877f6da85bfd','test','测试环境','https://www-stg-shortyes.qiliangjia.one',1,'2025-09-24 07:15:32','2025-09-24 07:15:32');
INSERT INTO tool_environments VALUES(126,'a3a45a31-d445-4936-b07a-3e9066cb6230','production','生产环境','https://app.shortyes.com/#/',1,'2025-09-24 07:17:52','2025-09-24 07:17:52');
INSERT INTO tool_environments VALUES(127,'a3a45a31-d445-4936-b07a-3e9066cb6230','stg','测试环境1','https://shortyes-app-stg.qiliangjia.one/#/',1,'2025-09-24 07:17:52','2025-09-24 07:17:52');
INSERT INTO tool_environments VALUES(128,'a3a45a31-d445-4936-b07a-3e9066cb6230','stg1','测试环境2','https://app-stg-shortyes-app.qiliangjia.one/#/',1,'2025-09-24 07:17:52','2025-09-24 07:17:52');
INSERT INTO tool_environments VALUES(131,'4d321857-c3f1-4996-9d32-e20eec9701ee','production','生产环境','https://console.deepclick.com',1,'2025-09-24 07:19:07','2025-09-24 07:19:07');
INSERT INTO tool_environments VALUES(132,'4d321857-c3f1-4996-9d32-e20eec9701ee','test','测试环境','https://console-test-deepclick.qiliangjia.one',1,'2025-09-24 07:19:07','2025-09-24 07:19:07');
INSERT INTO tool_environments VALUES(133,'33b6f7b6-c0b7-45d8-9f1b-e448465bcabe','production','生产环境','https://deepclick-admin.qiliangjia.org',1,'2025-09-24 07:19:15','2025-09-24 07:19:15');
INSERT INTO tool_environments VALUES(134,'33b6f7b6-c0b7-45d8-9f1b-e448465bcabe','test','测试环境','https://admin-test-deepclick.qiliangjia.one',1,'2025-09-24 07:19:15','2025-09-24 07:19:15');
INSERT INTO tool_environments VALUES(137,'819bbad4-8ad4-46df-b9f2-f1fda4547250','production','生产环境','https://mis.shortyes.com',1,'2025-09-24 07:19:52','2025-09-24 07:19:52');
INSERT INTO tool_environments VALUES(138,'819bbad4-8ad4-46df-b9f2-f1fda4547250','stg','测试环境','https://shortyes-mis-stg.qiliangjia.one',1,'2025-09-24 07:19:52','2025-09-24 07:19:52');
INSERT INTO tool_environments VALUES(139,'344ba45a-bd03-44aa-b588-abd920c8a843','production','生产环境','https://admin-h5.deepclick.com/user/login',1,'2025-09-24 07:19:55','2025-09-24 07:19:55');
INSERT INTO tool_environments VALUES(140,'344ba45a-bd03-44aa-b588-abd920c8a843','test','测试环境','https://t1-dsp-admin.qiliangjia.org',1,'2025-09-24 07:19:55','2025-09-24 07:19:55');
INSERT INTO tool_environments VALUES(141,'b2d2bd1e-a9ec-4503-b0f6-3ff0b885a9e3','production','生产环境','https://www.deepclick.com',1,'2025-09-24 07:20:10','2025-09-24 07:20:10');
INSERT INTO tool_environments VALUES(142,'b2d2bd1e-a9ec-4503-b0f6-3ff0b885a9e3','test','测试环境','https://www-test.deepclick.com',1,'2025-09-24 07:20:10','2025-09-24 07:20:10');
INSERT INTO tool_environments VALUES(143,'62c557c1-a867-4610-813e-4de6a2641f88','production','生产环境','https://cdc.qiliangjia.one',1,'2025-09-24 07:21:46','2025-09-24 07:21:46');
INSERT INTO tool_environments VALUES(144,'62c557c1-a867-4610-813e-4de6a2641f88','stg','测试环境','https://cdc-stg.qiliangjia.one',1,'2025-09-24 07:21:46','2025-09-24 07:21:46');
INSERT INTO tool_environments VALUES(145,'62c557c1-a867-4610-813e-4de6a2641f88','main','生产环境','https://cdc.qiliangjia.org',1,'2025-09-24 07:21:46','2025-09-24 07:21:46');
INSERT INTO tool_environments VALUES(146,'dd7e734b-7dc4-4110-8515-e8ed9af64ad0','production','生产环境','https://docs.deepclick.com',1,'2025-09-24 07:23:03','2025-09-24 07:23:03');
INSERT INTO tool_environments VALUES(147,'dd7e734b-7dc4-4110-8515-e8ed9af64ad0','test','测试环境','https://docs-test-deepclick.qiliangjia.one',1,'2025-09-24 07:23:03','2025-09-24 07:23:03');
INSERT INTO tool_environments VALUES(148,'7b31f765-e78d-4e30-b990-edf1b0d7f324','production','生产环境','https://aws.amazon.com/cn/console/',1,'2025-09-24 07:23:19','2025-09-24 07:23:19');
INSERT INTO tool_environments VALUES(149,'bd04e5f9-2c37-4331-a873-0e6252d2e750','production','生产环境','https://www.roibest.com/docs',1,'2025-09-24 07:23:29','2025-09-24 07:23:29');
INSERT INTO tool_environments VALUES(150,'bd04e5f9-2c37-4331-a873-0e6252d2e750','test','测试环境','https://www-stg-roibest.qiliangjia.one/docs',1,'2025-09-24 07:23:29','2025-09-24 07:23:29');
INSERT INTO tool_environments VALUES(151,'34c70f93-b9ad-4453-bb24-1103451b728e','production','生产环境','https://ec-admin.qiliangjia.com',1,'2025-09-24 07:25:12','2025-09-24 07:25:12');
INSERT INTO tool_environments VALUES(152,'f5ccc095-1835-4740-850e-b2b07199ed2a','production','生产环境','https://ec-admin.qiliangjia.com',1,'2025-09-24 07:26:55','2025-09-24 07:26:55');
INSERT INTO tool_environments VALUES(153,'d91ed5ea-00ff-48ba-b826-c2093c78cf08','production','生产环境','https://admin.ooofooo.com',1,'2025-09-24 07:28:00','2025-09-24 07:28:00');
INSERT INTO tool_environments VALUES(154,'d91ed5ea-00ff-48ba-b826-c2093c78cf08','stg','测试环境','https://fhl-admin-stg.qiliangjia.one/login',1,'2025-09-24 07:28:00','2025-09-24 07:28:00');
INSERT INTO tool_environments VALUES(155,'bbd7a49e-547d-4e8c-8a0c-7e556dd4c8c4','production','生产环境','https://dbcheck.qiliangjia.org/login/ ',1,'2025-09-24 07:29:45','2025-09-24 07:29:45');
INSERT INTO tool_environments VALUES(156,'7ee5c810-4f8d-4fee-806b-194fc37458ef','production','生产环境','https://vaultwarden.qiliangjia.org/#/login',1,'2025-09-24 07:30:37','2025-09-24 07:30:37');
INSERT INTO tool_environments VALUES(157,'5430e3a3-8aab-4acf-9999-55a915ede578','production','生产环境','https://www.figma.com',1,'2025-09-24 07:32:34','2025-09-24 07:32:34');
INSERT INTO tool_environments VALUES(158,'6cfb00ae-39ff-438f-98ed-7621529397ad','production','生产环境','https://modao.cc',1,'2025-09-24 07:33:23','2025-09-24 07:33:23');
INSERT INTO tool_environments VALUES(159,'51c2d6d3-da1c-40c5-aeba-876c014f05e7','production','生产环境','https://tinypng.com',1,'2025-09-24 07:34:26','2025-09-24 07:34:26');
INSERT INTO tool_environments VALUES(161,'c5b2b9dc-b15b-4603-97c8-5e5963a6cc2c','production','生产环境','https://mis.roibest.com',1,'2025-09-24 07:38:48','2025-09-24 07:38:48');
INSERT INTO tool_environments VALUES(162,'c5b2b9dc-b15b-4603-97c8-5e5963a6cc2c','test1','测试环境1','https://mis-test-1.qiliangjia.one/',1,'2025-09-24 07:38:48','2025-09-24 07:38:48');
INSERT INTO tool_environments VALUES(163,'c5b2b9dc-b15b-4603-97c8-5e5963a6cc2c','test2','测试环境2','https://mis-test-2.qiliangjia.one/',1,'2025-09-24 07:38:48','2025-09-24 07:38:48');
INSERT INTO tool_environments VALUES(164,'c5b2b9dc-b15b-4603-97c8-5e5963a6cc2c','test3','测试环境3','https://mis-test-3.qiliangjia.one/',1,'2025-09-24 07:38:48','2025-09-24 07:38:48');
INSERT INTO tool_environments VALUES(165,'9838f4ea-e16a-4601-aa26-2500f1b949e7','production','生产环境','https://mis-proxy.roibest.com',1,'2025-09-24 07:40:20','2025-09-24 07:40:20');
INSERT INTO tool_environments VALUES(166,'9838f4ea-e16a-4601-aa26-2500f1b949e7','stg','测试环境','https://mis-proxy-stg.qiliangjia.one/',1,'2025-09-24 07:40:20','2025-09-24 07:40:20');
INSERT INTO tool_environments VALUES(167,'ebc83ec5-c5f1-40b4-83e7-549972472288','production','生产环境','https://convertio.co/zh/',1,'2025-09-24 07:40:28','2025-09-24 07:40:28');
INSERT INTO tool_environments VALUES(169,'78289acd-77a3-4bf4-af53-668631390c4b','production','生产环境','https://mis-marketer.roibest.com',1,'2025-09-24 07:40:51','2025-09-24 07:40:51');
INSERT INTO tool_environments VALUES(170,'78289acd-77a3-4bf4-af53-668631390c4b','test1','测试环境1','https://mis-marketer-test-1.qiliangjia.one',1,'2025-09-24 07:40:51','2025-09-24 07:40:51');
INSERT INTO tool_environments VALUES(171,'3f9d24ec-6a18-4efd-979b-df88328fcb7d','production','生产环境','https://www.roibest.com',1,'2025-09-24 07:42:57','2025-09-24 07:42:57');
INSERT INTO tool_environments VALUES(174,'786df662-79b5-446a-bde5-4bd282788a6c','production','生产环境','https://roibest-mis-admin.qiliangjia.org/version-manager',1,'2025-09-24 07:45:07','2025-09-24 07:45:07');
INSERT INTO tool_environments VALUES(175,'786df662-79b5-446a-bde5-4bd282788a6c','test','测试环境','https://mis-admin-stg.qiliangjia.one/version-manager',1,'2025-09-24 07:45:07','2025-09-24 07:45:07');
INSERT INTO tool_environments VALUES(176,'b2ff0802-d718-436a-acb8-1e53c9a17514','production','生产环境','https://demo.bar',1,'2025-09-24 10:27:25','2025-09-24 10:27:25');
INSERT INTO tool_environments VALUES(177,'b2ff0802-d718-436a-acb8-1e53c9a17514','test','测试环境','https://h5-tools.qiliangjia.one',1,'2025-09-24 10:27:25','2025-09-24 10:27:25');
INSERT INTO tool_environments VALUES(178,'16f0034f-9853-4678-a4d6-0207a857107a','production','生产环境','https://ai.qiliangjia.org',1,'2025-09-25 02:06:42','2025-09-25 02:06:42');
INSERT INTO tool_environments VALUES(179,'7cbc16ff-afa4-464f-8303-681037bf0f92','production','生产环境','https://data-airflow.qiliangjia.org/login',1,'2025-09-25 02:07:27','2025-09-25 02:07:27');
INSERT INTO tool_environments VALUES(181,'0a49daba-5e1b-4a90-bdc0-b83cf8bc9b7f','production','生产环境','https://data-kafka-admin.qiliangjia.org/login',1,'2025-09-25 02:16:33','2025-09-25 02:16:33');
INSERT INTO tool_environments VALUES(187,'21c517e3-c889-4ff1-9bc9-6d3cec15ac2a','production','生产环境','/tools/tiktok-pixel-tool',0,'2025-09-25 09:40:33','2025-09-25 09:40:33');
INSERT INTO tool_environments VALUES(190,'9d0ba3ee-0a79-41ee-b650-f2217007d8ae','production','生产环境','/tools/url-encoder',0,'2025-09-25 09:42:49','2025-09-25 09:42:49');
INSERT INTO tool_environments VALUES(191,'d7b9d813-ed91-49f1-9e7f-b9ee4a70c110','production','生产环境','/tools/qr-generator',0,'2025-09-25 09:43:27','2025-09-25 09:43:27');
INSERT INTO tool_environments VALUES(195,'caafd2b0-6e2a-4374-b687-f00ae6aa8968','production','生产环境','/tools/time-formatter',0,'2025-09-25 09:48:21','2025-09-25 09:48:21');
INSERT INTO tool_environments VALUES(196,'2e72a9d6-92f8-4e03-a16f-5a5c3afbfbb1','production','生产环境','/tools/file-uploader',0,'2025-09-25 09:53:41','2025-09-25 09:53:41');
INSERT INTO tool_environments VALUES(202,'78d1b64e-e433-454b-8abd-f56e24ac7864','production','生产环境','/tools/base64-converter',0,'2025-09-25 10:06:49','2025-09-25 10:06:49');
INSERT INTO tool_environments VALUES(203,'6c15bb01-5b64-40d9-ab42-08ff3df37c4c','production','生产环境','/tools/json-formatter',0,'2025-09-25 10:07:42','2025-09-25 10:07:42');
INSERT INTO tool_environments VALUES(205,'57cfcfe0-8e3e-4b60-94e7-c02c3ceff999','production','生产环境','/tools/url-parser',0,'2025-09-25 10:15:31','2025-09-25 10:15:31');
CREATE TABLE tool_tags (
  id INTEGER PRIMARY KEY AUTOINCREMENT,
  tool_id TEXT NOT NULL,
  tag TEXT NOT NULL,
  created_at DATETIME DEFAULT CURRENT_TIMESTAMP,
  FOREIGN KEY (tool_id) REFERENCES tools (id) ON DELETE CASCADE,
  UNIQUE (tool_id, tag)
);
INSERT INTO tool_environments VALUES(206,'f7e0a7a7-5a44-4d88-9e2f-9e9876d1d5e3','production','生产环境','/tools/cf-log-analyzer',0,'2025-09-27 09:05:00','2025-09-27 09:05:00');
INSERT INTO tool_tags VALUES(51,'e45e32df-edb7-4fd3-b83e-1afd4deddee9','云服务','2025-09-16 03:18:13');
INSERT INTO tool_tags VALUES(52,'e45e32df-edb7-4fd3-b83e-1afd4deddee9','部署','2025-09-16 03:18:13');
INSERT INTO tool_tags VALUES(59,'3f058b10-6c40-48fa-9693-4307b532a5f1','AI','2025-09-16 06:04:34');
INSERT INTO tool_tags VALUES(60,'3f058b10-6c40-48fa-9693-4307b532a5f1','任务管理','2025-09-16 06:04:34');
INSERT INTO tool_tags VALUES(73,'4d7b4ba7-da42-4df2-b56e-8f5e42eaddd4','project','2025-09-22 07:54:11');
INSERT INTO tool_tags VALUES(79,'b31e0059-d962-495e-8810-8a5399437bd1','错误监控','2025-09-22 08:14:31');
INSERT INTO tool_tags VALUES(80,'b31e0059-d962-495e-8810-8a5399437bd1','APM','2025-09-22 08:14:31');
INSERT INTO tool_tags VALUES(94,'7cdfa366-a184-40af-8261-e5ffc449d225','配置中心','2025-09-24 03:00:04');
INSERT INTO tool_tags VALUES(95,'dc948435-e177-475d-af3d-292534c33947','CD','2025-09-24 03:01:57');
INSERT INTO tool_tags VALUES(96,'dc948435-e177-475d-af3d-292534c33947','CI','2025-09-24 03:01:57');
INSERT INTO tool_tags VALUES(97,'dc948435-e177-475d-af3d-292534c33947','部署','2025-09-24 03:01:57');
INSERT INTO tool_tags VALUES(98,'46c44ebc-880a-480c-acad-0b867ed23c87','i18n','2025-09-24 03:05:29');
INSERT INTO tool_tags VALUES(99,'46c44ebc-880a-480c-acad-0b867ed23c87','多语言','2025-09-24 03:05:29');
INSERT INTO tool_tags VALUES(105,'1b38545d-6060-4486-9654-e94f8063ab61','FeatureFlag','2025-09-24 06:16:09');
INSERT INTO tool_tags VALUES(106,'1b38545d-6060-4486-9654-e94f8063ab61','灰度','2025-09-24 06:16:09');
INSERT INTO tool_tags VALUES(117,'4d321857-c3f1-4996-9d32-e20eec9701ee','DeepClick','2025-09-24 07:19:07');
INSERT INTO tool_tags VALUES(118,'4d321857-c3f1-4996-9d32-e20eec9701ee','业务项目','2025-09-24 07:19:07');
INSERT INTO tool_tags VALUES(119,'bd04e5f9-2c37-4331-a873-0e6252d2e750','ROIBest','2025-09-24 07:23:29');
INSERT INTO tool_tags VALUES(120,'bd04e5f9-2c37-4331-a873-0e6252d2e750','文档','2025-09-24 07:23:29');
INSERT INTO tool_tags VALUES(121,'9838f4ea-e16a-4601-aa26-2500f1b949e7','ROIBest','2025-09-24 07:40:20');
INSERT INTO tool_tags VALUES(124,'78289acd-77a3-4bf4-af53-668631390c4b','ROIBest','2025-09-24 07:40:51');
INSERT INTO tool_tags VALUES(125,'3f9d24ec-6a18-4efd-979b-df88328fcb7d','ROIBest','2025-09-24 07:42:57');
INSERT INTO tool_tags VALUES(126,'3f9d24ec-6a18-4efd-979b-df88328fcb7d','官网','2025-09-24 07:42:57');
INSERT INTO tool_tags VALUES(130,'786df662-79b5-446a-bde5-4bd282788a6c','RB','2025-09-24 07:45:07');
INSERT INTO tool_tags VALUES(131,'786df662-79b5-446a-bde5-4bd282788a6c','Roibest','2025-09-24 07:45:07');
INSERT INTO tool_tags VALUES(132,'786df662-79b5-446a-bde5-4bd282788a6c','版本管理','2025-09-24 07:45:07');
INSERT INTO tool_tags VALUES(145,'21c517e3-c889-4ff1-9bc9-6d3cec15ac2a','Pixel','2025-09-25 09:40:33');
INSERT INTO tool_tags VALUES(146,'21c517e3-c889-4ff1-9bc9-6d3cec15ac2a','TikTok','2025-09-25 09:40:33');
INSERT INTO tool_tags VALUES(147,'21c517e3-c889-4ff1-9bc9-6d3cec15ac2a','像素调试','2025-09-25 09:40:33');
INSERT INTO tool_tags VALUES(151,'9d0ba3ee-0a79-41ee-b650-f2217007d8ae','decoder','2025-09-25 09:42:49');
INSERT INTO tool_tags VALUES(152,'9d0ba3ee-0a79-41ee-b650-f2217007d8ae','url','2025-09-25 09:42:49');
INSERT INTO tool_tags VALUES(153,'d7b9d813-ed91-49f1-9e7f-b9ee4a70c110','qrcode','2025-09-25 09:43:27');
INSERT INTO tool_tags VALUES(160,'caafd2b0-6e2a-4374-b687-f00ae6aa8968','date','2025-09-25 09:48:21');
INSERT INTO tool_tags VALUES(161,'caafd2b0-6e2a-4374-b687-f00ae6aa8968','日期转换','2025-09-25 09:48:21');
INSERT INTO tool_tags VALUES(162,'caafd2b0-6e2a-4374-b687-f00ae6aa8968','时间戳转换','2025-09-25 09:48:21');
INSERT INTO tool_tags VALUES(163,'2e72a9d6-92f8-4e03-a16f-5a5c3afbfbb1','CDN','2025-09-25 09:53:41');
INSERT INTO tool_tags VALUES(164,'2e72a9d6-92f8-4e03-a16f-5a5c3afbfbb1','R2','2025-09-25 09:53:41');
INSERT INTO tool_tags VALUES(173,'78d1b64e-e433-454b-8abd-f56e24ac7864','base64','2025-09-25 10:06:49');
INSERT INTO tool_tags VALUES(174,'78d1b64e-e433-454b-8abd-f56e24ac7864','编解码工具','2025-09-25 10:06:49');
INSERT INTO tool_tags VALUES(175,'6c15bb01-5b64-40d9-ab42-08ff3df37c4c','formatter','2025-09-25 10:07:42');
INSERT INTO tool_tags VALUES(177,'57cfcfe0-8e3e-4b60-94e7-c02c3ceff999','tools','2025-09-25 10:15:31');
INSERT INTO tool_tags VALUES(178,'f7e0a7a7-5a44-4d88-9e2f-9e9876d1d5e3','日志','2025-09-27 09:05:00');
INSERT INTO tool_tags VALUES(179,'f7e0a7a7-5a44-4d88-9e2f-9e9876d1d5e3','Cloudflare','2025-09-27 09:05:00');
CREATE TABLE tool_usage_events (
	id TEXT PRIMARY KEY,
	tool_id TEXT NOT NULL,
	used_at DATETIME DEFAULT CURRENT_TIMESTAMP,
	FOREIGN KEY (tool_id) REFERENCES tools (id)
);
INSERT INTO tool_usage_events VALUES('15f9d10b-4220-435e-9624-0aa5a28af31b','0a49daba-5e1b-4a90-bdc0-b83cf8bc9b7f','2025-09-24 13:50:04');
INSERT INTO tool_usage_events VALUES('00c332de-020f-4a37-b236-e1dbe2927138','7cbc16ff-afa4-464f-8303-681037bf0f92','2025-09-24 13:50:46');
INSERT INTO tool_usage_events VALUES('fb0c7d66-b7f6-4532-b1db-e92db90f09ab','57cfcfe0-8e3e-4b60-94e7-c02c3ceff999','2025-09-25 06:16:04');
INSERT INTO tool_usage_events VALUES('f2139412-5ebf-4e3d-8356-6514529b87e2','57cfcfe0-8e3e-4b60-94e7-c02c3ceff999','2025-09-25 06:16:04');
INSERT INTO tool_usage_events VALUES('9281c824-651d-4ba1-b33e-56072c0fcefa','57cfcfe0-8e3e-4b60-94e7-c02c3ceff999','2025-09-25 06:16:06');
INSERT INTO tool_usage_events VALUES('1aefefb8-8aed-420e-96c3-123ec32068ed','57cfcfe0-8e3e-4b60-94e7-c02c3ceff999','2025-09-25 06:16:06');
INSERT INTO tool_usage_events VALUES('baf66e32-4650-42a9-9c12-7317f1b589de','57cfcfe0-8e3e-4b60-94e7-c02c3ceff999','2025-09-25 06:16:06');
INSERT INTO tool_usage_events VALUES('70aa689b-f2e2-4b18-802d-6bc7a26bdb35','57cfcfe0-8e3e-4b60-94e7-c02c3ceff999','2025-09-25 06:16:06');
INSERT INTO tool_usage_events VALUES('05f3edec-2c36-4ed0-aebc-c3d7f92ce021','78d1b64e-e433-454b-8abd-f56e24ac7864','2025-09-25 07:31:39');
INSERT INTO tool_usage_events VALUES('bf81b7e5-afda-47df-af53-e46b3bae775c','2e72a9d6-92f8-4e03-a16f-5a5c3afbfbb1','2025-09-25 07:39:32');
INSERT INTO tool_usage_events VALUES('4d066f93-720f-45d8-bc94-4db5b59ed7b4','78d1b64e-e433-454b-8abd-f56e24ac7864','2025-09-25 07:42:56');
INSERT INTO tool_usage_events VALUES('ffa9dc39-6499-4c93-b61d-a7101407dc18','57cfcfe0-8e3e-4b60-94e7-c02c3ceff999','2025-09-25 07:43:24');
INSERT INTO tool_usage_events VALUES('483ade4d-4fe5-4e60-93f8-a8c155f7fabc','78d1b64e-e433-454b-8abd-f56e24ac7864','2025-09-25 08:09:14');
INSERT INTO tool_usage_events VALUES('c9cdf0fc-f4f6-490e-9fa1-e53615005fc2','57cfcfe0-8e3e-4b60-94e7-c02c3ceff999','2025-09-25 08:31:14');
INSERT INTO tool_usage_events VALUES('4b7e79ae-2537-4472-8de4-786d65347c21','6c15bb01-5b64-40d9-ab42-08ff3df37c4c','2025-09-25 08:56:03');
INSERT INTO tool_usage_events VALUES('74f098eb-86a7-4e79-be2c-738c43c1bf82','6c15bb01-5b64-40d9-ab42-08ff3df37c4c','2025-09-25 08:56:03');
INSERT INTO tool_usage_events VALUES('f60885be-fcb7-46af-9176-6ec7085fdf8c','6c15bb01-5b64-40d9-ab42-08ff3df37c4c','2025-09-25 08:56:04');
INSERT INTO tool_usage_events VALUES('bf8a7879-bcb1-407b-9137-214469f3d96c','2e72a9d6-92f8-4e03-a16f-5a5c3afbfbb1','2025-09-25 08:56:53');
INSERT INTO tool_usage_events VALUES('7878411e-7828-44af-af20-a59d812accb5','43210ba9-e2cc-4ee2-9a20-f8f4c1458685','2025-09-25 09:07:04');
INSERT INTO tool_usage_events VALUES('4c34c52b-506e-4d03-9a36-9b6e7a4c92c1','43210ba9-e2cc-4ee2-9a20-f8f4c1458685','2025-09-25 09:08:56');
INSERT INTO tool_usage_events VALUES('0754da26-8992-4484-b462-90f31818737a','d7b9d813-ed91-49f1-9e7f-b9ee4a70c110','2025-09-25 09:29:05');
INSERT INTO tool_usage_events VALUES('b69f54a1-bf2d-4139-9614-c5954225b3c1','21c517e3-c889-4ff1-9bc9-6d3cec15ac2a','2025-09-25 09:29:55');
INSERT INTO tool_usage_events VALUES('0097aaa1-165c-4676-b9dd-7b9b895122b0','caafd2b0-6e2a-4374-b687-f00ae6aa8968','2025-09-25 09:31:04');
INSERT INTO tool_usage_events VALUES('41b9009b-9732-47d1-a438-1ac44248cf51','ebc83ec5-c5f1-40b4-83e7-549972472288','2025-09-25 11:52:10');
INSERT INTO tool_usage_events VALUES('3ae8b191-3a8b-4c38-9549-930f3f28e04b','2e72a9d6-92f8-4e03-a16f-5a5c3afbfbb1','2025-09-25 12:31:02');
INSERT INTO tool_usage_events VALUES('a2fcf418-c501-474e-9e0e-b23b6c5a9d69','2e72a9d6-92f8-4e03-a16f-5a5c3afbfbb1','2025-09-25 12:49:43');
INSERT INTO tool_usage_events VALUES('5756a9de-da88-468e-b872-3a8048c2e7b6','2e72a9d6-92f8-4e03-a16f-5a5c3afbfbb1','2025-09-25 12:49:43');
INSERT INTO tool_usage_events VALUES('44de0786-5d61-4c99-8aa4-458277480280','2e72a9d6-92f8-4e03-a16f-5a5c3afbfbb1','2025-09-25 12:49:50');
INSERT INTO tool_usage_events VALUES('aa06ff12-88f0-4b8d-a47f-51a8ce45b386','2e72a9d6-92f8-4e03-a16f-5a5c3afbfbb1','2025-09-25 12:50:03');
INSERT INTO tool_usage_events VALUES('c8304e28-bae0-4dd8-bb2e-58659b72a7ec','2e72a9d6-92f8-4e03-a16f-5a5c3afbfbb1','2025-09-25 12:50:03');
INSERT INTO tool_usage_events VALUES('50c7b5d7-8ce1-4b2c-bffd-e65054585276','2e72a9d6-92f8-4e03-a16f-5a5c3afbfbb1','2025-09-25 12:51:02');
INSERT INTO tool_usage_events VALUES('5e64f8ee-d82e-492d-8481-1a3266e76caf','2e72a9d6-92f8-4e03-a16f-5a5c3afbfbb1','2025-09-26 02:06:33');
INSERT INTO tool_usage_events VALUES('8d02ba5d-bfe0-4ad5-bb99-068237e99fbf','2e72a9d6-92f8-4e03-a16f-5a5c3afbfbb1','2025-09-26 02:20:22');
INSERT INTO tool_usage_events VALUES('87699732-da65-4dac-a9b6-ce3b68b73d9b','2e72a9d6-92f8-4e03-a16f-5a5c3afbfbb1','2025-09-26 03:42:43');
INSERT INTO tool_usage_events VALUES('9a0fa739-70df-453a-845a-e0befaf785a8','2e72a9d6-92f8-4e03-a16f-5a5c3afbfbb1','2025-09-26 06:44:44');
INSERT INTO tool_usage_events VALUES('fbcf8e62-3ffa-421c-a232-eaf9a3b17af5','57cfcfe0-8e3e-4b60-94e7-c02c3ceff999','2025-09-26 06:44:51');
INSERT INTO tool_usage_events VALUES('5c480483-a976-4b20-8d18-ea890743d7eb','2e72a9d6-92f8-4e03-a16f-5a5c3afbfbb1','2025-09-26 06:56:40');
INSERT INTO tool_usage_events VALUES('7b9bf4c2-892b-4923-8b1b-a2842f77c370','2e72a9d6-92f8-4e03-a16f-5a5c3afbfbb1','2025-09-26 06:56:59');
INSERT INTO tool_usage_events VALUES('ed1856ae-61bc-476a-9dc0-8cb99f94e347','57cfcfe0-8e3e-4b60-94e7-c02c3ceff999','2025-09-26 07:17:11');
DELETE FROM sqlite_sequence;
INSERT INTO sqlite_sequence VALUES('tool_environments',206);
INSERT INTO sqlite_sequence VALUES('tool_tags',179);
CREATE INDEX idx_tools_category ON tools (category);
CREATE INDEX idx_tools_status ON tools (status);
CREATE INDEX idx_tool_environments_tool_id ON tool_environments (tool_id);
CREATE INDEX idx_tool_tags_tool_id ON tool_tags (tool_id);
CREATE INDEX idx_tool_tags_tag ON tool_tags (tag);
CREATE INDEX idx_tool_usage_tool_id ON tool_usage_events (tool_id);
