PRAGMA defer_foreign_keys=TRUE;
CREATE TABLE tool_categories (
  id TEXT PRIMARY KEY,
  name TEXT NOT NULL,
  description TEXT,
  icon TEXT NOT NULL,
  color TEXT NOT NULL,
  created_at DATETIME DEFAULT CURRENT_TIMESTAMP,
  updated_at DATETIME DEFAULT CURRENT_TIMESTAMP
);
INSERT INTO tool_categories VALUES('development','开发工具','代码开发和调试工具','Code','#10b981','2025-09-02 11:49:53','2025-09-02 11:49:53');
INSERT INTO tool_categories VALUES('deployment','部署工具','CI/CD和部署管理工具','Rocket','#f59f45','2025-09-02 11:49:53','2025-09-02 11:49:53');
INSERT INTO tool_categories VALUES('monitoring','监控工具','系统监控和日志分析工具','BarChart','#ef4444','2025-09-02 11:49:53','2025-09-02 11:49:53');
INSERT INTO tool_categories VALUES('database','数据库工具','数据库管理和操作工具','Database','#f59f45','2025-09-02 11:49:53','2025-09-02 11:49:53');
INSERT INTO tool_categories VALUES('communication','协作工具','团队协作和沟通工具','MessageSquare','#3c6df0','2025-09-02 11:49:53','2025-09-02 11:49:53');
INSERT INTO tool_categories VALUES('482a552d-b451-4f0a-a1d0-4d832a59958e','业务项目','业务相关项目','Monitor','#f9739a','2025-09-22 06:00:29','2025-09-22 06:00:29');
INSERT INTO tool_categories VALUES('eeff1543-aaa9-42d8-bd60-8eb888b1f37a','DeepClick','DeepClick 相关站点','TrendingUp','#3c6df0','2025-09-24 07:14:59','2025-09-24 07:14:59');
INSERT INTO tool_categories VALUES('f1bec030-e38f-43b2-aea8-8cf01780abbc','ROIBest','ROIBest 相关站点','Rocket','#10b981','2025-09-24 07:15:36','2025-09-24 07:15:36');
INSERT INTO tool_categories VALUES('0c97efe7-d1d4-471d-a04d-965c41e09e22','实用工具','内部开发的小工具','Wrench','#06b6d4','2025-09-25 09:36:57','2025-09-25 09:36:57');
CREATE TABLE tools (
  id TEXT PRIMARY KEY,
  name TEXT NOT NULL,
  description TEXT,
  category TEXT NOT NULL,
  icon TEXT NOT NULL,
  is_internal BOOLEAN DEFAULT TRUE,
  status TEXT DEFAULT 'active' CHECK (status IN ('active', 'maintenance', 'deprecated')),
  last_updated DATETIME DEFAULT CURRENT_TIMESTAMP,
  created_at DATETIME DEFAULT CURRENT_TIMESTAMP,
  updated_at DATETIME DEFAULT CURRENT_TIMESTAMP, permission_id TEXT,
  FOREIGN KEY (category) REFERENCES tool_categories (id)
);
INSERT INTO tools VALUES('0277fcf4-e502-431d-a29e-8028cc6ddebf','Superset','查数 BI','database','https://images.seeklogo.com/logo-png/50/2/superset-icon-logo-png_seeklogo-500354.png',0,'active','2025-09-19','2025-09-16 02:06:01','2025-09-16 02:06:01',NULL);
INSERT INTO tools VALUES('a21d8fad-551e-48e9-b7e6-538e8de83231','Elastic','服务日志查询','monitoring','https://kibana.qiliangjia.org/ui/favicons/favicon.svg',0,'active','2025-09-16','2025-09-16 02:08:02','2025-09-16 02:08:02',NULL);
INSERT INTO tools VALUES('7cdfa366-a184-40af-8261-e5ffc449d225','Apollo 配置中心','配置中心','development','data:image/png;base64,iVBORw0KGgoAAAANSUhEUgAAACgAAAAlCAYAAAAwYKuzAAAABGdBTUEAALGPC/xhBQAAACBjSFJNAAB6JgAAgIQAAPoAAACA6AAAdTAAAOpgAAA6mAAAF3CculE8AAAABmJLR0QA/wD/AP+gvaeTAAAACXBIWXMAABYlAAAWJQFJUiTwAAAAB3RJTUUH5wYUCQgFIMzx+gAAASF6VFh0UmF3IHByb2ZpbGUgdHlwZSB4bXAAACiRdVJLcsUgDNtzih6ByMYmx0kfsOtMlz1+ZZK+pHktnvxsI0si6evjM73FEkiSh1fZvFrzbM2Kqy3I8W0P6y5RkwbYYmrDYEW2Pf/sHgByOmGYfI8tpWorGVnFhnMjshR0UV4ZkJ435AhSAMFNtgLVpHabvxeDQ3VlZNk4c/hc6M4m9DnCMWSRNQIjSRYwAd7bDsKn+EpY0vaKFgOifHK5M1K1klxMmFintJUudDI8GugLOJtOBEMa8QvoGl7TRVQA2V+yJqd+2s13+meNgo89IW2ZJo5X6k8BPwM2DWdWK4fsQ4F0OvVIJ+r/jXdvMK7u7OakqzvXoz2b43DVojazL39dVNI3T4CbGcAwl4YAAAABb3JOVAHPoneaAAAKrUlEQVRYw62Ye3TV1ZXHP99z781NQhKS0CQkILiUKgkEAh2LIlS0vARUhq5SVhlRFlqsWGntouOwakX7mK6RWq0DinUsvgqD+OhoaNUZSusw9kWtRsKIikXkZYEAed57f7+z5497Q36kYtLlnKy7btbZv3325+zf3vvsc8XfOO7beD/BlHOJ/fe7xGLxRBiGEzGbb9glwDCMAklthv1ZaKukTbGY+30Yhj4BnEg6/vGK6/ttT38L3D1PrMVJkBdHshHm7etmNs/MKs9oQNov6XFJ90ocdMcNq4BlVy7tl81Yf+HubdzAib8cZsDAYnwYXmRmD5vZlcCAPlRLzGySpAbJ/c4nOWIWZ8LE8Wz7xbY+7br+wG3atAl1tFD+iXLM+9HAOjP7VC9Pdcppj3OuSdJeSemo3Hv/We/9/cBZmKdy+PB+OaZfgK/k7wEXR3LFZnanmdX3kJGW02bn3OcTybwphWXFU+LJxBQ5t1BOLwI+AjnFzG6VUyIIMqx8YOX/D+CJpEcG3vxsM5sVEXVKurOovOTqmz53feMfntwW/83jL52948lfBRXnVG9OJPO+4Jy7Fwi6Fczsixb6iUJcYv/Qp+0+k2Tu9XO5dPpM5JTEs9F7P/fU7pxbW3luzfKX7tlcqZhbCcwBSoCjwMZ0R2r1xKunh6nO1CPm/byI3v0kWObToX11/o0fz4Np0jjnwDQsGneS9stp7dPffCihmFttZsvMbLiZlZnZCDP7Zl5h8vYb5lzb7qR/lXTylBexixRokFPfOdon4KSxk7rfzVnAoAjgqw2XT/zfkqryyWZ21Ycqmy287tprx+SXFP4ReKtnnsGIShfrO8L6fKJmQDWScM6VAoke23bg0eU/DDHqgMIPVZbK5dyImdMWtEo6FJEUAMVmxs+3b/94gG2ZDJb9ywDWY5yCd7bvBHH8tPnTR8bMWn+3c2scyO8lC4V44fjxjweYqqgAD2a8D5yMiEbOX/3lMvP2sqS3z6C+D9ScV1IQyuke59y9kv5H0tsYxwzjh7NmfaT9PgE7UikMQ2Iv4t1TAqM+3ZG6fOSUhnck3S7pQG9dM6sCG7Ple4+FzsWeh8RX5TRLTvOR9pkZ0kcXkj4Bb1uwAJ8OSVlwTOiFiPF8835lfklhw6e/cNkG4Crn3Lck/TaiPhBYHqaDgX96bjveusA4AdqDyPSnFehXs/DrX/6M148exmMjzdtzZjbi1ALS63L61tkN5zX+4u5/DzJd6Qlm9qyZDc49kpF0g6SHT3Z1Mai0lLVr1/bHLNDPZqFg9BBKi8qIxewIuC5gKj0ZXQXMOXHoWGXFJ4f8evvaxr3l51QNBiZ225A0TFJjXjx+ct2DDzJv3jyqq6sZP348Y8eOpampiTvuuKNvDw4bNoxBpaWk0mliznV7iI6dO7lp8zpi2XKTCIPw+977W06LFefuM2e37P7la0G6I3WemTX28vRtTvqOz8Wdcw7vs8e0Ac57jra2Ul9fz6pVq3rW7f6nvq6OylSKIAjIy8JVAWVIxIGC4jzMe3CEvTcm6Q1J9zhc0LL/CEEQ7AZ+TLT8mC3xZjMlzTGzm8Mw/IaZfQmYAlQEEuUlJexuaWHxNdec7sHRtbVIIpdVZwGLzGy+pEcM7s73nqtXLUcxh6TLvPebzGxQDi4tpy+b52EXC3h9y45urGoz+w8z+7vIXo6TLdLJyFybpN2Cp5AeA/aZZRd46Cc/wdWPGoUkgkwGSdPN7Gkz+w4wxswmC/I6AcUdcir15ld0w+UAGyVtck5YJkYm9PjsZg8K1gDRvrC0FxxAkZmN92bfNbNngBmJTAaA6xcvxkkiDALi8fg8M1sPRHc8FqjJy8vDm8e8LTSzqRG4Q5LuAtpiiTjHqg6xfv16ElK2vknPSNrWn0TMRoF9yszWZxKJeWaGScQtDInF4xeY2Q+A6sjzXnAQyB9/6QScYueb9zdjxCOAPy5IlPymM3MSdQWsuiob3N452sKQQjgh+FEuo4skHQN2AM2SOs3sbODC3Hc35GBJdznn9gI7YlWVlUVk4S6KwB2V9O2uzq5b/+XZdXsLigYkzPtVZjYzAvd759yKjO86mbGQm+ffcEp5x44dTL3wQgLvkXP7JA0D9khaPnTo0B/sbG5uNOm/Hnviiae2PP/8llzMjaGndJUB5ZJ+rvra2nkG64HinPCk4Ctzlsx/9Ozac2pSnV1zzWwCxt+bWXEOrkNOi4Mg2LT+jjVnLPfpdJpx48dTUlJSlkwmu360Zk16dG3tVMFlQAHSnzo7O3+2aNGi4++9995KM7stAtkq6VrV19ZuMFgQ8cwDTc3NN6555qG6MAjXefMX9+5VnHOPulhs6U3zrks11Nc75bIOCcyy35HxalOTrz3//Px4LPZPZvY1oKg7jICXvPdLp02bdqS9vX2jmc2JsGyIG3w6slaredu4y96Pv7i58Xbz/uLeXpEUIBrf3PFGV31d3cwwDK+huy6cYdTX1RnZ6+dnyZaZU3sFZsSc+8Zdq1cvW3bjjY+b2YyIFyfEgcERhYMdbe1vbnvupRGYTT5DpsVlatiz6+1NmI2Mev+M46P5MZhaP3p09ZRLLnnN4Kj1MA12EVoEnanOrpR5K+Sv61UUsuyD/Qexft4K+zEGuFisUM61I3VF5hNO0BrZSXlx2cDyZEHyfcSBM60mp6ZLr5yOpKG9RGmg4wyf1EcAvtvR3n7Yez+InmQFaHUmvRWZqE4kEpPuv3X1YUn/JinTeyXn3PZkQf6zTz+4YZCdHgYdwNclzZJ0RfQDzBYsBN74ELh2SevGjRvXZmaTzKw8InvLCV6g5/YfN2xpR3t7zUUzPrNGTivk1CzpuKRDcu7JWDy29PWXdxwoGFC4CGiILLZb0kYz+5X3fqv3fqukrSUlJVuXXHfd9rz8/KeAJcBzwAdAC/CqpJubmpt/WllZOczMFtNTtDywRfV1daPM7Fkg2hr9NAyCFcWlJQe+9O2vDU51pYZIar/0ihnvjFRNMLq2diFwN1BxSgdud/H4nT4M+czkyaTSaeISgdllwDJJa97ds2dr865d+eXl5ecCySAI9jWMHfuXkoEDq733d5tZtNy9KWmuxlxwAdbevsLMvs/pQf+K4MFMJni59diJY8nC/LzCogHnyWmBmS0k2853j9ckzQX+XFpTQ+3w4Xjvk2Rf651mNkTwPtIDzrmniwYM2JfMzw9aWlrKwzC82My+0itcAifdQix2n0bX1SEYaGZrgS/2io8AOChoMcgDasj+tBEdH0haYt4/H4vHaWlt5fJp0/Dej8u1W6clUu5y9V4uoapy53Cy1zMPS1puZm2xyooKBClJr0iqAUZF4sDlPFUFfIK/Lj17Jd3ydnPzM+UV2bc9fcYMwmzrdhQ4QfYgKIroFANDgeG5NeMRWSDpEefcrYLjBsSGDB1KGIYAbQ7+E6kFOIfsgX2mS1Ub2T5wuXn/4qDKSiTR1NzM7NmzOZm9jPvisrI/pru6/gBUSRpCpOb2GmEu5r4L/LOk43IOxeNZgEsaGjiSSuGAvMJC0p2do4DPYzbT4JM5LwZIh2X2W6RNZLO/tfv8bWpuPmVt1apV7N+7F3JdupNKDS43s88BFwCVZhaXdALYBTRKeioMw7disRhO4mRHBxs2bOD/AHoS0XkMsbmfAAAAJXRFWHRkYXRlOmNyZWF0ZQAyMDIzLTA2LTIwVDA5OjA4OjA1KzAwOjAwun413QAAACV0RVh0ZGF0ZTptb2RpZnkAMjAyMy0wNi0yMFQwOTowODowNSswMDowMMsjjWEAAAAodEVYdGRhdGU6dGltZXN0YW1wADIwMjMtMDYtMjBUMDk6MDg6MDUrMDA6MDCcNqy+AAAAAElFTkSuQmCC',0,'active','2025-09-24','2025-09-16 02:10:35','2025-09-16 02:10:35',NULL);
INSERT INTO tools VALUES('dc948435-e177-475d-af3d-292534c33947','Jenkins','服务部署 CI / CD','deployment','https://www.jenkins.io/images/logos/jenkins/jenkins.svg',0,'active','2025-09-24','2025-09-16 02:12:29','2025-09-16 02:12:29',NULL);
INSERT INTO tools VALUES('4d321857-c3f1-4996-9d32-e20eec9701ee','DeepClick-Console','Console端后台','eeff1543-aaa9-42d8-bd60-8eb888b1f37a','https://deepclick.com/favicon.ico',0,'active','2025-09-24','2025-09-16 02:15:02','2025-09-16 02:15:02',NULL);
INSERT INTO tools VALUES('e45e32df-edb7-4fd3-b83e-1afd4deddee9','Cloudflare','云服务平台','development','https://dash.cloudflare.com/favicon.ico',0,'active','2025-09-16','2025-09-16 03:17:44','2025-09-16 03:17:44',NULL);
INSERT INTO tools VALUES('1b38545d-6060-4486-9654-e94f8063ab61','Growthbook','Feature flags','development','https://cdn.prod.website-files.com/65b7ac22fd61413f7db83b81/6633dc4bd6d7296dd063906a_GrowthBook_Favicon_Color_White_Bkgrd_32px.png',0,'active','2025-09-24','2025-09-16 05:57:22','2025-09-16 05:57:22',NULL);
INSERT INTO tools VALUES('46c44ebc-880a-480c-acad-0b867ed23c87','多语言管理平台','管理多语言词条','communication','https://static.thenounproject.com/png/7811899-200.png',0,'active','2025-09-24','2025-09-16 06:01:21','2025-09-16 06:01:21',NULL);
INSERT INTO tools VALUES('3f058b10-6c40-48fa-9693-4307b532a5f1','要事 AI','管理要事 AI 任务','communication','https://yaoshi-tracking-web.qiliangjia.one/favicon.ico',0,'active','2025-09-16','2025-09-16 06:04:34','2025-09-16 06:04:34',NULL);
INSERT INTO tools VALUES('bd04e5f9-2c37-4331-a873-0e6252d2e750','ROIBest - 接入文档','ROIBest-自研客户接入文档','f1bec030-e38f-43b2-aea8-8cf01780abbc','https://www.roibest.com/favicon.ico',0,'active','2025-09-24','2025-09-18 07:25:49','2025-09-18 07:25:49',NULL);
INSERT INTO tools VALUES('6c15bb01-5b64-40d9-ab42-08ff3df37c4c','JSON 格式化','JSON 格式化','0c97efe7-d1d4-471d-a04d-965c41e09e22','data:image/svg+xml;base64,PHN2ZyB2aWV3Qm94PSIwIDAgMjAwIDIwMCIgeG1sbnM9Imh0dHA6Ly93d3cudzMub3JnLzIwMDAvc3ZnIj48ZGVmcz48bGluZWFyR3JhZGllbnQgaWQ9ImcxIiB4MT0iMCUiIHkxPSIwJSIgeDI9IjEwMCUiIHkyPSIxMDAlIj48c3RvcCBvZmZzZXQ9IjAlIiBzdG9wLWNvbG9yPSIjMDZCNkQ0Ii8+PHN0b3Agb2Zmc2V0PSIxMDAlIiBzdG9wLWNvbG9yPSIjOEI1Q0Y2Ii8+PC9saW5lYXJHcmFkaWVudD48L2RlZnM+PHJlY3QgeD0iNDAiIHk9IjUwIiB3aWR0aD0iMTIwIiBoZWlnaHQ9IjEwMCIgcng9IjEyIiBzdHJva2U9InVybCgjZzEpIiBzdHJva2Utd2lkdGg9IjQiIGZpbGw9Im5vbmUiLz48cGF0aCBkPSJNNjAgNzBoODBNNjAgODVoNjBNNjAgMTAwaDgwTTYwIDExNWg0MCIgc3Ryb2tlPSJ1cmwoI2cxKSIgc3Ryb2tlLXdpZHRoPSIzIiBzdHJva2UtbGluZWNhcD0icm91bmQiLz48Y2lyY2xlIGN4PSI2MCIgY3k9IjcwIiByPSIzIiBmaWxsPSJ1cmwoI2cxKSIvPjxjaXJjbGUgY3g9IjYwIiBjeT0iODUiIHI9IjMiIGZpbGw9InVybCgjZzEpIi8+PGNpcmNsZSBjeD0iNjAiIGN5PSIxMDAiIHI9IjMiIGZpbGw9InVybCgjZzEpIi8+PGNpcmNsZSBjeD0iNjAiIGN5PSIxMTUiIHI9IjMiIGZpbGw9InVybCgjZzEpIi8+PHRleHQgeD0iMTAwIiB5PSIxNzAiIGZvbnQtZmFtaWx5PSJBcmlhbCIgZm9udC1zaXplPSIxOCIgZmlsbD0idXJsKCNnMSkiIHRleHQtYW5jaG9yPSJtaWRkbGUiIGZvbnQtd2VpZ2h0PSJib2xkIj5KU09OPC90ZXh0Pjwvc3ZnPg==',1,'active','2025-09-25','2025-09-19 12:11:54','2025-09-19 12:11:54',NULL);
INSERT INTO tools VALUES('57cfcfe0-8e3e-4b60-94e7-c02c3ceff999','URL 分析器','解析url字符串以获取所有不同的部分（协议、来源、参数、端口）','0c97efe7-d1d4-471d-a04d-965c41e09e22','data:image/svg+xml;base64,PHN2ZyB4bWxucz0iaHR0cDovL3d3dy53My5vcmcvMjAwMC9zdmciIHZpZXdCb3g9IjAgMCAxMDAgMTAwIj48ZGVmcz48bGluZWFyR3JhZGllbnQgaWQ9ImdyYWQiIHgxPSIwJSIgeTE9IjAlIiB4Mj0iMTAwJSIgeTI9IjEwMCUiPjxzdG9wIG9mZnNldD0iMCUiIHN0b3AtY29sb3I9IiM0ZmFjZmUiLz48c3RvcCBvZmZzZXQ9IjEwMCUiIHN0b3AtY29sb3I9IiMwMGYyZmUiLz48L2xpbmVhckdyYWRpZW50PjwvZGVmcz48ZyBmaWxsPSJub25lIiBzdHJva2U9InVybCgjZ3JhZCkiIHN0cm9rZS13aWR0aD0iNCIgc3Ryb2tlLWxpbmVjYXA9InJvdW5kIiBzdHJva2UtbGluZWpvaW49InJvdW5kIj48cmVjdCB4PSIyMCIgeT0iMjAiIHdpZHRoPSI2MCIgaGVpZ2h0PSI2MCIgcng9IjEwIi8+PHBhdGggZD0iTTM1IDQwaDMwTTM1IDUwaDE1Ii8+PGNpcmNsZSBjeD0iNzAiIGN5PSI1MCIgcj0iNSIvPjxwYXRoIGQ9Ik00NSA2NWw1IDUgMTAtMTAiLz48L2c+PHRleHQgeD0iNTAiIHk9IjkwIiB0ZXh0LWFuY2hvcj0ibWlkZGxlIiBmb250LXNpemU9IjEwIiBmaWxsPSJ1cmwoI2dyYWQpIiBmb250LWZhbWlseT0iQXJpYWwsIHNhbnMtc2VyaWYiPjwvdGV4dD48L3N2Zz4=',1,'active','2025-09-25','2025-09-22 07:11:07','2025-09-22 07:11:07',NULL);
INSERT INTO tools VALUES('4d7b4ba7-da42-4df2-b56e-8f5e42eaddd4','万事墙','项目排期追踪','communication','https://project.qiliangjia.org/logo.svg',0,'active','2025-09-22','2025-09-22 07:54:11','2025-09-22 07:54:11',NULL);
INSERT INTO tools VALUES('786df662-79b5-446a-bde5-4bd282788a6c','Roibest - Admin','RB 发版平台','f1bec030-e38f-43b2-aea8-8cf01780abbc','https://mis-test-1.qiliangjia.one/favicon.ico',0,'active','2025-09-24','2025-09-22 07:56:48','2025-09-22 07:56:48',NULL);
INSERT INTO tools VALUES('b31e0059-d962-495e-8810-8a5399437bd1','Sentry','前端错误监控系统','monitoring','data:image/svg+xml;base64,PHN2ZyB4bWxucz0iaHR0cDovL3d3dy53My5vcmcvMjAwMC9zdmciIHdpZHRoPSI5MCIgaGVpZ2h0PSI5MCI+PHN0eWxlPkBrZXlmcmFtZXMgbG9nby12aXNpYmxlezQwJXtvcGFjaXR5OjB9NDUlLDY3JXtvcGFjaXR5OjA7ZmlsdGVyOmJsdXIoMCl9NDYle29wYWNpdHk6MTtmaWx0ZXI6Ymx1ciguNHB4KX02NSV7b3BhY2l0eToxO2ZpbHRlcjpibHVyKC43cHgpfX1Aa2V5ZnJhbWVzIGxvZ28tc3Bpbns0NSV7dHJhbnNmb3JtOnNjYWxlKDEpIHJvdGF0ZSgwZGVnKX00NiV7dHJhbnNmb3JtOnNjYWxlKC45NSkgcm90YXRlKDBkZWcpfTY2JSx0b3t0cmFuc2Zvcm06c2NhbGUoMSkgcm90YXRlKDM2MGRlZyl9fUBrZXlmcmFtZXMgbG9nby1kcmF3ezAlLHRve3N0cm9rZS1kYXNob2Zmc2V0OjMwMH0zMyUsNjQle3N0cm9rZS1kYXNob2Zmc2V0OjB9fTwvc3R5bGU+PGRlZnM+PHBhdGggaWQ9ImxvYWRpbmctbG9nbyIgZmlsbD0ibm9uZSIgc3Ryb2tlLXdpZHRoPSI1IiBzdHJva2UtbGluZWNhcD0icm91bmQiIHN0cm9rZS1saW5lam9pbj0icm91bmQiIGQ9Im04IDUwLTQuMyA3LjZjLTEuNyAzLjMuNSA2IDMuNCA2aDE4LjhjMC0xMC44LTYuOS0xOC45LTEyLjgtMjIuMSAxLjktMy4yIDUtOSA2LjMtMTEgMTIgNyAxOS4xIDE5LjggMTkuMSAzMy4yaDEyLjZjMC0xNi44LTguNi0zNC4zLTI1LjUtNDQgNC4zLTcuNCA3LTEyLjQgOC42LTE0LjggMS41LTIuMyA1LjItMi40IDYuNiAwbDMwLjUgNTIuN2MxLjQgMi42IDAgNi0zLjggNmgtNi44Ii8+PC9kZWZzPjx1c2UgeD0iNSIgeT0iNSIgaHJlZj0iI2xvYWRpbmctbG9nbyIgc3R5bGU9ImFuaW1hdGlvbjpsb2dvLWRyYXcgNHMgY3ViaWMtYmV6aWVyKC45OSwwLC41MywxKSBpbmZpbml0ZSxsb2dvLXNwaW4gNHMgY3ViaWMtYmV6aWVyKC43NywtLjYzLC4xMiwxLjQ1KSBpbmZpbml0ZTtzdHJva2U6IzAwMDtzdHJva2UtZGFzaG9mZnNldDozMDA7dHJhbnNmb3JtLW9yaWdpbjo1MCUgNTAlO3N0cm9rZS1kYXNoYXJyYXk6MzAwIi8+PC9zdmc+Cg==',0,'active','2025-09-22','2025-09-22 08:14:31','2025-09-22 08:14:31',NULL);
INSERT INTO tools VALUES('43210ba9-e2cc-4ee2-9a20-f8f4c1458685','VirusTotal','FB 网站过审检测','482a552d-b451-4f0a-a1d0-4d832a59958e','https://www.virustotal.com/gui/images/manifest/icon-192x192.png',0,'active','2025-09-22','2025-09-22 08:17:21','2025-09-22 08:17:21',NULL);
INSERT INTO tools VALUES('78d1b64e-e433-454b-8abd-f56e24ac7864','Base64 编解码','支持文本编码/解码、按列换行以及结果一键复制，方便处理日志和令牌。','0c97efe7-d1d4-471d-a04d-965c41e09e22','data:image/svg+xml;base64,PHN2ZyB2aWV3Qm94PSIwIDAgMjAwIDIwMCIgeG1sbnM9Imh0dHA6Ly93d3cudzMub3JnLzIwMDAvc3ZnIj48ZGVmcz48bGluZWFyR3JhZGllbnQgaWQ9ImcxIiB4MT0iMCUiIHkxPSIwJSIgeDI9IjEwMCUiIHkyPSIxMDAlIj48c3RvcCBvZmZzZXQ9IjAlIiBzdG9wLWNvbG9yPSIjM0I4MkY2Ii8+PHN0b3Agb2Zmc2V0PSIxMDAlIiBzdG9wLWNvbG9yPSIjOEI1Q0Y2Ii8+PC9saW5lYXJHcmFkaWVudD48L2RlZnM+PHJlY3QgeD0iMzAiIHk9IjUwIiB3aWR0aD0iMTQwIiBoZWlnaHQ9IjEwMCIgcng9IjEyIiBzdHJva2U9InVybCgjZzEpIiBzdHJva2Utd2lkdGg9IjQiIGZpbGw9Im5vbmUiLz48cGF0aCBkPSJNNjAgODBoNDBNNjAgOTVoNTVNNjAgMTEwaDI4IiBzdHJva2U9InVybCgjZzEpIiBzdHJva2Utd2lkdGg9IjMiIHN0cm9rZS1saW5lY2FwPSJyb3VuZCIvPjxwYXRoIGQ9Ik0xMTAgNzVsMTUgMTUtMTUgMTUiIGZpbGw9Im5vbmUiIHN0cm9rZT0idXJsKCNnMSkiIHN0cm9rZS13aWR0aD0iNCIgc3Ryb2tlLWxpbmVjYXA9InJvdW5kIiBzdHJva2UtbGluZWpvaW49InJvdW5kIi8+PGNpcmNsZSBjeD0iMTI1IiBjeT0iOTAiIHI9IjUiIGZpbGw9InVybCgjZzEpIi8+PHRleHQgeD0iMTAwIiB5PSIxNzAiIGZvbnQtZmFtaWx5PSJBcmlhbCIgZm9udC1zaXplPSIxOCIgZmlsbD0idXJsKCNnMSkiIHRleHQtYW5jaG9yPSJtaWRkbGUiIGZvbnQtd2VpZ2h0PSJib2xkIj5CNjQ8L3RleHQ+PC9zdmc+',1,'active','2025-09-25','2025-09-22 08:55:04','2025-09-22 08:55:04',NULL);
INSERT INTO tools VALUES('c5b2b9dc-b15b-4603-97c8-5e5963a6cc2c','ROIBest MIS','RB MIS','f1bec030-e38f-43b2-aea8-8cf01780abbc','https://mis-test-1.qiliangjia.one/favicon.ico',0,'active','2025-10-21','2025-09-23 03:36:10','2025-09-23 03:36:10',NULL);
INSERT INTO tools VALUES('d7b9d813-ed91-49f1-9e7f-b9ee4a70c110','二维码生成器','二维码生成器','0c97efe7-d1d4-471d-a04d-965c41e09e22','data:image/png;base64,iVBORw0KGgoAAAANSUhEUgAAAvAAAALwCAYAAADxpkF6AAAABmJLR0QA/wD/AP+gvaeTAAAgAElEQVR4nOzde5hddXn28ftZeyYJSUiCcgathxcyITMJaGwVtCVIW1Gw2jqZmUBoVEyrFTKTBETtYde2CgFmJlBpTcFSkMwkYz0Aii2HIILtqwhmDjngW7AtoJxqEpIwycxez/sHU5RDYJLM7Getvb+f65rLel1xP3eTNWvd+7fX/i0JAAAAAAAAAAAAAAAAAAAAAAAAAAAAAAAAAAAAAAAAAAAAAAAAAAAAAAAAAAAAAAAAAAAAAAAAAAAAAAAAAAAAAAAAAAAAAAAAAAAAAAAAAAAAAAAAAAAAAAAAAAAAAAAAAAAAAAAAAAAAAAAAAAAAAAAAAAAAAAAAAAAAAAAAAAAAAAAAAAAAAAAAAAAAAAAAAAAAAAAAAAAAAAAAAAAAAAAAAAAAAAAAAAAAAAAAAAAAAAAAAAAAAAAAAAAAAAAAAAAAAAAAAAAAAAAAAAAAAAAAAAAAAAAAAAAAAAAAAAAAAAAAAAAAAAAAAAAAAAAAAAAAAAAAAAAAAAAAAAAAAAAAAAAAAAAAAAAAAAAAAAAAAAAAAAAAAAAAAAAAAAAAAAAAAAAAAAAAAAAAAAAAAAAAAAAAAAAAAAAAAAAAAAAAAAAAAAAAAAAAAAAAAAAAAAAAAAAAAAAAAAAAAAAAAAAAAAAAAAAAAAAAAAAAAAAAAAAAAAAAAAAAAAAAAAAAAAAAAAAAAAAAAAAAAAAAAAAAAAAAAAAAAAAAAAAAAAAAAAAAAAAAAAAAAAAAAAAAAAAAAAAAAAAAAAAAAAAAAAAAAAAAAAAAAAAAAAAAAAAAAAAAAAAAAAAAAAAAAAAAAAAAAAAAAAAAAAAAAAAAAAAAAAAAAAAAAAAAAAAAAAAAAAAAAAAAAAAAAAAAAAAAAAAAAAAAAAAAAAAAAAAAAAAAAAAAAAAAAAAAAAAAAAAAAAAAAAAAAAAAAAAAAAAAAAAAAAAAAAAAAAAAAAAAAAAAAAAAAAAAAAAAAAAAAAAAAAAAAAAAAAAAAAAAAAAAAAAAAAAAAAAAAAAAAAAAAAAAAAAAAAAAAAAAAAAAAAAAAAAAAAAAAAAAAAAAAAAAAAAAAAAAAAAAAAAAAAAAAAAAAAAAAAAAAAAAAAAAAAAAAAAAAAAAAAAAAAAAAAAAAAAAAAAAAAAAAAAAAACMF4sOAORd0YvJYN+D0/dYOrWUlibXWO3U6EzYu2Ef2lGrSb+4fO4NT0RnwYFbsWHR4UMaPITfu2wb9qEdhaSwa4InOy5pWLNVJo/OBOQZBR4YpaV9LUcUTO90+Sy5jpc0U9Jxkg4Jjob94lvldrubbrKk9K2O2T3/E50Ir65toPE1nhbeZ673y/x0yWZEZ8J++YVcD8r0oMm3pNKmmnTCPbyxBkaHAg/sxYoNi6YM1wydYanPl5JTJT8hOBLGzy6XVk3cXbr00nk926LD4KU+dV/j9N0TC58yaamkydF5MC5cro0m3aXE1u8Y3HHr6nk374oOBWQRBR74FY3rGgtHn2CnJ56cLemDkvhYvro8bWZ/1F7f9c/RQfBLrQPNH7JUfy/ptdFZUFY7JH1d8q88sim9o2dBTyk6EJAVFHhAUusDi2dYzeAnJH1S0lHReRDKXfrLzvruz3GfbjCXtfY3/7lJfyGuV9XuZ5L+dsLu0hf5lAzghIgqd+FA45GlUtLmZn8saVp0HmSJrepo6GqNTlHN2vqaV0m6IDoHMmW7zK5OXZ2rGroejw4DRKHAoyoVH148adszz14ks4slHRSdB9nkZh/rrO+6JjpHNVrW3/wxd62OzoHM2iXTF4YnbrvsquNu3R0dBig3CjyqTmtf8/skrTLpzdFZkHl75IV5HXNu7IsOUk2W9rXMSeT3SaqNzoLM+3/mydL2OWu+HR0EKKea6ABAuVzcu/CQ3UpXS/pQdBbkxgQlpUslvTc6SDVJ3C+VUd4xKv/HLf1WW39Ljw9NXNJ50nVbowMB5cAKPKpCa2/LO8y8S9KvRWdB/pilp7XXr1sfnaMaLOtfMN89uTM6B3LI9FMreUv73LX/Hh0FGG9JdABgXLmstb/lIjP/rijv2E+u5LzoDNWCv2vsN9cbPLG72/qaLpSzQInKxgGOitW4rrHwulnJ37uMQoADtW16Ujq8OLtnT3SQSrbkviW1UyZue4Knq+JAuez6XbsPPm/1vNVD0VmA8cAKPCrSkvvOmnzsrMI3Ke8YI9O3poWTo0NUuqmTtr6T8o6xYPJzp0zc/rUl953FU3tRkSjwqDgX9y48ZMrEKbdJel90FlQOk8+NzlD5CvwdYyydOWXilNsv7l14SHQQYKxR4FFRltx31uTdlt4iidVSjCmTHRudoeK5HxMdARXnHbst/RYr8ag0FHhUjOL6U2umTJyyTpR3jAOXpkZnqHSpNCU6AyrSO6ZMnLK2uP5Uts5GxaDAozK4bPuhR35J3DaDceJmu6IzVDx3nqiJ8XLmtkOP/Ed2p0GloMCjIrQOtFzo0keic6CiPR4doNIlsp9HZ0BFO6e1v3l5dAhgLFDgkXutvS3vMPe/js6BymbSpugMFa/A3zHGl0mfX7ah6e3ROYADRYFHrrU+sHiGJb5G4rHrGFe7a2t23hUdotINqnSnpMHoHKhotZ7YuraBxtdEBwEOBAUeuWaFwX+Q6w3ROVDp/I6VdTc9E52i0l09u2eH5HdG50DFe5285u+jQwAHggKP3Grta36fTB+KzoEq4HZjdISqwd81ysG9cVnvwvdGxwD2FwUeuXT+T86YaKb26ByoCr3TG+q6o0NUi+kNdd1yPRCdA5UvtfTK4sOLJ0XnAPYHBR65VPPstE/JdXx0DlS+1NKLilZMo3NUi6IVUxXsM9E5UPlMevO2nYMronMA+4P9UJE7Fw40HjmcFh6SdFB0FlQ6W9XR0NUanaIatfW1dEq+NDoHKt6uVPamVQ1dbBOLXGEFHrlTKiVtorxjnLl02/SnfsbqXJBHNg0vl/zb0TlQ8SYnJt6kI3dYgUeutD6weIbVDP6npGnRWVDJ/Oba2mfPZueZWBdtfv/BQ0OT10g6MzoLKtp2H570a50nXbc1OggwWqzAI1esZvATorxj/LjMLpleP+sDlPd4K+tuemZ6fd3vyXSpJI/Og4o1beTaAuQGK/DIjcZ1jYVjZxX+W9JR0VlQgUx3eMkv6py79v7oKHip5b0L35om6aVyvTs6CyrSzx7ZVHpdz4KeUnQQYDRqogMAo3X0CXa6nPKOMfVfMt2UpmnPqoZ1d0eHwd5dMWfNjySdvrR3wW8mSdIo1/slvT46FyrGUcfOSt4t6V+jgwCjQYFHbiSenB2dYS+ekvQ9kz8i6XF3ezI6EF5BYrvd/am0kDx45QlrfhIdB/tm1Zx1d0u6W9L5F2xceFxNqTTTLXmtUp8YnQ17Z+aHSTrCZcdKepekQ4MjvYQrOVsUeOQEt9AgF1ZsWDSllAz9XNLU6CwjBmW6RiWte2RL6ft87AoAo9O4rrFw7MzCySpogVznScrIw5TsmZ27dxy5et7Nu6KTAK+GFXjkwnDN0BmWZqK8pyZdJ6nYXt/939FhACBvRhY8vifpe8v6mldKKrq0WOEba/jBkydOfo+kr8XmAF4dBR65YKnPz8AHRjvkfk77nLXfjA4CAJWgvaH7vyV9tLW36atm1iVpemQeM5svCjxygG0kkRPJqaHjTT9NktJvdFDeAWDMdc5Ze2uSlE6W6aeROdx1auR8YLTClzSBV7Niw6LDR+5/Dzpe7ZlSmp585dy1/THzAaA6LO9tqUvN/11xK/Geyo5a1dD1eNB8YFRYgUfmpYXhdynuzWZqShdS3gFg/F0xp2uzyc+RlAZFMFN6StBsYNQo8Mi8NPUTomab/MvtDWtviZoPANWmvWHtLSObBYRIpFlRs4HRosAj88x0XNDoQck+FzQbAKqWl0p/LunZkNluUdccYNQo8Mg+1/Ehc03XjOyQAAAoo44Tex6V6dqQ4aaZIXOBfUCBR/ZZUIEvaV3IXABA5Dk45poD7AMKPDKtuP7UGkmHBIx++pEtpe8HzAUASBo5Bz8VMPqQxnWNhYC5wKhR4JFpW2e8Ierpq3ePPC0QABCgZ0FPyeT3BIy2N70pE0/+BvaKAo9MKyVDISdRkz8SMRcA8EtuFnIu3lNDgUe2UeCRaYVk+OCYycnPYuYCAJ7nCjkXJ0lN0LUHGB0KPDItSWxSzOR0a8xcAMCv+J+IoSVPJ0fMBUaLAg8AAADkCAUeAAAAyBEKPAAAAJAjFHgAAAAgRyjwAAAAQI5Q4AEAAIAcocADAAAAOUKBBwAAAHKEAg8AAADkCAUeAAAAyBEKPAAAAJAjFHgAAAAgRyjwAAAAQI5Q4AEAAIAcqYkOACCblva1HFGw0gnuyUx3n2myOpkOkzTNXVPMNEXS9Oic+2HnyM8OSVsl2yb5FjPb4qbNheHhLZfP7Xk4OCN+RVvvwjep4Mebq87dZ0o2U/LpkmZImipp8sh/5s02d+00005J2+V6UtImmR40S7eUvLBxVUPX49EhAWQPBR6AJOn8+xsPq5lQ83bJT5HrdMnf4p6YJJnZC/7si/5r3kwZ+Tn8uf/qkjTf3SWXSklBbX3Nj8vsbqV+uwp2b8fsroG4uNXnos3NRw/v8VM8sdPleo+Uvl7pyL+UpF/9v3JuutmvvAl+7vfqPZLkniiRq62v+SGZbjf5vT6c3tFxYs+jMVEBZAkFHqhibd9vPMimJme62bmSzpB7ITpTRhwh90aZGpW62vpaNpq8Jx3WdZ0ndf80Olwlumhz89FDQ94o2blDQ3qLzCqopx+QN8m1xGVLVCikbX3N/ybX9cMHFbqvOu7G7dHhAMSgwANVqG1g4a/L06VyfdClg6LzZJ+f4NJfWI3+dFlf0+3u+ruOhrU3yaiYB8RlbX1N7zfTx4eGdLpkvIF8ZYmkU2Q6pWaw1LGsr+XrJUtXrapf+8PoYADKiwIPVJHlAy3vTFP/lNL0zOgsOVVw2e/K9Lut/c39Sb9fNu3Jx9cU5981HB0sT4peTLYNbHmf+r0o01t4F7RfJrv87MTt7La+5ntldmlHfdfN0aEAlAe70ABVoK2veV5bX/M9aerfk0R5HwMm1bvbP2079MiNrb0tH4jOkxetfU2/v61/8xa53yTpLdF5KsQpcr+prb/57uW9C98aHQbA+GMFHqhgrQ8snmE1g38p6U8kcXvC+DjOzL/e1t98R5LaJ6+Y07U5OlAWXdjX9OZh6UrJ3hudpWK53pVa+oO2vuYb99RMaPvirOufjo4EYHywAg9UqLbe5oVWM7hF0gWivI8/17tT8/uX9TV9tnFdI3/fI4rrT61p7W3+s2FZP+W9LBJJiyYM7xlo629qjg4DYHxQ4IEKU3x48aS2vuZVMt2o57dKRJkc5LK/ft2smjsv2tx8dHSYaEv7Wo7YduhRt5rpc5ImReepMkfIrautr/n6FRsWTYkOA2BsUeCBCrK8t6Vu247B/6vnVt0RxOW/OTSkDa29TWdEZ4mybEPzuxP5jyU/PTpLlVtUSoZ+eMGGpvroIADGDgUeqBDLehe+NzW/T9Kc6CyQJB1qZrcs621aFh2k3Fr7mld4otskHRmdBZKkWYXE/q1toOU90UEAjA0KPFABWnubznZLv6HnnjCK7Ejc7Iq2vuZVRS9W/vnWZW39zZeYdJn+97miyIqpSv3m1r7mj0QHAXDgKv+CAlS4ZX3NF5jZ9ZJqo7Ngry7Y1r/5n5bct6Ri/40a1zUW2vqb/0GuT0VnwV7VmHRNW1/ThdFBABwYCjyQY229TZ90aZX4Xc6Dc6ZO2P5PFbkS77Jj6wrXSvpodBS8KpNsZVtfy/LoIAD2X+VdSIAq0dbbvFBmq6JzYPTc1LKtf9NV0TnGWltf8xUy/WF0DuwLv2xZb/Pi6BQA9g8FHsihtt4Fp8v0j+J3OIfsE8t6myvmNpO2vubPyNQWnQP7zNy0upp3SgLyjIs/kDPLBxpPkCXfkDQhOgv2j5u+0NrX9PvROQ5U60DzhyT9dXQO7LdaM1u3vLelLjoIgH1DgQdypPjw4klpWlgjdpvJOzPp2rbehW+KDrK/LuxrerOlukbsNpN3U0vmPUvuO2tydBAAo0eBB3Jk247dV0uaG50DY8FmyNK1xYHG3H2SsuS+JbXDsq9Imh6dBQfOpPqpEyfzfRogRyjwQE609TYvlPzD0TkwpuZt9ZovRIfYV5MnbFsp6e3ROTB2XHZeW39Tc3QOAKNDgQdy4OLehYfI1BGdA2PP3JcuG2g+KTrHaC3vXfhWMzs/OgfGgVvnxb0LD4mOAeDVUeCBHNht6eclHR6dA+OioFRfysP+8EUvJqmlfyupEJ0F4+KIPUr/KjoEgFeX+QsGUO2W9y58q6SPRefA+HHpbdsHNmf+IUjb+jcvEbfOVDQ3fbxtYOGvR+cA8Moo8EDGpZauEiueFc9dn//EQOPU6Bx7c9Hm9x8stoysBok8vTw6BIBXRoEHMqy1r/lUSadE50BZHDoxrfmj6BB7MzR00B9Lem10DpSB611Lexf8ZnQMAHtHgQcyzGSfjc6AcvIVbd9vPCg6xYsVH148yd1ao3OgfBJLOPcAGUaBBzLquftQ/fToHCirI+3gZHF0iBfbunPwo2Y6OjoHyup3lvY3vS06BICXR4EHssrTpdERUH6uJFv/7i4z6YLoGCi/gmfsWATwPAo8kEHn/+TsaXJ9IDoHIvjMLO0C0trX8na5jo/OgfJz+QdHvrwMIGMo8EAGFQZLH5I0OToHgni6KDrC88yzkwXlNnloeMrvR4cA8FIUeCCDTKI0VTPXwuJA44ToGMWBxgkmLYjOgUi8gQOyiAIPZMyKDYsOl8QWbtXtNdvS5NToEFtLybvF1pHVzTV/+ZaWQ6NjAHghCjyQMWkyNF/8bsLstOgISQYyIFxSGvZTo0MAeCFKApAxqXx+dAbEM1d4eXbFZ0A8SzknAVlDgQcyxsy4WEIuveXi3oWHRM1vfWDxDElzo+YjS/gkBsgaCjyQIUv7Wo5gyz6MKAxaenLU8KTm2XdKKkTNR6bUjXw3B0BGUOCBDClY6YToDMiUWVGDU0s4FvG8kg2HHYsAXooCD2SIezIzOgOyI5GHHQ+Jx81GFnE8AFlCgQcyxClN+BVuFnY8uMSxiOd5EncsAngpCjyQIcZFEr/KVRc4nWMRzzNPI49FAC9CgQeyxHVEdARkyqFFL5b9PN24rrEgHuCEFzC+xApkCAUeyBLT1OgIyBTbteX+KeUe+qY3aaokK/dcZJkdHJ0AwC9R4IEscXGRxItMLvsxsaeGN5J4IXfn3ARkCAUeyBSjOOEFdu8ulb04JUkNZQ0vYMYKPJAlFHggU3xydAJkS43Vlv1NXclTjkO8iJf9Vi4Ae0eBB7KF+47xAqmlZT8mClbgOMSLcUwAGUKBBwAAAHKEAg8AAADkCAUeAAAAyBEKPAAAAJAjFHgAAAAgRyjwAAAAQI5Q4AEAAIAcocADAAAAOUKBBwAAAHKEAg8AAADkCAUeAAAAyBEKPAAAAJAjFHgAAAAgRyjwAAAAQI5Q4AEAAIAcocADAAAAOUKBBwAAAHKEAg8AAADkCAUeAAAAyBEKPAAAAJAjFHgAAAAgRyjwAAAAQI5Q4AEAAIAcocADAAAAOUKBBwAAAHKEAg8AAADkCAUeAAAAyBEKPAAAAJAjFHgAAAAgRyjwAAAAQI5Q4AEAAIAcocADAAAAOUKBBwAAAHKEAg8AAADkCAUeAAAAyBEKPAAAAJAjFHgAAAAgRyjwAAAAQI5Q4AEAAIAcocADAAAAOUKBBwAAAHKEAg8AAADkCAUeeBku8+gMAFDtzDkXAy+HAo9Ms5I9GzM4aK40GDQXGZUkpV1lH1oYijr+kV0hx4QnMefEgiXl/70D9gEFHpm2Z3j46Yi57v5UxFxJzwTNRUYNSzuqYSYyL+TcZJ6GXAM0UVHXAGBUKPDItKve0vOkpF+Ue25aSB4s98wRFHi8wEGl2rIfExEzkXkxx0RJEefi/7liZhcFHplGgUf2ue4o88T/unLWmv9X5pkjnJVPvMCkpx8re3GKmImM85gC337i2gdl+mlZh5qV+5oD7DMKPDLPzL5Z1nnyb8oU88Upt/8JmYus2lacf9dwuYeOzNxe7rnIsESR56ZbyjnMXDeVcx6wPyjwyLwJbt+SVLYvFJXcv1quWS9hIR8XI7t+UqWzkTHuceemNE17yjhu18g1B8g0Cjwy75I5a34hqbNM4+5aNWfd3WWa9RJmtiVqNjJpc9hkE8cinpcEHovPnZPt9nLMclnHyDUHyDQKPHKhtnbXJZKeGOcxnniyYpxnvKI0TSlN+KXIEp06xyKeV7LYc5NZukJSOs5jnpq4e/iycZ4BjAkKPHJhZd1Nz7j849I43ptudukVc9b8aNxefxRqPI1bcUXmWGSJtoRjEc+zoSS0wLfXr90gs5XjOMIlLbl0Xs+2cZwBjBkKPHKjs2Ht1+ReHJcXd33nkY3Dfzour70PLp/b87C7HovOgWzwNP1+1OzaWr8najayxV2PdZ7U/dPoHNNnz/ysj9MXTN31Fx0N3V8fj9cGxgMFHrnS0bD2r9x9rO+H/9faCbsW9CzoKY3x6+4XS3RXdAZkgW3pOLHn0ajpK+u6H+NL1ZAkM90ZnUGSilZMJ0zYdY5Lt43l67p7Z2dD91+P5WsC440Cj3wxeeectW1u9jFJe8bg9Vbv3D3tzJV1N2Vm32uXrY/OgCxIw/eidneORUjumSjw0nO3Uz66qXSGTJeOwcvtkXRe55y1bWFbBwP7iQKPXOqs77pGXpgn+bf38yU2pJa+p6O++49Wz1s9NKbhDpCllpmLJeJ4Ev9GLuHNJCQlNYVMnZN6FvSUOuq7L1ZiZ0jq3b9X8W+XUn9rR0P3tWMaDigTiw4AHKjWvuZTzfQxuc6QdMgr/NFBye+U243TG+q6i1Yc7x0N9ltbX1OvZA3RORDm2eFJhSOvOu7G0IcptT6weIbVDP5M0qTIHIjkP+5oWHtSdIq9KXox2dq3qcVMCyV7t6SJr/DHf2Gyb6fyazobuu8qU0RgXFDgUTGW3LekdvLE7aeYfK6UHCPz6Uq106THPbGNu214/dWze3ZE5xyN1r7mFSaxnVnVsu6Ohq6W6BSS1NbXvFbSgugciGHuy9vnrG2PzjEanxhonDpJhdNU0iyXjlCiKXLbZvJHUql3xlM/vyfiycbAeKiJDgCMlZFbYe4a+cm1CbVaMzSkSyQVorOg/NzT66Mz/C+T3+AyCnx1KhUK6ZroEKM1skBz08gPUNG4Bx7IoJV13Y9JCv8SI0I8MePpx8d0l40DMe2px78j6fHoHAjguu2y2T0/j44B4KUo8EBWuV8dHQHlZ6YvZelj/uL8u4bl+ofoHAiQGOcgIKMo8EBGdTSsvUnyvugcKKudQ3tKV0WHeLE9tRM6JeXi+yMYMxs6ZnfdEh0CwMujwANZZXK35AvRMVA+Jv3dVW/peTI6x4t9cdb1T7vZ6ugcKCf7PHujA9lFgQcy7NGNw+t4GmbVGEwLNZnd7WNCjV8haTA6B8rBtjyyafifo1MA2DsKPJBhPQt6SnJdHJ0DZeC6vPOEr/wsOsberKzrfsyljugcGH+W+EU9C3pK0TkA7B0FHsi4jobur0viXtTK9l8Fr70kOsSrsWdKfyXp4egcGEeu77TP7mYbRiDjKPBADiSF5JOSdkXnwDgx++Tlc2/YGR3j1XSc3POs3Nuic2DcPCslfxIdAsCro8ADOXDFCWv+0+Sfj86BcfH1jvqum6NDjFbHnLXflOmb0Tkw9kz2Vx1z1jwUnQPAq6PAAzkxrX7WF2Q83KnCPJJMsCXRIfaZlT4i6T+jY2BMffe/Nw2vjA4BYHQsOgCA0Vva13JEIv+xpCOjs+CADSeJzb9idtc90UH2x7INTW/3xO6WVBudBQfsidpanTTyBGgAOcAKPJAjqxq6HvfEzpbEDhE552afzWt5l6T2uWv/XVIxOgcOWJrIzqG8A/lCgQdypnN2153mflF0DhyQr3TO7rosOsSBml5fd4lMa6JzYP+Z2fIrGrpui84BYN9Q4IEcap+ztt3cuV81j0x3TE9KH62Ep1wWrZjuHJy2WK7vRGfBvnPpC+31XZ3ROQDsO+6BB/LKZcv6m69x6SPRUTA6Jv1wMCmddvXsnh3RWcbSkvvOmjxl4pTbJJ0cnQWj9pWO+u5zK+GNJFCNWIEH8srk0576+R+Z7MboKBiVH+yumXBGpZV3SVo97+ZdyQT7PZN+GJ0Fo/KV6U/9/MOUdyC/WIEH8s5lbf0tl0p+YXQU7IXpjtqaXR9cWXfTM9FRxtOKDYumlApDPXKdEZ0Fe3Xl9Pq6tqIV0+ggAPYfBR6oEG19TUsl6xC/15lisht37D74w6vnrR6KzlIOxYHGCdu88I9yLYzOghdwkz7X3tBdjA4C4MBxoQcqSGtf0++bdK1kM6KzQMPm+tP2hu6VVXergsuW9bdc7PLPSaqJjgP9wt0+0jmn6xvRQQCMDQo8UGGWDjS+PkkL3ZLeEZ2lij2SJNaS533ex0LbwMJfl6dr5XpDdJYqdp88aeqYs+ah6CAAxg5fYgUqzKrZPf81PSmd6mbt4oFPEb6+p2bCidVe3iWpY/aaHyS19jaZvhmdpQqVTLp8elI6hfIOVB5W4IEK1jqw8ERL06vFanw5POKJ2jpnd381OkgWtfW3nCX5lazGl8WPUvOPr6pfy65AQIWiwAMVrujFZPvA5o+66/OSDo3OU4EG5bpcO0qf7zi559noMFk2sl/8ZyUtkzQpOk8FelLSpzvqu79cdd+7AKoMBR6oEis2LJpSSvacJ9mFko6JzlMBdkq6VqXSyo4Tex6NDpMnKzYsOjxNhj7hUquk6dF5KsATJv3d0KRC+1XH3bg9OgyA8UeBB6pM8eHFk7bt3P0RuS6QfHImG/4AACAASURBVGZ0nhx63EyrdxcmrPrirOufjg6TZ8u3tBya7valMn1M0hHRefLHtpjSVUOTtn/5quNu3R2dBkD5UOCBKtY20DJb7ovk+rCkw6PzZNigpNvN/fode6Z/o1r2dC+XxnWNhWPrbL4sOVfS70uaEp0pw34hU09idsMVJ3Tdy60yQHWiwAN47uE7aXKqud4ts/kuvUVSITpXsM0urVeiO0sTCv/KrQnlcf5Pzp5W2FP6HaU6zWSn8SmRSibd76Y75X7nzt3T1/MGEgAFHsBLtD6weIZqBk8x+QkmHZ/K6kyaKemw6GzjYLukB022xc03W+pbaibYvSvruh+LDgbpos3NRw8N2TtlfrykWXIdL9lMyQ+OzjYOnnRpSyLf7NKDLtuo4Un3dp503dboYACyhQIPYJ+0PrB4RikZmppoz5Qaq50anWdfpQUfTMx21A5r+39sHtres6CHvfJzqHFdY+HNdbXThmo0LXWfmpQsd7vaDPvQjlQTdhbS2h2UdAAAAAAAAAAAAAAAAAAAAAAAAAAAAAAAAAAAAAAAAAAAAAAAAAAAAAAAAAAAAAAAAAAAAAAAAAAAAAAAAAAAAAAAAAAAAAAAAAAAAAAAAAAAAAAAAAAAAAAAAAAAAAAAAAAAAAAAAAAAAAAAAAAAAAAAAAAAAAAAAAAAAOSZRQcAkC8X9y48ZKfblFofnmxJ4eDoPPusMPSsrHZn7bC2/8fmoe09C3pK0ZGw7xrXNRbeXFc7bahG0+RDU1SqPSg6077ytPTMkNXsmmK+85I5a34RnQdAflDgAbzExb0LD9ljpVNSS04w9+Ml1UmaKenQ4GjjwJ6R/EGZtniqzWa2RaXheztO7Hk0Ohmk8zecfWxNkp7s7jMTaZabjpfseMnz9+bx1T0laYukzW72YOLpxgleuJdyD+DFKPAAdP5PzphYeHbaaYnZaS7Nl3SipEJ0rlCmB919fSJbnw5P+pfOk67bGh2pGrQ+sHhGUjP4u6l8vslOk3RcdKZgJUk/Nml96n7njEJ6R3F2z57oUABiUeCBKra8d+FbU0vPldQi6bDoPBm2W9Jt5n79jj3Tv7F63uqh6ECVpHFdY+HYOpsvS86V9AeSJkdnyi7fKtnN8vT6joZ1d8jk0YkAlB8FHqgyxYcXT9q6c/CjJl0g1/HReXLoCblWJxNt1RUzu56KDpNny7e0HFrao1aTf0zS4dF5csf0oGSrpk+Z+OXiG68bjI4DoHwo8ECV+MRA49SJafJRyS6UdEx0ngqwU9K1w2nhsqvm3vhIdJg8WdrXckRB/nGX2iRNi85TAZ4w6e9qd5c6Lp3Xsy06DIDxR4EHKlzRi8n2vi0fc/O/kfTa6DwVaLekK3bu3vk3q+fdvCs6TJat2LBoSqkw/Kdyb5M0MTpPBXrKTJ+ZNrvu2qIV0+gwAMYPBR6oYK0DC0+0NL1a0juis1SBR838M+31a6+PDpJFbf0tZ0l+pVxviM5SBe5Xkny8Y/aaH0QHATA+KPBABRrZVeYSMztf1b6bTLmZvpnU2nncH/+c8+9vPKymNrlWsrOis1SZkputmmHDn2bXGqDyUOCBCrN848JfS0tpt6S3R2epYo8qVUvH3O7vRQeJtLR3wW8mlqwR37mI9KMaedNlDWv/IzoIgLFDgQcqSOtA84cs1TWSpkdngYZN9uft9V2XVNtWf0UvJtsGNn9GrqL4BCgDfKtLH+1sWPu16CQAxgYFHqgQbX1NSyXrEL/XGeP/PDxp+9lXHXfr7ugk5VAcaJywLa35J8mbo7PgBdykz7U3dBejgwA4cFzogbxz2bL+5pUurYiOgr1w3Tl8UOGDVx134/boKONpxYZFU0o29FWZ3hOdBS/P5FdNq5/Vyi41QL5R4IEcW3Lfktopk7ZfJ9fC6Cx4ZSb90CbYeyv1y63Lt7Qcmu7xWyXNi86CV2ayG6c99bPFxfl3DUdnAbB/kugAAPaTy6ZMfOZLlPd8cOlt6R6/9RMDjVOjs4y1JfedNTnd4zeJ8p4LLj97+6FHXSdnEQ/IKwo8kFPL+ptXSv7h6BzYJ/MmlgrfPP8nZ1TMQ4yW3LekdurEyV8TzxrIFZefvayv6ZLoHAD2DwUeyKG2vqYLuec9p0yn1eye/uWiF3N//i16MZky8ZnrXfa70Vmw79zsomW9TcuicwDYd7m/gADVpm2g5T2SsXKWZ66F2/u3fCo6xoHaNrD5M+w2k29udtnS/gW8AQNyhvvfgBxp+3HjMSoUHpB0WHQWHLBhpTotrw97GnlI0x2SaqKz4IA9WVurE1fWdT8WHQTA6LACD+RE47rGgpLC9aK8V4oaJVqzfEvLodFB9tX59zceNvKEVcp7ZThsaEhrGtc18tAtICco8EBOHFNX+IxMp0XnwJg6Nh3ya6JD7Kua2uRaScdE58CY+q3XzUoujg4BYHS4hQbIgQv7mt48LOuXNCk6C8aeJfq99tndN0XnGI22vuYPSvpadA6Mi2flSX3HnDUPRQcB8MpYgQdyYFi2SpT3iuWprlqxYdGU6ByvZsl9Z02WqT06B8bNQWalq6NDAHh1FHgg45b1t/yBpPdF58C4ev1wMvzp6BCvZsqkqX8m1xuic2D8uOx3W3tbPhCdA8Ar4xYaIMMa1zUWjp1V2CTpuOgsGHe7a2v1pqzuBNK68ZyjrDT8kPgkqOK59B+PbirN7FnQU4rOAuDlsQIPZNixdYUmUd6rxcShIc/uQ3WGhy4S5b0qmPTm180qfCg6B4C9o8ADWeUymbMrRFWxPz7//sbMbRP6J5vOfa2ZnRedA+Xjrj+rhKcFA5WKX04go9r6mt4vWUN0DpTVlJqawgXRIV6sdnioTdLU6BwoI9Ps7Rs3nxkdA8DLo8ADWWX2iegICGBaUlx/amYekFRcf2qNyVl9r0Je0sejMwB4eRR4IIMu2tx8tKR3R+dAiMO3v/bo34kO8b+2HXbUGZKOiM6BAKbfbt14zlHRMQC8VGZWeYADteS+JbVTJ219p1SY666jZT7dZTssTZ+0gm2sKexav7Lupmeic47G0JCfLRmPNa9Sbr5I0rejc4xYFB0AYQpWKi2UdEV0kNG4aPP7Dx4uTZ7vJT/Bk+Qwk0+V2zYzPSaVNuwYnHHP6nmrh6JzAmOBbSSRe8v6F8x3JefJ/b2SzXiFP7pbpjs99RtnNMzqKloxLVvIfdTW19TL/e9V7dnhSYUjrzruxu2RIVofWDzDagZ/JnafqWYbOhq6T4wOsTdFLyZb+za1WGJny3WapIl7/9O+VWbfNqXXtNevW1+2kMA4oMAjt5b2tcxJzC+R64x9/197n7s+1Tln7a1jn+zAtPUufJMs/Y/oHIjliRo7Z3d/NTLDsr7mJpe6IzMgng/rjZ0ndf80OseLtfY2nWGmS/drscN0q9LCpzrm3Ng3DtGAccc98Mil1v6W8xL5D/evvEuSNZjZt9v6m7+05L4ltWOb7sB44qdFZ0A8S31+dAY3cSxCVog/Fn9V47rGQlt/8yVm9u39/qTSdYasdH9bb9MnxzgeUBYUeOSLy9r6mleZ+z9ImjAGr7dk8sTt3zr/J2dPO/BwY8OUrYsloiTxX2J2cSxCMsvMG7nzf3L2tGNn1XxHrk+NwcvVyOyqtr6WTjl3JCBfKPDIlWX9zX8haUz3yTbpt2ueLa1tXNeYiS+NeqpTozMgC3xm248bj4maPrITEk8Bhtyz8UlM0YtJzeDwVyQ/fWxf2Ze29TX92di+JjC+KPDIjdaB5g+59Ofj8uKm97yuLvn8uLz2PlixofGNZjo6OgeywZLk5KjZQ0P2zqjZyBYzHd36QPMbonNs699yiWRnjcuLmxWX9bf8wbi8NjAOKPDIhdYHFs+wVH+vcfzitZtduGxD09vH6/VHY9iSusj5yBZPbGbc8JRjEc/z2jTuWJS0tL/pbZKvGMcR5u7/cHHvwkPGcQYwZijwyAWrHbxY0mvHe4wndsk4z3jlADJKE37JFVeaIt88IHMSjz03JbIvaPx3zjtk0NILx3kGMCYo8Mi8toHG18jH9r73V/Bbbb0tv1WmWS9lOj5sNrIorjRFvnlA5rji3tC19bb8lrw8T6Y2aWnbQONryjELOBAUeGSep4X3STqobAMT/1DZZr2YU+DxApFfIuULrHieBS4umLyxjOMmW1rz3jLOA/YLBR6ZZ9IHyjrQ9cGwLcXMWfnBr5peXH9qTbmHjjwbITNbqyIDUsWcm1zmpveXdaT775VzHrA/KPDIg3LvRX3MBZsW/p8yzxxhU2PmIqsGX3v0weWe+ZoJOzgO8UKmsh+HkrRsQ9Nxkl5X1qE8wAw5QIFHpq3YsOhwSWXfFSAppVEfF4dcJJFdzxaGyn5MRMxE5sUcE4WQW3dec/79jYcFzAVGjQKPTBtO9oz3zjMvy8wOjZgrCjxepEYq+2p4xExkXsy5yWPOxRNqakKuPcBoUeCRaUlik0IGu5fvS7MvFPP/LzIrTQuTyz60VBt1/CO7go4JmxgxteRp+X/vgH1AgQdehsljvsQKAHieG+di4OVQ4AEAAIAcocADAAAAOUKBBwAAAHKEAg8AAADkCAUeAAAAyBEKPAAAAJAjFHgAAAAgRyjwAAAAQI5Q4AEAAIAcocADAAAAOUKBBwAAAHKEAg8AAADkCAUeAAAAyBEKPAAAAJAjFHgAAAAgRyjwAAAAQI5Q4AEAAIAcocADAAAAOUKBBwAAAHKEAg8AAADkCAUeAAAAyBEKPAAAAJAjFHgAAAAgRyjwAAAAQI5Q4AEAAIAcocADAAAAOUKBBwAAAHKEAg8AAADkCAUeAAAAyBEKPAAAAJAjFHgAAAAgRyjwAAAAQI5Q4AEAAIAcocADAAAAOUKBBwAAAHKEAg8AAADkCAUeAAAAyBEKPAAAAJAjFHgAAAAgRyjwAAAAQI5Q4AEAAIAcocADAAAAOUKBB7LFowMgWxJPyn5MlLzEcYgX45gAMoQCD2SK7YpOgGwZ9qEd5Z5ZsITjEC9iO6MTAPglCjyQKV72soZsmzix8Ey5Z6bpcNlnItvcnWMCyBAKPJAlJi6SeJFdZT8mJgyLN5J4ATPj3ARkCAUeyBKnOOEFfPLMt5T91oWHHtIOcc8zXoAVeCBLKPBAlpgej46ATHmqaMW03EN7FvSUJD1d7rnIMn8iOgGAX6LAAxniqW+JzoAMMW0OnM6xiOe5JZHHIoAXocADGWJmlCY8zzzuDZ1R4PErjMUFIFMo8ECGmKVcJPG8VHFv6FLeTOIFOB6ALKHAAxlS8sLG6AzIlE1RgxNPORbxvILXhB2LAF6KAg9kyKqGrsdlejA6BzKhpOFJ90YNT4cPukdSKWo+MmXT5XNv4EusQIZQ4IGscd0ZHQGZ8KPOk67bGjV8ZPaPo+YjO4xzEpA5FHggc2x9dAJkgFl4aTKJYxFSwjkJyBoKPJAxhbTmLkll3/sbGeNpeGlK3cPfRCBcurtQe1d0CAAvRIEHMmbkXtO7o3Mg1NPTk/Su6BAzCukd4oFOVc7u/OKs6zkGgIyhwAMZ5NIN0RkQyNRVnN2zJzpGcXbPHpfWRedAHLOUcxGQQRR4IINKkwpflbQrOgeCWJKd0uSWnSwot101Nc9+PToEgJeiwAMZdNVxN26X6RvRORDBtnTMXvOD6BT/q3NO17+xtWnV+trKupueiQ4B4KUo8EBWWbIqOgLKz5Rm7t/dpSujM6D8UnP+3YGMosADGdUxe80PXLotOgfK6uf+THpddIgXK03cdo27HovOgfIx+b+sql/7w+gcAF4eBR7IMHP7m+gMKB9zv6zj5J5no3O82FXH3bpbpo7oHCgfTzn3AFlGgQcyrGNO13dl+l50DpTFk4lP+FJ0iL3Zk5T+XtJT0TlQFt/tmNvNeQfIMAo8kHFJmrRJKkXnwLj79OVzb9gZHWJvrp7ds0Ouz0bnwLgrWaK26BAAXhkFHsi4K+as+ZHkmV2ZxYEz6YfT6+v+MTrHq5neUHeNpH+LzoHxY/Kr22d3PxCdA8Aro8ADOTA8qebTkn4WnQPjoqREf1S0Yhod5NUUrZh66p8UnwhVqsfT4YP+PDoEgFdHgQdy4Ll94X1ZdA6MPZM68rTi2Tl37f1ulrmtLjEW7ILOk67bGp0CwKujwAM50VG/tlvStdE5MHZM+uG0pJS7+8p3DR58sbiVpqK4/EsdDV3ronMAGB0KPJAj06dO+qTkP47OgbHgW5O01FSc3bMnOsm+Wj1v9VCalJol/U90Fhw4l/rtmZQvrgI5QoEHcqT4xusGXVooaUd0FhwQl2vx5XN7Ho4Osr9Wze75L5d/TJJHZ8GBsGc8LX0oi88fALB3FHggZzob1m6yVB+QtDs6C/aPSxd1zFn7zegcB6qzYe3XzPXp6BzYb0OplRpXze3ZEh0EwL6hwAM51D63+w43+7CkzO9cghcx/W1nQ/fl0THGSvuc7kvdrD06B/aZm/l5q+rX/Ut0EAD7jgIP5FRnfVeXmy6IzoF9YFozfXbd0ugYY61zdtcKN10XnQP7wLW8vX7t9dExAOwfCjyQY5313V902QViJT4Pbtg5OG1xHvZ732cmf3Rj6TyTXxMdBa/KJb+oY053R3QQAPuPAg/kXGdD11VyLZI0FJ0Fe3VlR333H66et7pi/416FvSU2uvXLjHpL6OzYK/2yHVOR8Pay6KDADgwFHigAnTM6V6TWnqW2J0ma1Iza+to6F4qq4LdWkze3tBdNPfl4lOhjLFnEtmZHXO610QnAXDgKPBAhVhVv+5f0rQ0T1JvdBZIkp5UYu9rr+/qjA5Sbu1z1rZ7Yr8t6efRWSBJtlGJ3nFFQ9dt0UkAjA0KPFBBVs3t2TJ96qTfkHRldJYq993aWp3YMbvrO9FBonTO7rqzkNbOdYnSGOuGnbt3vK1jdtdAdBAAY4cCD1SY4huvG3zulg1vkfR4dJ4q86zJPvPIptK7V9Z1PxYdJtrlc2944tFNpTNM/qeSeFBQef1csqaOhu5zV8+7eVd0GABjiwIPVKiO+rXdPjypTs+txpei81SBWwppaXZ7Q9cXehb08Pc9omdBT6m9Ye3fyJN6Sd+KzlMFUkk37KmZUN/R0LUuOgyA8VETHQDA+Ok86bqtkpYu7114fZqkHXK9KzpT5bEtlvhF7bO7b4pOkmUdc9Y8JOnM1t6WD1jil8p1fHSmCvRdS9TWPrv7geggAMYXK/BAFbhizpofddR3/2aS2Lsk3SJVwY4o4877zPwPH9k0PJvyPnqdc7q+MX123SyZvV/Sj6LzVIh7LdXpHQ3dp1LegerACjxQRa6Y3XWPpHuW9je9reDJUpd/UNLk6Fw5UpLrNiV2dcfs7luqYmvIcTDyMKub5bpl2cbms7ykj8v025IK0dlyZKekr0ta1dHQfV90GADlRYEHqtCq+rU/lHRO2/cbD7KpyZludq6k94hzwl7YRnO/Pq2pub7zhK/8LDpNxTB5u7pvknTTn2w697UThvb8gUznSjolOlpGpZL+Ta7rayfs6lpZd9Mz0YEAxOBiDVSxjpN7npXUI6nnos3vP3hoz6TfUJKcLtfpkt4iyWIThnlcZncr9dsLXrrt8rk9D0cHqnRfnHX905JWS1rduvGco5LhoXd6YqfL9R5Jrw+OF+khmW631G+3icn6K2Z2PRUdCEA8CjwASdLIat7tIz9asWHR4cPJ0AmJ28w00fEmnyXX4ZKmuWuKmaZKmhaZeT/t0nNPrN0h6RdybXPTFpNvSc0321CypfOk7p/GRqxuI59y9Iz8aMWGxjcOFez4xK1Osjq5jpdpuqRDJE0d+cnjrWDb3bXDTDslbZfpCZdtSlI9mJpvqUlrN14+94YnokMCyB4KPICXNVIcnpB0V3AUVLmRT0AelvQv0VkAIAvYhQYAAADIEQo8AAAAkCMUeAAAACBHKPAAAABAjlDgAQAAgByhwAMAAAA5QoEHAAAAcoQCDwAAAOQIBR4AAADIEQo8AAAAkCMUeAAAACBHKPAAAABAjlDgAQAAgByhwAMAAAA5QoFHpqWpD0bMddkhEXMBAL9k8tdGzC1YsitiLjBaFHhkWimteSZksOmokLkAgF9yCzkXp+lwzLUHGCUKPDKtkNbuCBnsOiZkLgDgl8xDzsUThhVz7QFGiQKPTJux9adRJ9HfKq4/tSZoNgBUvcZ1jQWXvStgtD/0EAUe2UaBR6YV5981LOkXAaNfs+01R74jYC4AQNKxMwsnS4q4B/4XPQt6SgFzgVGjwCP7XA+GzC1oQchcAEDkOTjmmgPsAwo8ss+CTqau85YONL4+ZDYAVLG2HzceI9dHQ4a7toTMBfYBBR6Z566fBI2eVEgLfxE0GwCqltcU/lrSQRGzzTzqmgOMGgUe2Wc+EDXapcXL+prOjJoPANWmrb/lLHOdGzXfZRujZgOjRYFH5tWkE+6R5EHjE1ey5oINTfVB8wGgaizvbamT+w2K6ydeSGvvDZoNjBoFHpl3+dwbnpArcEXEDy4U7OblA40nxGUAgMq2fKDxhNT825KmR2VwaeDyuTc8ETUfGC0KPHLBpLtCA7jekKaF/9va2/KB0BwAUIFae5vOSNPC9yW9MTJHIl8fOR8YLQo88iGxLJxUp5r5P7f1tXyZ3WkA4MAtHWh8fVtfy5fN7BYFrrz/L1cmrjXAq7LoAMBorNiwaEopGfq5pKnRWUYMynRN+v/bu7/fuus6juPvz+m2LhtsCMgPhQsTEcbWDcmuFJXBLhQQleSwMSTGxBCdIOtExo8Qe6G46Ww7CRhREwLbuq1GIgPCDYIRAprFhHVkA00wbhHE8aNjnXRtz8cLSCBBx351n57veTz+gme+zbfn1dPvj0aj/5878lNe+gFwcOqb6m0fOSd9ular1SPHNyJiaummt6U3h4b3nnbP/M37SpfABzHgaRqdA4vvi4hrSnf8D6+myH+MiJ050suRY3fpIA6gloZTbrwaY/FC93kbvbClWeVIy59ddFaeVDs7Ik6MRm4vncQBpDg5RT4tIs7MkT4TZd6wekA50n29HX1fK90BB2NS6QA4eHltRJqIA/6kHOnda+P9WTyx5Rw5UkRbROfA4p0px4M5Un/P3L4/lE7jg3VuvepzKXI9b4vLc1ucGfmdB1Q57ya8PMF/SG0Ra0s3wMGa2GcTvEd9U73tjFltOyPi9NItVFCO30eKFT0dG7aUTuH9OgcWz48cqyLFRaVbqKSXdm0fO9PlkDQLA56m0jmw+NaI+GHpDiorp5x/MqNj1i1dqatROoaIrtxVG9z2/MqIfGP4zGKcpEi3dnf0/ah0BxwsT6GhqUwZHrsrIvaU7qCyUk7ppsFtO353047Ljy8d0+pu2nH58YPbdjwYkb8XxjvjZ3Dy8OjdpSPgUBjwNJVV8/sHI8XPS3dQeZeNjEz/bdfjF7pPqJD6pnrbyOi0jRFxaekWKu+uVfP7B0tHwKEw4Gk6jZx6IsJjvhhneeGek0/tLl3Rqs44t603cnyhdAeVN9TWmLymdAQcKgOeprOmo+9fkcK1ioy7HOn6ZVsXGZHH2PKtSy6JHNeV7qAl3LF63v2vlI6AQ2XA05RmprEfRwrP8GbcpRSr6pvqbaU7WkVX7qrlNOZGdY6Fv808bqr/stGUDHiaUtfs/v2pUess3UErSB0fPae2uHRFq9iz7fklEem80h20gFq6vutj975VOgMOhwFP0+qeu/6RSKm/dAfVl1IsKd3QKnLKjjXHwqae2X2Plo6Aw2XA09TySPu1EfFi6Q6qLl3ssZLjb+lz9eMie1ET4+4fURv7VukIOBIGPE2t95P3vpEaeUlEjJRuodLaR0anX1g6ouqmRttFEdFeuoNKG2nU4sqe2f2vlQ6BI2HA0/S65218JiLfVrqDakuNfG7phqrLY44x4y3dsmb2hj+VroAjZcBTCT1zNq6OiF+X7qC6GrV0SumGqssRp5ZuoNLW9szp89QZKsGApxpS5Jm7X/5mRDxUOoVqSjlPK91QeSm5fIbx8tDM3S9/PVLk0iFwNBjwVEbXgidGh4aHFkXE06VbqJ4Usbd0Q9XVIoZKN1BJTw8NDy3qWvDEaOkQOFoMeCrlnvmb97Xn2qVhxHP07SwdUHU58q7SDVTO01Ebu+ye+Zv3lQ6Bo8mAp3JWzl3/+tDw0MJwOQ1HUSNia+mGqkspO8YcTQ8NDQ8t9MQZqsiAp5Lumb95367tY1+OHL8s3UIV5Df2Dc94qnRF1e1964QnI+L10h00vxzpvqHhGVf45p2qSqUDYFzlSMu2Lf5uirgjIiaXzqE5pUjrujv6vlq6oxUsH7hqbY58dekOmtZIRLqlZ05ftxtWqTLfwFNtKXJvx4bVqZE/Gyn+XjqH5tSI/KvSDa3CseYIvBi12gU9HX0/Nd6pOgOeltA9b+Mz7Y3a+ZHjN6VbaDoP93ZseKJ0RKt4+1jnR0p30HQ25dGp5/fMXv/n0iFwLEwqHQDHysq561+PiPryrUsuyamxJiI+XrqJCW//WCPfXDqi5eRJN0caWxgRU0qnMOH9NWrpOz2z+x4tHQLHkm/gaTndc9c/Mjp1cE6kuD0i3ODEgSz92byN20pHtJqeuesGImJp6Q4mtKGIuG106mCH8U4rchMrLe2GgatOraVYFjkvjYgZpXuYOHLOvb1zN3aW7mhly7Yu6kkpLSvdwYQymCPuntSY3Lt63v2vlI6BUgx4iIgVW+oz97e3fTsirouI00v3UFTOOb7f27HhB26EKyxH6hxYdHuk1BU+r1rdSynSnZOHR+9eNb9/sHQMlOYXIrxHfVO97YxZtYtz1K5OEV+JyMeXbuKY2h0R1/Z0bHigdAjvWjaw6IoU6RcRcXLpFo6l9GaOeCBFY92u7Y3H+q/sHytdBBOFAQ//x7VbvjhtWvu0z6eUFkQjFkSKc8M5U1X7IqJ3dGrbqjvPWrendAzvt2JLfeZwe9uKFHFDREwrL48o8gAAAqpJREFU3cO4yDniuVrkx3Okx+PNsUd7PtX/n9JRMBEZI3CQbnz2mlNGa/svqEXMakTtEynnsyPFWRFxYuk2DstrkdJjKceDU3J6+J2nFDHBdT5XPzE1Jl2Sc/5SpLg4Ij5UuonD8lpEvJAjvZAiPx8R20dHxp688/z+f5cOg2ZgwMORypFuHlhywv7UOC7lND0iTS+dxIHkof2jo68aCtVw/V/qH54yadJJzruJLg/llIem5NrelR3r33B/CQAAAAAAAAAAAAAAAAAAAAAAAAAAAAAAAAAAAAAAAAAAAAAAAAAAAAAAAAAAAAAAAAAAAAAAAAAAAAAAAAAAAAAAAAAAAAAAAAAAAAAAAAAAAAAAAAAAAAAAAAAAAAAAAAAAAAAAAAAAAAAAAAAAAAAAAAAAAAAAAAAAAAAAAAAAAAAAAAAAAAAAAAAAAAAAAAAAAAAAAAAAAAAAAAAAAAAAAAAAAAAAAAAAAAAAAAAAAAAAAAAAAAAAAAAAAAAAAAAAAAAAAAAAAAAAAAAAAAAAAAAAAAAAAAAAAAAAAAAAAAAAAAAAAAAAAAAAAAAAAAAAAAAAAAAAAAAAAAAAAAAAAAAAAAAAAAAAAAAAAAAAAAAAAAAAAAAAAAAAAAAAAAAAAAAAAAAAAAAAAAAAAAAAAAAAAAAAAAAAAAAAAAAAAAAAAAAAAAAAAAAAAAAAAAAAAAAAAAAAAAAAAAAAAAAAAAAAAAAAAAAAAAAAAAAAAAAAAAAAAAAAAAAAAAAAAAAAAAAAAAAAAAAAAAAAAAAAAAAAAAAAAAAAAAAAAAAAAAAAAAAAAAAAAAAAAAAAAAAAAAAAAAAAAAAAAAAAAAAAAAAAAAAAAAAAAAAAAAAAAAAAAAAAAAAAAAAAAAAAAAAAAAAAAAAAAAAT1X8BeptAS8qu174AAAAASUVORK5CYII=',1,'active','2025-09-25','2025-09-24 02:53:46','2025-09-24 02:53:46',NULL);
INSERT INTO tools VALUES('21c517e3-c889-4ff1-9bc9-6d3cec15ac2a','TikTok Pixel 激活调试工具','手动填写参数并一键触发 TikTok Pixel 事件，用于调试和测试','0c97efe7-d1d4-471d-a04d-965c41e09e22','https://www.tiktok.com/favicon.ico',1,'active','2025-09-25','2025-09-24 06:15:11','2025-09-24 06:15:11',NULL);
INSERT INTO tools VALUES('caafd2b0-6e2a-4374-b687-f00ae6aa8968','日期时间转换器','Convert date and time into the various different formats','0c97efe7-d1d4-471d-a04d-965c41e09e22','data:image/png;base64,iVBORw0KGgoAAAANSUhEUgAAAvAAAALwCAYAAADxpkF6AAAABmJLR0QA/wD/AP+gvaeTAAAgAElEQVR4nO3dfZSddWEn8O/vThIgIIJoFawI1YpvtFtd6wtoA3mBCFSrm+guGDIBjKsWbU/Vsy/W1Opu221rS7UtSjLhxVZD69oioJkkxCpaV+2u9a3IWkBpFRWDQHjJzNzf/hHa47YCmeS597nPzOdzjkePJ/P9fc/JzL3fPPPcexMAAAAAAAAAAAAAAAAAAAAAAAAAAAAAAAAAAAAAAAAAAAAAAAAAAAAAAAAAAAAAAAAAAAAAAAAAAAAAAAAAAAAAAAAAAAAAAAAAAAAAAAAAAAAAAAAAAAAAAAAAAAAAAAAAAAAAAAAAAAAAAAAAAAAAAAAAAAAAAAAAAAAAAAAAAAAAAAAAAAAAAAAAAAAAAAAAAAAAAAAAAAAAAAAAAAAAAAAAAAAAAAAAAAAAAAAAAAAAAAAAAAAAAAAAAAAAAAAAAAAAAAAAAAAAAAAAAAAAAAAAAAAAAAAAAAAAAAAAAAAAAAAAAAAAAAAAAAAAAAAAAAAAAAAAAAAAAAAAAAAAAAAAAAAAAAAAAAAAAAAAAAAAAAAAAAAAAAAAAAAAAAAAAAAAAAAAAAAAAAAAAAAAAAAAAAAAAAAAAAAAAAAAAAAAAAAAAAAAAAAAAAAAAAAAAAAAAAAAAAAAAAAAAAAAAAAAAAAAAAAAAAAAAAAAAAAAAAAAAAAAAAAAAAAAAAAAAAAAAAAAAAAAAAAAAAAAAAAAAAAAAAAAAAAAAAAAAAAAAAAAAAAAAAAAAAAAAAAAAAAAAAAAAAAAAAAAAAAAAAAAAAAAAAAAAAAAAAAAAAAAAAAAAAAAAAAAAAAAAAAAAAAAAAAAAAAAAAAAAAAAAAAAAAAAAAAAAAAAAAAAAAAAAAAAAAAAAAAAAAAAAAAAAAAAAAAAAAAAAAAAAAAAAAAAAAAAAAAAAAAAAAAAAAAAAAAAAAAAAAAAAAAAAAAAAAAAAAAAAAAAAAAAAAAAAAAAAAAAAAAAoEkrLju07QqMON8jwBxR2i4AsF9O3fSC9HrnJHVFkickWZSUu5P65aRclbGxTfnYq77Vdk1atHzjMalj40k9KynPSOphSfYk+WZStqbfvyI71n2q7ZoAs2XAA91y6qWPT6/+cVLPfJg/uTul/FaOWPzOXLl6ZijdGA2rtoxl1+7/muTNSRY/5J+tuSq9/msyed4/DqUbQAMMeKA7Tt30rPTKVUmOmcVXXZND9qzKVevvGVQtRsiKyw5Nnb4ytaycxVf9Y9I7M9vO/d8D6wXQoF7bBQD2yfKNx6RX/jKzG+9J8uLcu+jypLpgMefVkv7MxlmO9yQ5JulfkxWbnjCQWgANM+CBbqhjlyZ5/H5+9cuybPN4k3UYQcs2n5/kFfv51Y9Lv1zSZB2AQXFFChh9SyeWp2TrAab8Q6bz5Owcv6+RToyWJRMHZ0G+ntn/hub/V8qyTK7d3kwpgMFwBR4YfSXnNpDy+IzVZQ3kMIoWlhU50PGeJLU28b0GMFAGPNAFpzcTUxrKYeTUelozQbO+fx5g6Ax4YLStvOLwJEc1klVyfCM5jJ5SG/q7rY/OSRsf0UwWwGAY8MBom9rz6ObCyo81l8VIqaW575ODxnyfACPNgAdG21i/wcep6jFv7mru73bM9wkw2jxIAQBAhxjwAADQIQY8AAB0iAEPAAAdYsADAECHGPAAANAhBjwAAHSIAQ8AAB1iwAMAQIcY8AAA0CEGPAAAdIgBDwAAHWLAAwBAhxjwAADQIQY8AAB0iAEPAAAdYsADAECHGPAAANAhBjwAAHSIAQ8AAB1S2i4AzEGrtozl+z94dDJ2VFKOSqkHJb2DUuriWWfVPC7JRQ01uyklb2koi1FS8xtJfqKZrPKG9Oq39uPr7kn696fX25Op3J5ab89de27P59dPNdIL4AEGPLD/Tp84Lv2cmH75qaSekJTjk3p8kmPi8QX+ybdSclNqbk5yY1K+mLHpL+T5t/59Nmzot10O6B5PsMC+WbJhQRYe99zU+sKknJTU5yc5qu1a0GF3peSvU/OppH4y0+WT2Tl+X9ulgNFnwAMP7oz3H5n77v/5lHJGkuVJjmi7Esxh9yTZmdRrMz3z4ey84Na2CwGjyYAH/n/P33JIDrv75am9VyR1RZJFbVeCeaiflE8l/Q+mjv1ptp97e9uFgNFhwAN7LZs4MSmvTuo5caUdRsn9SflQev1LsnX8uqTUtgsB7TLgYb5btvHkZOwtST0jHhNg1H0tJX+Yuw99bz69+t62ywDt8GQN81ItWTrx8pTe25L6zLbbALP2rZT8ZqZysRe+wvxjwMN8c+qlK9ObeWdSfqbtKsABKuXW9PvvyMw3Nmbnhum26wDDYcDDfHHKxhMy1vudJGe0XQVo3A0p+eVMjl/TdhFg8Ax4mOvOunhx7lv066nlwqQuaLsOMFAfTr/3+uw49x/aLgIMjgEPc9mKzS9Kv74vyVPargIMzZ0p+dWcdMsf+KRXmJsMeJiLlkwcnIX1N1PLL8bPOcxPNTtSe2tcjYe5xxM7zDVLL/2p9Pp/kppntF0FaN3tqTk/28c/3HYRoDkGPMwlSzefnVLfm2Rx21WAUVLfm11Tr8/n10+13QQ4cAY8zAWrtizKrt3vSvLatqsAo6pel96CV2brmu+03QQ4MAY8dN1JGx+RQ3pbkpzedhVg5N2UjJ2RbWu+2nYRYP8Z8NBlp17yxIyNXe1+d2AWdqXUX8jkuo+3XQTYP722CwD76ZSNJ2RswSeNd2CWjkwtW7P80l9ouwiwf1yBhy5aeulPpfS3Jnls21Uewu4kt+z97/KDpN6593/Xe2eVUsrhqXllM5XK95L+h5rJYrT0XpbURzcSVfKB1HrnLL/okCSHJuXwpD5y7//OcRntF5RPpdZXZfu6D7ZdBJgdAx66ZtnEiUmuS3JU21V+yN+l5OOp9Uup5YaUsRuy7VXfTEo94OTTLnlyZsZubKBjkvxNto0/u6EsRsmyic8laebvdmzmJ/Ox8//vgQfVklM3Hpsy9pSUekKSE5PyoiRPPfDsxsyk5pxsH/9A20WAfedj1aFLTtl4QpLJtD/ev5PkI6llR3oz12XyvH/8139kzdBLwWgpNTtyS/b+Jmryn//v5RuPScqpqb1Tk3pmkse01TDJWEouy/LN92Ry7V+22AOYBQMeumLFpiek9ral1rZum7k/pVyVUi/L7Xs+6v2kYT/t/QfvFUmuyLMvXpijFp2efs5NcmaSg1potDC1bsmKTS/O1nU7WjgfmCUDHrpg5RWHZ2rq6qT+eAunfzMlv5NFiy7L1WfvauF8mLv2/kP4qiRX5Yz3H5k9e9Yk5VdSh/6zflD65c9zyuaTc93aLw/5bGCWvAsNjLpnX7ww01N/luTEIZ/89ZR6QY489MmZHP994x0G7Oqzd2Vy/PdzxOInJWV9kr8fcoMjMlavzpKJxw35XGCWDHgYdUcu+q3ULB/iibelZDzTtzw1k+suyZWr9wzxbODK1Xuybe17M33LCUnOy97XnAzLE7OgXJlnX7xwiGcCs2TAwyhbOvHKJG8c0mn9JJen9p6RyfHN2blhekjnAj/Kzg3T2Ta+KdM5IaVelGRmOAfXk3Pkot8ZzlnA/jDgYVQtu+xpKblkSKf9TUr/udk2vibbz719SGcC+2Ln+B2ZXPeG1Dw/yf8Z0qm/mKWbXjGks4BZMuBhFK286KBk+v3Z+2EwA1bfm4V3vSCT531u8GcB+237+Gez8K7nPXA1/sA/Y+HhlHJxTp84buDnALNmwMMomjr8HUn5mQGfckdK72XZtm59rr3w/gGfBTTh2gvvz+S6NyRlVZIfDPi0R2a6XJ5VW8YGfA4wSwY8jJrlm09K6i8P9pDypSzIz2Ty3P852HOAgdi29s+T+qwkXxnsQfXk3HHPsF6HA+wjAx5GycqLDkqt781gfzY/k1qW5KPjNw/wDGDQtq37+xy06OSkfHKg59T69py6+UkDPQOYFQMeRsn0I/5LkqcP7oDykew+9BQvVIWH0B8rbVfYZ1efvSuH3H9akqsHeMri9PLHA8wHZsmAh1Gx4rLjU/OmAZ7wJ5m++Rfy6dX3DvAMYNiuWn9Ppm95aVL+dHCH1GVZtvnlg8sHZsOAh1HRn/ntJAcPKP3q7Nqz1nu7wz7ozQz+HV6atnPDdHbdf26SawZ3SP3dnHXx4sHlA/vKgIdRsHTihUleNpDskk/lkD2r8/n1UwPJh7mmS7fQ/LDPr59Kb2x1kr8e0AnH5t5FFw4oG5gFAx5GQck7B5T75fRmzspV6+8ZSD4wWrau2Z3aOzOpXx3QCW/OkokjBpQN7CMDHtq2bNNpSV7YfHC5OyX/Lh87//vNZ8Mc1sVbaH7Y9nNvTykvSXLnANKPzFj9pQHkArNgwEPbSvnVgeTWekG2jv/dQLJhLuvqLTQ/bHL8xtTy2oFkl/JGV+GhXQY8tGn55pNS84IBJP9xto9/YAC5MPd1/Qr8P9m+9v2p5ZIBJB+eBXnNAHKBfWTAQ5vqAH4VXfLlTMevuGF/zYUr8P/knsUXZjCf1nphVl500ABygX1gwENbTr3kiUle2nBqTT//MTvH72s4F+iiT6++N6W+NknTv1U4OlOHv6LhTGAfGfDQlrGx85KMNZpZc2m2j3+i0cy2TS/c1VxY8YLeueuOxpJ6M3Prk4on1308yRXNB9dXN58J7AsDHtqwZMOC1KxrOHVXxsbe0nBm+7av+X6SZj49ttR/aCSHEdTY3+29+dh5Df6jcUTU6TelyX/k7HVSVlzyzIYzgX1gwEMbFj5xRZLHN5z6tmxd852GM0dAqUn+qqGwnQ3lMHp2NpTz8Qe+5+aW7RfcluTXGs+tY+ONZwIPy4CHNtTa9L2j38p03tdw5ijZ0kDGvZna85EGchhF01NXpZHf1NQmvtdG0+5DL07y7UYza16RDRtsCRgyP3QwbCsvOigpL2k0s5TfmdMvXN215/IkNx5QRs27snP995opxMjZuf57KfUPDjDla9k1NYB7xUfEp1ffm1re1XDq43P9sQP4IDrgoRjwMGx7Dlue5JHNBZbvpfT+uLm8EfT59VNJXp1kar++vuTLua//G412YvQsWPTO7P9bJk6l5vwHvtfmrpndf5ik2Rfp9suqRvOAh2XAw7CV3oubzcsfZOua3Y1mjqJt4zuTuj7JzCy/8puZKS/J9efdNYBWjJJrz7kz/fLzKeXW2X1hmU7Jq+fcOzj9KDtfd3eSA/1Nxb90RsN5wMMw4GHo6ukNhvVT+hMN5o22besmUsqLk9y2j1+xM3X6Odmx9uuDrMUI2bH265mqz0ny8X38im+n1hdncnzzAFuNlv7M5iT9xvJKjsvSTU9vLA94WAY8DNPSS5+S5PgGE6/L1nXfbDBv9E2u3Zrpe56cml9N8rV//QfKdGp2pPRelm3jpzzw7hvMJzvHv51t40uSvDyp1yVl+kf8qa8l9a2Zvucns318csgN27Xj/FuSuq//wNlHpckLE8DDWNB2AZhXSv/khgMvazavI/beBvDrSX49p08cl345Nv3+kenl2+nv+btsX/+DtisyAraNfyjJh7Jk4ogsqiekn8el19uVXv1GPjp+c9v1WnZ5klMaSyv155L8bmN5wEMy4GG4Tmowa3emd3+owbxu2jvEbm65BaNs5/gdST7Tdo2Rcm/9sxxS3p1kcTOB5aSkljn5HvowgtxCA8P1gsaSanY8cCUaYHb2vqj7ugYTj8opl7oPHobEgIdhWXHZoUme0lheyY7GsoD5p5QmB3wylmc3mgc8KAMehqU/c2Ka/JmrPQMe2H+1NPsYUupPN5oHPCgDHoal1Gc2mPbdbF/zxQbzgPnm5Ju+kJTmPp24n3/TWBbwkAx4GJZamrt9ptZPerEYcEA2bOgn9ZON5ZU8rbEs4CEZ8DAspTT3/u+l9+XGsoD5q+YrDaY97oHX+gADZsDDsNTa4IDv39BYFjB/ldLkY0lJ9jT5QXXAgzDgYXh+vLGkfqNPusB81Wv4YsBM77hG84AfyYCHoaglKUc1FrdooQEPHLg9TV8M6D222TzgRzHgYRiWbH5kUpv65OMf5Npz7mwoC5jP9n5KbYOPJ/0fay4LeDAGPAzDgvqoxrJKuauxLICkuceU0ntMY1nAgzLgYRhmeoc0llX7BjzQpLubi+p7FxoYAgMehmGsLGosyxV4oFkN3kJTDHgYAgMehqE309yArw3+uhug0QEfAx6GwICHYZjOWGNZpe5pLAug0ceU0tSL9YGHYMADAECHGPAAANAhBjwAAHSIAQ8AAB1iwAMAQIcY8AAA0CEGPAAAdIgBDwAAHWLAAwBAhxjwAADQIQY8AAB0iAEPAAAdYsADAECHGPAAANAhBjwAAHSIAQ8AAB1iwAMAQIcY8AAA0CEGPAAAdIgBDwAAHWLAAwBAhxjwAADQIQvaLgDMUi1HZ/nEqrZrAHNEzdFtVwBmx4CH7vk3qdnSdgkAoB1uoQEAgA4x4AEAoEMMeAAA6BADHgAAOsSABwCADjHgAQCgQwx4AADoEAMeAAA6xIAHAIAOMeABAKBDDHgAAOgQAx4AADrEgAcAgA4x4AEAoEMMeAAA6BADHgAAOsSABwCADlnQdgFg1r6Z1GvbLgHMEbUcnZKz2q4B7DsDHrqm1C9lct36tmsAc8SKzS9Kvxrw0CFuoQEAgA4x4AEAoEMMeAAA6BADHgAAOsSABwCADjHgAQCgQwx4AADoEAMeAAA6xIAHAIAOMeABAKBDDHgAAOgQAx4AADrEgAcAgA4x4AEAoEMMeAAA6BADHgAAOsSABwCADjHgAQCgQwx4AADoEAMeAAA6xIAHAIAOMeABAKBDDHgAAOgQAx4AADrEgAcAgA4x4AEAoEMMeAAA6BADHgAAOsSABwCADjHgAQCgQwx4AADoEAMeAAA6xIAHAIAOMeABAKBDDHgAAOgQAx4AADrEgAcAgA4x4AEAoEMMeAAA6BADHgAAOsSABwCADjHgAQCgQwx4AADoEAMeAAA6xIAHAIAOMeABAKBDDHgAAOgQAx4AADrEgAcAgA5Z0HYBgFas3PSYTOXMlPLc9HNMSjmk7Ursg1Jr+uW29OpNmel9JDvWfDYpte1aAMNkwAPzy8pNj8me8rZM5dVJFqYmKUliA3ZCzd69XpP0+m/Nss1fTP/St2THude2XQ1gWNxCA8wfp2386UyVz6XkdUkWtl2HRpyYXv+aLN/0+1m1ZaztMgDD4Ao8MD+suOSZmel9Iskj2q7CANRyYXbtXpDkdW1XARg0V+CBue+sixenP/YXMd7nutdm2eY1bZcAGDQDHpj77lv0xiQ/0XYNhqH+RlZcdmjbLQAGyYAH5rYNG3qpeX3bNRiao9OfXt12CYBBMuCBue1Txz4nydFt12CYys+33QBgkAx4YG6rObHtCgxbeWbbDQAGyYAH5rbae2zbFRi26jcuwJxmwANzW6l3t12Bobur7QIAg2TAA3Nc7xttN2DISvydA3OaAQ/MbVP965JMtV2DIapla9sVAAbJgAfmtp3jd6Tmo23XYGj66U1/sO0SAINkwAPzQO+/Jum33YKheH+2nv+ltksADJIBD8x928/92yRvb7sGA3dLemO/0nYJgEEz4IH5Ydvat6fk4rZrMDD/kN7Mmdm65jttFwEYNAMemCdKzeT4a1LK65Pc2XYbGlQymdL/WbfOAPOFAQ/ML5Nr35OF9clJeUeSr7Rdh/12V5Irk3p6JsdXZPK8f2y7EMCwLGi7AMDQXbvuu0nemuStWfKew7LgEU9Ir7+47Vrsg37pp0zflpO++e1s2OCFycC8ZMAD89vO192d5Ktt12CWJtsuANAet9AAAECHGPAAANAhBjwAAHSIAQ8AAB1iwAMAQIcY8AAA0CEGPAAAdIgBDwAAHWLAAwBAhxjwAADQIQY8AAB0iAEPAAAdYsADAECHGPAAANAhBjwAAHSIAQ8AAB1iwAMAQIcY8AAA0CEGPAAAdIgBDwAAHWLAAwBAhxjwAADQIQY8AAB0iAEPAAAdYsADAECHGPAAANAhBjwAAHSIAQ8AAB1iwAMAQIcY8AAA0CEGPAAAdIgBDwAAHbKg7QIA/8rKTY/JVHlcemVR21WYx/p1T6b3fCs713+v7SoAP8yAB0bD8o3HpPbemORlmcqTkiT92m4nWLAoWTZxQ0q2ZNGid+Xqs3e1XQnALTRA+5Zt+pXU3o1J3pQ8MN5hdJyQmrfm/j03Ztnml7ddBsCAB9qzYUMvSycmkvI/kixuuw48jKOSuiXLNr+67SLA/GbAA+355LFvT8natmvALPSS+u4s33xS20WA+cuAB9px2safTsp/arsG7IeFSb04GzZ4DgVa4cEHaMdM77/FYxBdVfOMXH/cmW3XAOYnT57A8J12yaOSsqLtGnBAal7adgVgfjLggeGbGVuSVG9jS8fVF7XdAJifDHigDce2XQAa8Pi2CwDzkwEPDF+th7RdARqwKKu2jLVdAph/DHhg+Eq5re0K0IDbcuXqmbZLAPOPAQ8MX+n/bdsVoAFfbLsAMD8Z8MDwTa77fEq5te0acEBq/qLtCsD8ZMADLSg1ye+13QIOwHezaOEVbZcA5icDHmjHVH1PkhvargH7pdT/nGvPubPtGsD8ZMAD7dg5fl9m+i9JckfbVWCW3pfJdZe0XQKYvwx4oD3XnXdDejMvTHJT21Vg39T3ZvqW17bdApjfDHigXVvP/1Km86wk/yPJfW3XgR+p5gsp5bRsW7c+OzdMt10HmN98lDnQvp3jdyR5c5Zd/M7URSuTPC+98vjUHNF2NearOp2ab6eU/5t+/9rsGP/fD7z4GqB1BjwwOrat/0GSDzzwHxgh69ouAPDP3EIDAAAdYsADAECHGPAAANAhBjwAAHSIAQ8AAB1iwAMAQIcY8NA1tZS2KwAA7THgYSjGmvzkxoMbzALmu5n+4Y1l1f5UY1nAgzLgYRjG+nsaTHtEg1nAfFd6j2osq1fubywLeFAGPAxDvxrwwIiqzQ34xICHITDgYRjKgrsbTDPggSYd0VhSLfc0lgU8KAMehqGX2xtMe2SDWcB8V/PoxrJK/V5jWcCDMuBhGLau2Z3k3obSFmfJxOMaygLmu1JOaCyrXwx4GAIDHobnu40lLchTG8sC5rn6jMaiev3mHueAB2XAw9CUbzQWVWtzV8yA+euM9x+Z5OjG8mZyS2NZwIMy4GFo6k2NRZWeAQ8cuPv2PLPRvIULm3ucAx6UAQ/DUhsc8LX+dGNZwPzVy7MaTLs3Hzvn2w3mAQ/CgIehKV9tLiovyJIJn8gKHJia5Q2mfTUptcE84EEY8DA09W8bDDs4C/K8BvOA+WbVlkVJ+bnG8mqafIwDHoIBD8PyqMNuSHNvJZnUekpjWcD88/17T0rqYQ0mfrHBLOAhGPAwLFeunknyhcbyemVZY1nA/NOrTd4+k5T8TaN5wIMy4GGYSj7VWFbN87Ji0xMaywPmkVpS6+oGA6dyyJ7/1WAe8BAMeBimmusbTOulX85uMA+YL5Zt/rkkT2ousH4uV62/p7k84KEY8DBMC+snkvSbC6xrmssC5o863mxe+atm84CHYsDDMF277rtJPt9cYHlalk48p7k8YM5b8p7Dkt7LGs0s9dpG84CHZMDDsNWGn+hK+Y+N5gFz29ih6xp+95k78/2p5l7fAzwsAx6Grnyk2bx6Tk695InNZgJz0pKJg1PqmxvNLGVrPr9+qtFM4CEZ8DBs28c/m+TrDSYuTBl7U4N5wFy1oJ6f5PGNZvb7H2w0D3hYBjy0488aTSs5P8s3HtNoJjC37P3k1V9pOHV3xha4/x2GzICHNpR8oOHEg1J7/6XhTGAu2XX365I0fbvdh7N1ze6GM4GHYcBDGybH/08afTeaJMlrcuqlP9twJjAXnHb50Ul5W+O5tbex8UzgYRnw0JZa39dwYi+9+p6s2jLWcC7QdTPT707yyIZT/z7b1+xsOBPYBwY8tOW++idJ7mw2tP7b3LH7gmYzgU5btvmMJM2+73uS1HJxUmrjucDDMuChLdefd1dKLmk8t+a/5/SJ4xrPBbpn6aVHJfWPBpB8Vw5e2PRvEYF9ZMBDm6am35Wk6fdPPiLT2bL3HSeA+auWlP7GJE9oPrtckqvP3tV8LrAvDHho084Lbk0tg3gP5edk1z2/MYBcoCuWbX5LkpcMIHlP0vu9AeQC+8iAh7b16tuTMt18cH1jlm0axJM3MOpWbH5RUn59MOFlY7at+cZgsoF9YcBD2ybHb0zqZQNILkn5kyy99PkDyAZG1fKJn0y/XpnUBQNIvy/TU/9tALnALBjwMBLGfi3JvQMIXpzS/4ssvfQpA8gGRs2yy45NzfYkPzaYA8q7s/OCWweTDewrAx5GwbY130jJbw8o/THp1e1ZsWkAL2QDRsaSix+dTH80A3nRapLkO8n97xhQNjALBjyMijL2myllMFe2av3x9MtHs+R9Pz6QfKBdS9/32CxY9LGkPG1gZ9Tyn7Nt/Q8Glg/sMwMeRsXWNbvT7//SAE94ehYsuD7LLhvcEzwwfKduflLKguuTPGtwh9RP54U3TwwuH5iN0nYB4F9YuulDKeUXBnjCrpRyVibXXj/AM4BhWLH52enXq5M8doCn7MlMeVauW/vlAZ4BzIIr8DBqevX1Se4Y4AlHptaPZfmmfz/AM4BBWz6xKv16XQY73pPkvxvvMFpcgYdRtHTTv0spVw7hpMtzyJ7X5Kr19wzhLKAJKy86KNOH/VZquXDwh5XP5cjFJ+XK1XsGfxawrwx4GFXLJi5L8qohnPSVzJTVrrBBB5w+cVym84Ekzx3CabtTe8/K9nO/NoSzgFkw4GFUrbzi8ExNfTbJMN7DfXeSd+TIQ3/XlTYYQc++eGEeteiXU/PWJIcO5cxSX5XJdVcM5SxgVgx4GGUrJp6afj6T5PAhnXhjSnl9JtduHdJ5wMNZsflFqYSnJuwAAAbDSURBVPUPU/OM4R1a3p1ta39xeOcBs2HAw6hbuukVKeVPM9yf1w+m1rdn+7qvDPFM4Ict3fT0lPKrSVZnmD//JZ/KEYee4rdxMLoMeOiCZRMbkrxtyKf2k3LN3iE//tkhnw3z17KJE5O8Kcl/SDI21LNrbk6mn5ftF9w21HOBWTHgoRNqybKJzUlZ08bhSa5NzfvyqEOvcVUOBmDVlkXZdffKpFyQ5MVp5/l5VzJ2Urat+WoLZwOzYMBDV6zasii7dv9lktNabHF7Uv40/XJ5dpz7v1rsAXPDik3PzUx5VUpemeSoFpvck5rTs338Ey12APaRAQ9d8vwth+TQ3dckWdJ2lSS3JfmrpGzLgro1Hx2/ue1CMPJOu/zo9KdPTq3LknJ6kmPbrpRkT1Jelm1rr267CLBvDHjompM2PiKH9LYmeV7bVf6Fm1LzpZRyQ0r/hvTLDRmrN2fhQXfn6rN3tV0OhuaM9x+ZqfsPS3rHp19PSMpTkjw1qc9Icnzb9f6FqSSvzLbxD7VdBNh3Bjx00d4R/5cZjSvx+6jcndS7k/jUV+aixUk5LKmHtV1kFu5Lrauyfd1H2i4CzI4BD131/C2H5LC7/zy1rGy7CtA5d6VXX5qt63a0XQSYvV7bBYD99OnV9+aIw85Kyh+1XQXolG+lV04x3qG7XIGHuWDppv+UUt4ZP9PAQ/vbTE+fkZ0X3Np2EWD/ebKHuWLZ5jOSenmSI9uuAoygkg+kjJ2frWt2t10FODAGPMwlyyd+MjV/nuTEtqsAI2MqqW/JtnXvarsI0Az3wMNcMjl+Y6bzsyn1ouz9BFVgPqu5OaWcYrzD3OIKPMxVSzedmVIuSfLYtqsAbSgTuXfmDbn+vLvabgI0y4CHuWzJxBFZUH8zKRfEzzvMDzU3p9TXZNu6j7VdBRgMT+gwHyzbtCzJRUl5WttVgIHZk+T30xv7NS9UhbnNgIf5YsmGBVlw3Lok70zqo9uuAzSpbEvtvyHb132l7SbA4BnwMN+cdsmjMjN2YZJfSnJ423WAA1E/ndJ7aybXbm+7CTA8BjzMVysu+7HMTL85pVwQQx665hNJfaf73GF+MuBhvlt28SOTRa9O8otJntB2HeDBlOmUfDil/9vZuu4zbbcB2mPAA3tt2NDLJ489NSmvTvLSJAvbrgQkKeXW1Pr+9Gf+KDvOv6XtOkD7DHjgX1t66VEp9Ywkq5K6MslY25Vgnrk9yTVJvSwnf2NHNmzot10IGB0GPPDQTrv86MxMr0xyepLlSY5ouRHMRf2k/E2Sj6bfvzZHHfaZXLl6pu1SwGgy4IF9t2rLWO6865mZKS9Mei9I6rOTPCmu0MNs7UryhSR/nVqvz8EHXZ+rz97VdimgGwx44MCcdfHi3Lfg6Ul5avrl+JRyfJInpNbHpFeOSq2PTnJw2zVhuMr3knp7Sm5PzbdT603p9W5Kv349M9Nfys4Lbm27IdBdBjwwHKu2LMo9U4e2XQMGpl9ncu05d7ZdAwAAAAAAAAAAAAAAAAAAAAAAAAAAAAAAAAAAAAAAAAAAAAAAAAAAAAAAAAAAAAAAAAAAAAAAAAAAAAAAAAAAAAAAAAAAAAAAAAAAAAAAAAAAAAAAAAAAAAAAAAAAAAAAAAAAAAAAAAAAAAAAAAAAAAAAAAAAAAAAAAAAAAAAAAAAAAAAAAAAAAAAAAAAAAAAAAAAAAAAAAAAAAAAAAAAAAAAAAAAAAAAAAAAAAAAAAAAAAAAAAAAAAAAAAAAAAAAAAAAAAAAAAAAAAAAAAAAAAAAAAAAAAAAAAAAAAAAAAAAAAAAAAAAAAAAAAAAAAAAAAAAAAAAAAAAAAAAAAAAAAAAAAAAAAAAAAAAAAAAAAAAAAAAAAAAAAAAAAAAAAAAAAAAAAAAAAAAAAAAAAAAAAAAAAAAAAAAAAAAAAAAAAAAAAAAAAAAAAAAAAAAAAAAAAAAAAAAAAAAAAAAAAAAAAAAAAAAAAAAAAAAAAAAAAAAAAAAAAAAAAAAAAAAAAAAAAAAAAAAAAAAAAAAAAAAAAAAAAAAAAAAAAAAAAAAAAAAAAAAAAAAAAAAAAAAAAAAAAAAAAAAAAAAAAAAAAAAAAAAAAAAAAAAAAAAAAAAAAAAAAAAAAAAAAAAAAAAAAAAAAAAAAAAAAAAAAAAAAAAAAAAAAAAAAAAAAAAAAAAAAAAAAAAAAAAAAAAAAAAAAAAAAAAAAAAAAAAAAAAAAAAAAAAAAAAAAAAAAAAAAAAAAAAAAAAAAAAAAAAAAAAAAAAAAAAAAAAAAAAAAAAAAAAAAAAAAAAAAAAAACG5/8BhNxhiO01ep8AAAAASUVORK5CYII=',1,'active','2025-09-25','2025-09-24 06:27:36','2025-09-24 06:27:36',NULL);
INSERT INTO tools VALUES('3f9d24ec-6a18-4efd-979b-df88328fcb7d','ROIBest-官网','ROIBest-官网','f1bec030-e38f-43b2-aea8-8cf01780abbc','https://www.roibest.com/favicon.ico',0,'active','2025-12-03','2025-09-24 06:46:44','2025-09-24 06:46:44',NULL);
INSERT INTO tools VALUES('78289acd-77a3-4bf4-af53-668631390c4b','ROIBest-投手端（子帐号）','ROIBest-投手端（子帐号）','f1bec030-e38f-43b2-aea8-8cf01780abbc','https://www.roibest.com/favicon.ico',0,'active','2025-09-24','2025-09-24 06:48:54','2025-09-24 06:48:54',NULL);
INSERT INTO tools VALUES('9838f4ea-e16a-4601-aa26-2500f1b949e7','ROIBest-代理后台','代理后台','f1bec030-e38f-43b2-aea8-8cf01780abbc','https://www.roibest.com/favicon.ico',0,'active','2025-09-24','2025-09-24 06:50:09','2025-09-24 06:50:09',NULL);
INSERT INTO tools VALUES('7cbc16ff-afa4-464f-8303-681037bf0f92','Apache Airflow','开源数据工作流调度平台','deployment','https://airflow.apache.org/favicons/favicon-32x32.png',0,'active','2025-09-25','2025-09-24 06:54:20','2025-09-24 06:54:20',NULL);
INSERT INTO tools VALUES('38331947-b0a3-46ca-b9ce-0037722b7a9a','Metadata',replace('OCI系统\n','\n',char(10)),'database','https://data-metadata.qiliangjia.org/favicon.png',0,'active','2025-09-24','2025-09-24 06:57:13','2025-09-24 06:57:13',NULL);
INSERT INTO tools VALUES('0a49daba-5e1b-4a90-bdc0-b83cf8bc9b7f','Conduktor',replace('OCI系统\n','\n',char(10)),'development','https://avatars.githubusercontent.com/u/60062294?s=200&v=4',0,'active','2025-09-25','2025-09-24 06:58:35','2025-09-24 06:58:35',NULL);
INSERT INTO tools VALUES('8608a9ff-5db4-4572-9104-e7cbeb8715ca','Kibana','Elasticsearch 的数据可视化和分析工具，用于查看日志和指标','monitoring','https://kibana.qiliangjia.org/ui/favicons/favicon.png',0,'active','2025-09-24','2025-09-24 07:00:37','2025-09-24 07:00:37',NULL);
INSERT INTO tools VALUES('0e76cdf0-e693-4d57-bdea-20316e572060','Grafana','开源的数据可视化和监控平台，用于创建仪表盘、监控指标和告警','monitoring','https://grafana.qiliangjia.org/public/img/fav32.png',0,'active','2025-09-24','2025-09-24 07:01:57','2025-09-24 07:01:57',NULL);
INSERT INTO tools VALUES('e1f49778-a9a7-45c9-aa1e-e847d8ed600e','JumpServer','开源堡垒机，用于统一管理和审计服务器、运维账户和操作行为，保证运维安全','deployment','https://jumpserver.qiliangjia.org/static/img/facio.ico',0,'active','2025-09-24','2025-09-24 07:03:21','2025-09-24 07:03:21',NULL);
INSERT INTO tools VALUES('6d1c9178-2798-4d0c-8f3f-ebc69e72e490','起量加-官网',replace('起量加-官网\n','\n',char(10)),'482a552d-b451-4f0a-a1d0-4d832a59958e','https://www.qiliangjia.net/favicon.ico',0,'active','2025-09-24','2025-09-24 07:04:48','2025-09-24 07:04:48',NULL);
INSERT INTO tools VALUES('b2d2bd1e-a9ec-4503-b0f6-3ff0b885a9e3','DeepClick-官网',replace('DeepClick-官网\n','\n',char(10)),'eeff1543-aaa9-42d8-bd60-8eb888b1f37a','https://www.deepclick.com/favicon.ico',0,'active','2025-09-24','2025-09-24 07:07:12','2025-09-24 07:07:12',NULL);
INSERT INTO tools VALUES('344ba45a-bd03-44aa-b588-abd920c8a843','DeepClick-DSP Admin',replace('DeepClick-DSP Admin\n','\n',char(10)),'eeff1543-aaa9-42d8-bd60-8eb888b1f37a','https://deepclick.com/favicon.ico',0,'active','2025-09-24','2025-09-24 07:08:16','2025-09-24 07:08:16',NULL);
INSERT INTO tools VALUES('33b6f7b6-c0b7-45d8-9f1b-e448465bcabe','DeepClick-Admin','DeepClick-Admin 内部使用后台','eeff1543-aaa9-42d8-bd60-8eb888b1f37a','https://deepclick.com/favicon.ico',0,'active','2025-09-24','2025-09-24 07:09:22','2025-09-24 07:09:22',NULL);
INSERT INTO tools VALUES('dd7e734b-7dc4-4110-8515-e8ed9af64ad0','DeepClick-文档',replace('DeepClick-各种接入文档\n','\n',char(10)),'eeff1543-aaa9-42d8-bd60-8eb888b1f37a','https://docs.deepclick.com/favicon.svg',0,'active','2025-09-24','2025-09-24 07:14:42','2025-09-24 07:14:42',NULL);
INSERT INTO tools VALUES('cf0a879d-d58a-4ca0-add5-877f6da85bfd','ShortYes-官网',replace('ShortYes-官网\n','\n',char(10)),'482a552d-b451-4f0a-a1d0-4d832a59958e','https://shortyes.com/favicon.ico',0,'active','2025-09-24','2025-09-24 07:15:32','2025-09-24 07:15:32',NULL);
INSERT INTO tools VALUES('a3a45a31-d445-4936-b07a-3e9066cb6230','ShortYes-H5',replace('ShortYes-H5\n','\n',char(10)),'482a552d-b451-4f0a-a1d0-4d832a59958e','https://shortyes.com/favicon.ico',0,'active','2025-09-24','2025-09-24 07:17:52','2025-09-24 07:17:52',NULL);
INSERT INTO tools VALUES('819bbad4-8ad4-46df-b9f2-f1fda4547250','ShortYes-Mis',replace('ShortYes-Mis\n','\n',char(10)),'482a552d-b451-4f0a-a1d0-4d832a59958e','https://mis.shortyes.com/favicon.ico',0,'active','2025-09-24','2025-09-24 07:19:52','2025-09-24 07:19:52',NULL);
INSERT INTO tools VALUES('62c557c1-a867-4610-813e-4de6a2641f88','满天星-CDC Mis','满天星-CDC Mis','communication','https://cdc-stg.qiliangjia.one/favicon.ico',0,'active','2025-09-24','2025-09-24 07:21:46','2025-09-24 07:21:46',NULL);
INSERT INTO tools VALUES('7b31f765-e78d-4e30-b990-edf1b0d7f324','Amazon AWS','亚马逊提供的云计算服务平台，涵盖计算、存储、数据库、网络、监控、安全等众多云服务','deployment','https://a0.awsstatic.com/libra-css/images/site/fav/favicon.ico',0,'active','2025-09-24','2025-09-24 07:23:19','2025-09-24 07:23:19',NULL);
INSERT INTO tools VALUES('34c70f93-b9ad-4453-bb24-1103451b728e','风火轮-Admin',replace('风火轮-Admin\n','\n',char(10)),'communication','https://admin.ooofooo.com/favicon.ico',0,'deprecated','2025-09-24','2025-09-24 07:25:12','2025-09-24 07:25:12',NULL);
INSERT INTO tools VALUES('f5ccc095-1835-4740-850e-b2b07199ed2a','风火轮-Admin',replace('风火轮-Admin\n','\n',char(10)),'communication','https://admin.ooofooo.com/favicon.ico',0,'deprecated','2025-09-24','2025-09-24 07:26:55','2025-09-24 07:26:55',NULL);
INSERT INTO tools VALUES('d91ed5ea-00ff-48ba-b826-c2093c78cf08','风火轮-海外版',replace('风火轮-海外版\n','\n',char(10)),'482a552d-b451-4f0a-a1d0-4d832a59958e','https://admin.ooofooo.com/favicon.ico',0,'active','2025-11-18','2025-09-24 07:28:00','2025-09-24 07:28:00',NULL);
INSERT INTO tools VALUES('bbd7a49e-547d-4e8c-8a0c-7e556dd4c8c4','DBcheck','数据库管理和健康检查工具，用于检测数据库的配置、性能、数据完整性和潜在问题','development','',0,'active','2025-09-24','2025-09-24 07:29:45','2025-09-24 07:29:45',NULL);
INSERT INTO tools VALUES('7ee5c810-4f8d-4fee-806b-194fc37458ef','Vaultwarden','开源的密码管理服务（Bitwarden 的轻量替代），用于安全存储和管理账号密码及机密信息','communication','https://vaultwarden.qiliangjia.org/images/favicon-32x32.png',0,'active','2025-09-24','2025-09-24 07:30:37','2025-09-24 07:30:37',NULL);
INSERT INTO tools VALUES('5430e3a3-8aab-4acf-9999-55a915ede578','Figma','设计和原型工具，用于界面设计、原型制作和团队协作','development','https://static.figma.com/app/icon/1/favicon.png',0,'active','2025-09-24','2025-09-24 07:32:34','2025-09-24 07:32:34',NULL);
INSERT INTO tools VALUES('6cfb00ae-39ff-438f-98ed-7621529397ad','墨刀','原型设计与交互工具，用于快速制作网页和 App 原型，并支持团队协作和分享','communication','https://images.modao.cc/images/favicon.ico',0,'active','2025-09-24','2025-09-24 07:33:23','2025-09-24 07:33:23',NULL);
INSERT INTO tools VALUES('51c2d6d3-da1c-40c5-aeba-876c014f05e7','TinyPNG-图片压缩',replace('图片压缩\n','\n',char(10)),'development','https://tinypng.com/images/favicon.ico',0,'active','2025-09-24','2025-09-24 07:34:26','2025-09-24 07:34:26',NULL);
INSERT INTO tools VALUES('16f0034f-9853-4678-a4d6-0207a857107a','起量加-AI平台','AI 驱动的生产力平台，提供聊天助手、知识管理和自动化工具，帮助个人和团队提升工作效率','communication','https://marketplace.dify.ai/favicon.ico',0,'active','2025-09-25','2025-09-24 07:37:18','2025-09-24 07:37:18',NULL);
INSERT INTO tools VALUES('ebc83ec5-c5f1-40b4-83e7-549972472288','Convertio','在线文件转换工具，支持文档、图片、音视频、压缩包等多种格式的相互转换','development','data:image/png;base64,iVBORw0KGgoAAAANSUhEUgAAACAAAAAgCAYAAABzenr0AAAAGXRFWHRTb2Z0d2FyZQBBZG9iZSBJbWFnZVJlYWR5ccllPAAAA2ZpVFh0WE1MOmNvbS5hZG9iZS54bXAAAAAAADw/eHBhY2tldCBiZWdpbj0i77u/IiBpZD0iVzVNME1wQ2VoaUh6cmVTek5UY3prYzlkIj8+IDx4OnhtcG1ldGEgeG1sbnM6eD0iYWRvYmU6bnM6bWV0YS8iIHg6eG1wdGs9IkFkb2JlIFhNUCBDb3JlIDUuMy1jMDExIDY2LjE0NTY2MSwgMjAxMi8wMi8wNi0xNDo1NjoyNyAgICAgICAgIj4gPHJkZjpSREYgeG1sbnM6cmRmPSJodHRwOi8vd3d3LnczLm9yZy8xOTk5LzAyLzIyLXJkZi1zeW50YXgtbnMjIj4gPHJkZjpEZXNjcmlwdGlvbiByZGY6YWJvdXQ9IiIgeG1sbnM6eG1wTU09Imh0dHA6Ly9ucy5hZG9iZS5jb20veGFwLzEuMC9tbS8iIHhtbG5zOnN0UmVmPSJodHRwOi8vbnMuYWRvYmUuY29tL3hhcC8xLjAvc1R5cGUvUmVzb3VyY2VSZWYjIiB4bWxuczp4bXA9Imh0dHA6Ly9ucy5hZG9iZS5jb20veGFwLzEuMC8iIHhtcE1NOk9yaWdpbmFsRG9jdW1lbnRJRD0ieG1wLmRpZDpFNDY1NDg3RDc3N0JFODExODNENjlCOEE4NDIwQ0ZCMyIgeG1wTU06RG9jdW1lbnRJRD0ieG1wLmRpZDpBNzIyRUYxOUU2OEMxMUU5OENDMkRGRDY2MUEyMUNEMCIgeG1wTU06SW5zdGFuY2VJRD0ieG1wLmlpZDpBNzIyRUYxOEU2OEMxMUU5OENDMkRGRDY2MUEyMUNEMCIgeG1wOkNyZWF0b3JUb29sPSJBZG9iZSBQaG90b3Nob3AgQ1M2IChXaW5kb3dzKSI+IDx4bXBNTTpEZXJpdmVkRnJvbSBzdFJlZjppbnN0YW5jZUlEPSJ4bXAuaWlkOjBBQzRBRDc4OEJFNkU5MTE5RDNFOEE4MDBCRkY0NDZDIiBzdFJlZjpkb2N1bWVudElEPSJ4bXAuZGlkOkU0NjU0ODdENzc3QkU4MTE4M0Q2OUI4QTg0MjBDRkIzIi8+IDwvcmRmOkRlc2NyaXB0aW9uPiA8L3JkZjpSREY+IDwveDp4bXBtZXRhPiA8P3hwYWNrZXQgZW5kPSJyIj8+6G+jpQAAA/9JREFUeNq0V1lIlFEU/kZbjPYkEysospJGbBW1KAgX2qCHFIpepOVBBFHBpiQiIjIXFIveUiIhCcqXVoPqoZ0CM1qgtB5EsEItNR2TtHO8d3Lm/8//z6/pgY9h/nvvOd+992zXNbR+PRzKDMJOwlbCGsJSwmw99pPwhfCa8JBwi9DjRKnLAYFogoewjzDdIdlfhFpCMaHJbmKIzVgY4SzhHeHQKIxDzz2k1xZrXaMisIzwTO98CsYuvPaI1hVtT+DVKwVgHeGJvufxEtb1eFj3iB3hBDZsYJZ3CQsw/rJgWLeyITrhNH1Uq23VREQACQnA8uVAeDjw5w/Q0QG8eaN21tUVjAhNRCKhj/9M8hs4aWvc5QJSU4H0dMDtBqZONc/p7QWuXQOqqykILaMwTtvy+J8AO90HwmRnGYFSQloacOAAEBlpHm9tBXJzKTN8sdIwQFjFIerzgaOWxtlYUlLgN95dXR2QkQHU15vXLFwIXLigrkuWydrmsBPO1ElGmEbzSkuB8nIgPt483kfXePw4cOWK7CsVFUBoqBWJvWybCewQkwzf+YkTyrCPSEyMWc3QkDJ05455bOVK2to+u2S1gwkki8PZ2cD27YFXcf48sHixTKKoCPj2zTx2+DDtc6YVieQQ7ZWBwp6emWmePncucO6c+pUioLZW2CdtNCXFMiJCdASMCO/a47GOAD4BPvIwIb03NMhrOG9YpHwmMOvfX75vvne+fzuJjQXOnCEXNpSSzk55flSUlaZZnAf6xYJz+TJF6irzkt27VZz/S+ZEoqwM2LIleP4YoPDPyQFevvR9+c1bkHOnvxF/mTcv8P/gIFBYCLx9a2+c55065W+cpYsJNIsLHj2SFa1da/7m9QJ5eUBLizWBkhIpVJtDdHEwy4MHQHe3+fv+/cqzjcL3z8cr+cGlS6pGCIWJCdwXCfCuamrM37kCHjsmOyqfQFZWYCHiXXNaluU+E7itezizMIGPH83ft20D8vNlEk3UAhYUKIfj++Z750QlZA627auGFwkHRRKLFgFVVWrnRrl3Dzh9WiUho3ABa2yUx5RUcd/oI8BdynvLirhkCVBZqaqcUdraVP1nMj2OOnFfOaamAp9CT6ok0aH7/k3i9B8/gBs3VMyvWKGKk3+N2LxZFZ1EanT6Ka18/hyMAJVXXJVasudibTDmdk6tcXEqJzCp9nZ19y9eyAXJ3JIlaR/wI8D9nGoYnxLmY2LkO2Ej2WoiW0JXzAPk44SvE2D867BuZSPo04xP4nrQ63AufOx7pGea1cuIJ3INLdEeO1YZ0DoSrN6Idm9Dr26d3TpP9I7CcJ+Oc7fW4f2f17H/83yX4Xk+xxeohuf5TafP878CDADrJR+o7JYu7QAAAABJRU5ErkJggg==',0,'active','2025-09-24','2025-09-24 07:40:28','2025-09-24 07:40:28',NULL);
INSERT INTO tools VALUES('b2ff0802-d718-436a-acb8-1e53c9a17514','起量加-h5工具案例库','起量加-h5工具案例库','482a552d-b451-4f0a-a1d0-4d832a59958e','https://demo.bar/favicon.ico',0,'active','2025-11-18','2025-09-24 10:27:25','2025-09-24 10:27:25',NULL);
INSERT INTO tools VALUES('2e72a9d6-92f8-4e03-a16f-5a5c3afbfbb1','图片上传R2托管','可以手动上传R2拿到CDN地址引用','0c97efe7-d1d4-471d-a04d-965c41e09e22','data:image/svg+xml;base64,PHN2ZyB2aWV3Qm94PSIwIDAgNTEyIDUxMiIgeG1sbnM9Imh0dHA6Ly93d3cudzMub3JnLzIwMDAv c3ZnIj4KICA8ZGVmcz4KICAgIDxsaW5lYXJHcmFkaWVudCBpZD0iZ3JhZDEiIHgxPSIwJSIgeTE9 IjAlIiB4Mj0iMTAwJSIgeTI9IjEwMCUiPgogICAgICA8c3RvcCBvZmZzZXQ9IjAlIiBzdHlsZT0i c3RvcC1jb2xvcjojNjY3ZWVhO3N0b3Atb3BhY2l0eToxIiAvPgogICAgICA8c3RvcCBvZmZzZXQ9 IjEwMCUiIHN0eWxlPSJzdG9wLWNvbG9yOiM3NjRiYTI7c3RvcC1vcGFjaXR5OjEiIC8+CiAgICA8 L2xpbmVhckdyYWRpZW50PgogICAgPGxpbmVhckdyYWRpZW50IGlkPSJncmFkMiIgeDE9IjAlIiB5 MT0iMCUiIHgyPSIxMDAlIiB5Mj0iMTAwJSI+CiAgICAgIDxzdG9wIG9mZnNldD0iMCUiIHN0eWxl PSJzdG9wLWNvbG9yOiNmMDkzZmI7c3RvcC1vcGFjaXR5OjEiIC8+CiAgICAgIDxzdG9wIG9mZnNl dD0iMTAwJSIgc3R5bGU9InN0b3AtY29sb3I6I2Y1NTc2YztzdG9wLW9wYWNpdHk6MSIgLz4KICAg IDwvbGluZWFyR3JhZGllbnQ+CiAgICA8bGluZWFyR3JhZGllbnQgaWQ9ImdyYWQzIiB4MT0iMCUi IHkxPSIwJSIgeDI9IjEwMCUiIHkyPSIxMDAlIj4KICAgICAgPHN0b3Agb2Zmc2V0PSIwJSIgc3R5 bGU9InN0b3AtY29sb3I6IzRmYWNmZTtzdG9wLW9wYWNpdHk6MSIgLz4KICAgICAgPHN0b3Agb2Zm c2V0PSIxMDAlIiBzdHlsZT0ic3RvcC1jb2xvcjojMDBmMmZlO3N0b3Atb3BhY2l0eToxIiAvPgog ICAgPC9saW5lYXJHcmFkaWVudD4KICA8L2RlZnM+CiAgCiAgPCEtLSBCYWNrZ3JvdW5kIENpcmNs ZSAtLT4KICA8Y2lyY2xlIGN4PSIyNTYiIGN5PSIyNTYiIHI9IjI0MCIgZmlsbD0idXJsKCNncmFk MSkiIG9wYWNpdHk9IjAuMSIvPgogIAogIDwhLS0gQ2xvdWQgU2hhcGUgLS0+CiAgPHBhdGggZD0i TTE2MCAzMjAgQzEyMCAzMjAgOTAgMjkwIDkwIDI1MCBDOTAgMjIwIDExMCAxOTUgMTM4IDE4NSBD MTQ1IDE1NSAxNzUgMTM1IDIxMCAxMzUgQzIzNSAxMzUgMjU1IDE1MCAyNjUgMTcwIEMyNzUgMTY1 IDI5MCAxNjUgMzA1IDE3MCBDMzMwIDE4MCAzNTAgMjA1IDM1MCAyMzUgQzM4MCAyNDAgNDAwIDI2 NSA0MDAgMjk1IEM0MDAgMzI1IDM3NSAzNTAgMzQ1IDM1MCBMMTc1IDM1MCBDMTY1IDM1MCAxNjAg MzQ1IDE2MCAzMzUgWiIgZmlsbD0idXJsKCNncmFkMikiLz4KICAKICA8IS0tIFVwbG9hZCBBcnJv dyAtLT4KICA8cGF0aCBkPSJNMjU2IDIwMCBMMjU2IDI4MCBNMjMwIDIyNSBMMjU2IDIwMCBMMjgy IDIyNSIgc3Ryb2tlPSJ3aGl0ZSIgc3Ryb2tlLXdpZHRoPSIxNiIgc3Ryb2tlLWxpbmVjYXA9InJv dW5kIiBzdHJva2UtbGluZWpvaW49InJvdW5kIiBmaWxsPSJub25lIi8+CiAgCiAgPCEtLSBJbWFn ZSBJY29uIC0tPgogIDxyZWN0IHg9IjE4MCIgeT0iMzgwIiB3aWR0aD0iODAiIGhlaWdodD0iNjAi IHJ4PSI4IiBmaWxsPSJ1cmwoI2dyYWQzKSIvPgogIDxjaXJjbGUgY3g9IjIwMCIgY3k9IjQwMCIg cj0iOCIgZmlsbD0id2hpdGUiLz4KICA8cGF0aCBkPSJNMTgwIDQyMCBMMjAwIDQwNSBMMjIwIDQx NSBMMjQwIDQwMCBMMjYwIDQyMCBMMjYwIDQ0MCBMMTgwIDQ0MCBaIiBmaWxsPSJ3aGl0ZSIgb3Bh Y2l0eT0iMC44Ii8+CiAgCiAgPCEtLSBSMiBUZXh0IC0tPgogIDx0ZXh0IHg9IjMyMCIgeT0iNDIw IiBmb250LWZhbWlseT0iQXJpYWwsIHNhbnMtc2VyaWYiIGZvbnQtc2l6ZT0iMzYiIGZvbnQtd2Vp Z2h0PSJib2xkIiBmaWxsPSJ1cmwoI2dyYWQxKSI+UjI8L3RleHQ+CiAgCiAgPCEtLSBDb25uZWN0 aW9uIExpbmVzIC0tPgogIDxwYXRoIGQ9Ik0yMjAgMzgwIFEyNDAgMzYwIDI2MCAzNDAiIHN0cm9r ZT0idXJsKCNncmFkMykiIHN0cm9rZS13aWR0aD0iNCIgZmlsbD0ibm9uZSIgb3BhY2l0eT0iMC42 Ii8+CiAgPHBhdGggZD0iTTI2MCAzODAgUTI4MCAzNjAgMzAwIDM0MCIgc3Ryb2tlPSJ1cmwoI2dy YWQzKSIgc3Ryb2tlLXdpZHRoPSI0IiBmaWxsPSJub25lIiBvcGFjaXR5PSIwLjYiLz4KPC9zdmc+',1,'active','2025-09-25','2025-09-25 07:39:11','2025-09-25 07:39:11',NULL);
INSERT INTO tools VALUES('9d0ba3ee-0a79-41ee-b650-f2217007d8ae','URL 编解码工具','支持 URL 编码/解码、encodeURI 和 encodeURIComponent 两种模式，处理特殊字符和中文。','0c97efe7-d1d4-471d-a04d-965c41e09e22','data:image/svg+xml;base64,PD94bWwgdmVyc2lvbj0iMS4wIiBlbmNvZGluZz0idXRmLTgiPz4KPHN2ZyB4bWxucz0iaHR0cDov L3d3dy53My5vcmcvMjAwMC9zdmciIHdpZHRoPSI1MTIiIGhlaWdodD0iNTEyIiB2aWV3Qm94PSIw IDAgNTEyIDUxMiIgcm9sZT0iaW1nIiBhcmlhLWxhYmVsPSJVUkwgZW5jb2RlciBkZWNvZGVyIGxv Z28iPgogIDxkZWZzPgogICAgPGxpbmVhckdyYWRpZW50IGlkPSJnIiB4MT0iMCIgeDI9IjEiIHkx PSIwIiB5Mj0iMSI+CiAgICAgIDxzdG9wIG9mZnNldD0iMCIgc3RvcC1jb2xvcj0iIzNiODJmNiIv PgogICAgICA8c3RvcCBvZmZzZXQ9IjEiIHN0b3AtY29sb3I9IiMwNmI2ZDQiLz4KICAgIDwvbGlu ZWFyR3JhZGllbnQ+CiAgICA8ZmlsdGVyIGlkPSJzIiB4PSItNTAlIiB5PSItNTAlIiB3aWR0aD0i MjAwJSIgaGVpZ2h0PSIyMDAlIj4KICAgICAgPGZlRHJvcFNoYWRvdyBkeD0iMCIgZHk9IjYiIHN0 ZERldmlhdGlvbj0iMTgiIGZsb29kLWNvbG9yPSIjMGIxMjIwIiBmbG9vZC1vcGFjaXR5PSIwLjEy Ii8+CiAgICA8L2ZpbHRlcj4KICA8L2RlZnM+CgogIDwhLS0gUm91bmRlZCBjYXJkIGJhY2tncm91 bmQgLS0+CiAgPHJlY3QgeD0iMzIiIHk9IjMyIiB3aWR0aD0iNDQ4IiBoZWlnaHQ9IjQ0OCIgcng9 IjY0IiBmaWxsPSJ1cmwoI2cpIiBmaWx0ZXI9InVybCgjcykiLz4KCiAgPCEtLSBDaXJjdWxhciBy aW5nIC0tPgogIDxnIHRyYW5zZm9ybT0idHJhbnNsYXRlKDI1NiwyMjApIj4KICAgIDxjaXJjbGUg cj0iMTEwIiBmaWxsPSJub25lIiBzdHJva2U9InJnYmEoMjU1LDI1NSwyNTUsMC4xOCkiIHN0cm9r ZS13aWR0aD0iMjIiIC8+CiAgICA8IS0tIGNsb2Nrd2lzZSBhcnJvdyAoZW5jb2RlKSAtLT4KICAg IDxwYXRoIGQ9Ik0gODAgLTMwCiAgICAgICAgICAgICBBIDEyMCAxMjAgMCAwIDAgIC00MCAtODAi CiAgICAgICAgICBmaWxsPSJub25lIiBzdHJva2U9IiNmZmYiIHN0cm9rZS13aWR0aD0iMTgiIHN0 cm9rZS1saW5lY2FwPSJyb3VuZCIgc3Ryb2tlLWxpbmVqb2luPSJyb3VuZCIgb3BhY2l0eT0iMC45 NSIvPgogICAgPHBhdGggZD0iTSA2NCAtMTYgTCA4OCAtOCBMIDgwIC0zMiBaIiBmaWxsPSIjZmZm IiBvcGFjaXR5PSIwLjk1IiB0cmFuc2Zvcm09InJvdGF0ZSgxMCA3NiAtMTYpIi8+CiAgICA8IS0t IGNvdW50ZXJjbG9ja3dpc2UgYXJyb3cgKGRlY29kZSkgLS0+CiAgICA8cGF0aCBkPSJNIC04OCAy NAogICAgICAgICAgICAgQSAxMjAgMTIwIDAgMCAwICAgOCA3OCIKICAgICAgICAgIGZpbGw9Im5v bmUiIHN0cm9rZT0iI2ZmZiIgc3Ryb2tlLXdpZHRoPSIxNCIgc3Ryb2tlLWxpbmVjYXA9InJvdW5k IiBzdHJva2UtbGluZWpvaW49InJvdW5kIiBvcGFjaXR5PSIwLjkiLz4KICAgIDxwYXRoIGQ9Ik0g LTcyIDQwIEwgLTk2IDQ4IEwgLTg0IDI0IFoiIGZpbGw9IiNmZmYiIG9wYWNpdHk9IjAuOSIgdHJh bnNmb3JtPSJyb3RhdGUoLTEwIC04NCA0MCkiLz4KICA8L2c+CgogIDwhLS0gQ2VudGVyIGJhZGdl IC0tPgogIDxnIHRyYW5zZm9ybT0idHJhbnNsYXRlKDI1NiwzMjApIj4KICAgIDxyZWN0IHg9Ii04 NiIgeT0iLTQ2IiB3aWR0aD0iMTcyIiBoZWlnaHQ9IjkyIiByeD0iMTgiIGZpbGw9IiNmZmZmZmYi IG9wYWNpdHk9IjAuMTIiLz4KICAgIDx0ZXh0IHg9IjAiIHk9IjE4IiB0ZXh0LWFuY2hvcj0ibWlk ZGxlIiBmb250LWZhbWlseT0iSW50ZXIsIHN5c3RlbS11aSwgLWFwcGxlLXN5c3RlbSwgJ1NlZ29l IFVJJywgUm9ib3RvLCAnSGVsdmV0aWNhIE5ldWUnLCBBcmlhbCIgZm9udC13ZWlnaHQ9IjcwMCIg Zm9udC1zaXplPSI1NiIgZmlsbD0iI2ZmZmZmZiIgbGV0dGVyLXNwYWNpbmc9IjIiPlVSTDwvdGV4 dD4KICA8L2c+CgogIDwhLS0gc21hbGwgbGFiZWwgLS0+CiAgPHRleHQgeD0iMjU2IiB5PSI0NjAi IHRleHQtYW5jaG9yPSJtaWRkbGUiIGZvbnQtZmFtaWx5PSJJbnRlciwgc3lzdGVtLXVpLCAtYXBw bGUtc3lzdGVtLCAnU2Vnb2UgVUknLCBSb2JvdG8sICdIZWx2ZXRpY2EgTmV1ZScsIEFyaWFsIiBm b250LXNpemU9IjIwIiBmaWxsPSJyZ2JhKDI1NSwyNTUsMjU1LDAuOSkiPmVuY29kZSDih4QgZGVj b2RlPC90ZXh0Pgo8L3N2Zz4=',1,'active','2025-09-25','2025-09-25 08:12:28','2025-09-25 08:12:28',NULL);
INSERT INTO tools VALUES('158b17ac-f637-4943-b46e-abb8a8c8e859','JSON Diff','方便对比两端JSON数据的差异','development','data:image/png;base64,iVBORw0KGgoAAAANSUhEUgAAAO4AAADICAYAAADvG90JAAAM40lEQVR4Aeydb3abOBRHpXRh43xvZgnNmZWkXUlPsoTJfE+6sJbh50ZO7CIQGMGTdH2qweaPeLqPm2dj8Nw4HhCAQHEEELe4lBEwBJxDXI4CCBRIAHELTBohQwBx48cASyBglgDimk2N3cA+f+8OandP3cvH9vdj91XNbuT1RIa49eQy+0iCrP7Gvai5zh0+ts65B7W7x65DYJf1gbhZ8dbTuaQ9yZowLAROgHTFKoh7BbxWNlX1PEr7PuDkZxJY2ydvwIpJBBA3CVO7K0k6yXcNAW2vz8Kq2tf0w7bvBBD3nQXPBghIuoHZ82f1n4dVtfWHYP7GbHFJAHEvifD6RCCHZPpDQPU9IV78BHEXo6t/w867v7KMsu7qmwXZZaeIe0mE1+8EesHeX6z/TNU3R1VfP1J7PSKuvZyYiGirE0mSl+9956ccceczY4sMBCQw1TcdLOKms2LNzAQkL9U3DXKh4qYNjrXKJCCBqb7juUPccT7NLv3vH//qvHt1Oz0kL9U3Dh9x42yaX9L9dN/2hiCBqb5/ZgFx/2TCnDcCx6r79nzPieSl+p5nAHHPeVTwat0heLd/1Q0jksBU3980EPc3B/4bIfDvvf/qjcnLJZOOH4uLHK/M/kDAmryuc4fWb1ig4joeKQTMydsHrbfOqr790+b+IW5zKV8+YMn7fO+9N/TWWdU3/cTV8rFb2xJxrWWkgHgksCl5e2aqvi2duELcPun8m09A8lqrvpK3leqLuPOPWbb4QEACU30/ANnoKeJuBLrm3Uje7pe7dTteInnJt/bqu764lwR53QQBXWX1/MXfUn23STfibsO5mb2cqq+hEddYfRHX0AFWSyjH6mvta6MergSu5cwz4vYJ5V8eAqq+Ft8613DmGXHzHLPDvTY4V/Ja+9pIaSi9+iKuskjLTkACm6y+T93LVj+MtyZkxF2TJn2NEpC85qpvoTcsIO7oocbCHAQksNXqm2O8OfpE3BxU6XOSgOQ9q76TW2ywQl99SzlxhbgbHA/sIk5AAlusvta/NkLc+DHFko0ISF5VXy6ZTAeOuOmsWDMzAS6ZTAeMuOmsWHMDAqq+3LBwAXrgJeIOQGHWvgSOl0xyw8JoEhB3FA8L9ySg6mvxxJWFM8+Iu+eRyb4nCUhenbiyKPCeZ54Rd/LQYQULBCSwRXlVffe4ZBJx345KJvYJSF6L1XeP33hGXPvHKxFeEJDAJqvvhjcsIO7FQcHLMghIXnPVt3OHraov4joeJROQwBarb+4TV4hb8lG7UezWdyN5rVVf3aivE1e5BEZc60cl8SUTkMCtVF/ETT4sWLEEApK3hUsmEbeEo5EYZxFo4ZJJxJ11SLBySQS2qL5zeaz12Rdx55Jn/aII1Fp9Ebeow5BglxJQ9bV44mrpmefZ4uq6zLun7uXYHrtOO6bBoYRjQG9Tl4qfczvFNfdro2Rxg7C6MsR17nBsjgcEILAGAcmrP37yLKW/JHH11+AkbEqv665DbxBohoA8k29TA54UV53or8FURyyHAATWISDfpirvqLjaWJ2sEw69QAACqQRUeeVfbP1RcW9u3MHxgAAEdiHgP7mH2I6j4vIWOYbM1HyCqZlAfxI4VnWj4tbMg7FBoHQCUXH5bFt6aom/BgKxt8tRcWsYNGOAQK0EELfWzDKuOgj0n3OHBoK4Q1SYBwErBLx7dQOPuLiRDQb6YBYEIJCJgO/cj6Gu4+IOrc08CEDABIGouN1P981EhAQBgYYJ6HbEoeFHxdUNyG7y7fJQl8yDAATWIDB2/3BUXO2YqisKNAjsQKAvmrFqq2hGxVXVHbNeHdAgAIH1CTx/8bdjvY6Kqw1lPfKKBA0CGxDoK61+3H1qT5PiqgPJq84QWDRSG+tBYB4B+TVVaUOPSeKGlc8E7v8yFHPyKsTK9PWYMziY4qAfcFdhlF/BtanpLHFDZ9qB/jIc27332qnp1n9eOMbK9BYO3hwDnUsKbqVOF4mb2jnrQQACeQggbh6u9DpKgIXXEkDcawmyPQR2IIC4O0BnlxC4lgDiXkuQ7SGwAwHE3QE6u4RAnEDaEsRN48RaEDBFAHFNpYNgIJBGAHHTOLEWBEwRQFxT6SAYCKQRaFPcNDasBQGzBBDXbGoIDAJxAogbZ8MSCJglgLhmU0NgEIgTQNw4mzaXMOoiCCBuEWkiSAicE0Dccx68gkARBBC3iDQRJATOCSDuOQ9eQSBOwNASxDWUDEKBQCoBxE0lxXoQMEQAcQ0lg1AgkEoAcVNJsR4EDBEwJ64hNoQCAbMEENdsaggMAnECiBtnwxIImCWAuGZTQ2AQiBNA3Dgbc0sICAKBAOIGEkwhUBABxC0oWYQKgUAAcQMJphAoiADiFpQsQo0TaG0J4raWccZbBQHErSKNDKI1AojbWsYZbxUEELeKNDKI1gjMEbc1NowXAmYJIK7Z1BAYBOIEEDfOhiUQMEsAcc2mhsAgECeAuHE2c5awLgQ2JTBb3M/fu8PdU/dyao9dd0eDAcfA/GOg9+jvx+6rnJprfbK46lyy+hv34jp3ODXHAwIQWESg96hz7kFOSWC11H6SxFWH6tz1O0rtmPUgAIF0AhJYTa6lbDUprjpShymdsQ4EBggwawYBuSbnpjYZFVcdqKOpTlgOAQisR0DO6aPpWI+j4qqDsY1ZBgEI5CHgP7mHsZ6j4qrajm3IMghAICOB/nzSWNWNiku1zZgUuobAbwKj/x2ruoPijpk+uicWQgAC6xHoq26ss0Fxb27cwfGAAAR2JxArooPi7h4tAUAAAqMEBsX99cu9Oh4QgIBZAoPimo12UWBsBIFyCfz3jx8sooPixlYud/hEDoECCXg3KK3rH4Pi9vOdG9nI8YAABLIT8J37EdtJVNzup/sW24j5EIBAfgL/3vuvsb1ExdXbZe+QNwaujvmMwiqBKfei4mpAR+N5yywUNAhsRkDSHt0b2eOouNru+Yu/dcgrFDQIZCeQIq2CmBRXK0ledajnNAhAIAOBvjh2v9ztVKUNe04SVyurQ+QVCVobBDYYZS+r3s1KWBVHnVdK3WuyuOpQ8j7fe29RYMWk2Gjew6AQBv3H0LnCykO1WeJqAzUJLFH03ErTbYj6MbvYRdlW4iQOCKxBYJG42rHk1V92UwJ37qAfteNHAByPygksFjdwkcCm5O0DU/VF3h4E/6olcLW4IiN5F1VfbZypSV79UDsCZwJMt7sSWEXcMAIJTPUNNJhCIB+BVcVVmJKX6isSNAjkI7C6uCFUCUz1DTSYQmBdAtnEVZiSV18u60tmvbbQivnsawEWMZglkFVcjVpXg+hLZqqvaNAgsA6B7OKGME/VN8wwMKX6GkgCISwisJm4iu5YfQ1eMimB+dpIGaKVQmBTcQMUVV+Lb525ZDJkyPiU8Nwu4oq75LX2tZHjkkmlhlYAgd3EDWwkMNU30GAKgTQCu4urMCUv1VckaBBII2BC3BCqBLZYfTlxFTLE1AqBqLh7BSh5rVVfnXXmhoW9jgj2O0TAnLghSAlM9Q00mELgnIBZcRWm5KX6igQNAucETIsbQpXAVN9AgykE3H7f486FL3mt3LAQYuezbyDBdGsCRVTcAOV4yeQXf+uN/a9RJDBnnkOWmG5BoChxA5BT9Q0zDEwlL2eeDSSikRCKFFe5OVZfblgQClqDBIoVN+RK1dfiW+dWb1gIeWGal0Dx4gqP5LX2tRE3LCgztFwEqhA3wJHAVqtviJEpBNYgUJW4AiJ5LVZfTlwpO7S1CFQnbgAjgS1WX742Chlqb7rmiKsVV5Akr7Xqy9dGygztWgJVixvgSGCqb6DBtAYCTYirREleVV9+41k0aKUTaEbckCh+4zmQYFoygdrETcqFqq/JGxaeupfP37tD0iBYqWkCTYqrjB8vmbR2w8Lbr0wirzJEGyPQrLgBiqqvtRNX/pN7CPExhcAQgebFFRTJqxNXZgTuKy/f9yoztBgBxP1ARgJbkbdzq1fdDyPlaekEEPcig5LXSvXls+5Fcnh5IoC4JxTnTyTw3tWXz7rnOeHVOwHEfWfxxzPJa6X6/hEcM5omgLgJ6ZfAe1ffhDBZZTmB4rZE3MSUSV6qbyIsVstOAHFnIpbAW1Vf37kfM8Nj9UYIIO6CREtea5dMLhgGmxRMAHEXJm+LSyb1B2JheGxWOYENxa2TpOTKUX23ejteZ1bqHxXirpDj1auvd6/6g7BCaHRRKQHEXTGxku3qStlLq3uGVwyLriokgLgrJ1XyLv7aCGlXzka93SFuptxKYH32TarA3r1qXSptpmRU2C3iZkyqPvtK4FCBjxL3VdW9Nb0OwmrdjKHQdWUEEHejhEpgNVXV0PQaYTdKQGW7QdzKEspw2iCAuG3kueBREvoQAcQdosI8CBgngLjGE0R4EBgi8D8AAAD//wTn9WgAAAAGSURBVAMAVHq1J5fT8YsAAAAASUVORK5CYII=',1,'active','2025-09-29','2025-09-29 06:21:15','2025-09-29 06:21:15',NULL);
INSERT INTO tools VALUES('18d54f45-fdd3-4cde-9261-dfadd3d756c1','JWT解析','解析JWT的header和payload部分','development','data:image/svg+xml;base64,PHN2ZyB3aWR0aD0iMTIwIiBoZWlnaHQ9IjEyMCIgdmlld0JveD0iMCAwIDEyMCAxMjAiIGZpbGw9Im5vbmUiIHhtbG5zPSJodHRwOi8vd3d3LnczLm9yZy8yMDAwL3N2ZyI+CiAgPCEtLSBHcmFkaWVudCBEZWZpbml0aW9ucyAtLT4KICA8ZGVmcz4KICAgIDxsaW5lYXJHcmFkaWVudCBpZD0icHVycGxlR29sZEdyYWRpZW50IiB4MT0iMCUiIHkxPSIwJSIgeDI9IjEwMCUiIHkyPSIxMDAlIj4KICAgICAgPHN0b3Agb2Zmc2V0PSIwJSIgc3R5bGU9InN0b3AtY29sb3I6IzhiNWNmNjtzdG9wLW9wYWNpdHk6MSIgLz4KICAgICAgPHN0b3Agb2Zmc2V0PSI1MCUiIHN0eWxlPSJzdG9wLWNvbG9yOiNhODU1Zjc7c3RvcC1vcGFjaXR5OjEiIC8+CiAgICAgIDxzdG9wIG9mZnNldD0iMTAwJSIgc3R5bGU9InN0b3AtY29sb3I6I2Y1OWUwYjtzdG9wLW9wYWNpdHk6MSIgLz4KICAgIDwvbGluZWFyR3JhZGllbnQ+CiAgICA8bGluZWFyR3JhZGllbnQgaWQ9ImtleUdyYWRpZW50IiB4MT0iMCUiIHkxPSIwJSIgeDI9IjEwMCUiIHkyPSIxMDAlIj4KICAgICAgPHN0b3Agb2Zmc2V0PSIwJSIgc3R5bGU9InN0b3AtY29sb3I6I2ZiYmYyNDtzdG9wLW9wYWNpdHk6MSIgLz4KICAgICAgPHN0b3Agb2Zmc2V0PSIxMDAlIiBzdHlsZT0ic3RvcC1jb2xvcjojZjU5ZTBiO3N0b3Atb3BhY2l0eToxIiAvPgogICAgPC9saW5lYXJHcmFkaWVudD4KICAgIDxsaW5lYXJHcmFkaWVudCBpZD0ibG9ja0dyYWRpZW50IiB4MT0iMCUiIHkxPSIwJSIgeDI9IjAlIiB5Mj0iMTAwJSI+CiAgICAgIDxzdG9wIG9mZnNldD0iMCUiIHN0eWxlPSJzdG9wLWNvbG9yOiNhNzhiZmE7c3RvcC1vcGFjaXR5OjEiIC8+CiAgICAgIDxzdG9wIG9mZnNldD0iMTAwJSIgc3R5bGU9InN0b3AtY29sb3I6IzhiNWNmNjtzdG9wLW9wYWNpdHk6MSIgLz4KICAgIDwvbGluZWFyR3JhZGllbnQ+CiAgICA8cmFkaWFsR3JhZGllbnQgaWQ9Imdsb3dQdXJwbGUiPgogICAgICA8c3RvcCBvZmZzZXQ9IjAlIiBzdHlsZT0ic3RvcC1jb2xvcjojYTg1NWY3O3N0b3Atb3BhY2l0eTowLjQiIC8+CiAgICAgIDxzdG9wIG9mZnNldD0iMTAwJSIgc3R5bGU9InN0b3AtY29sb3I6IzhiNWNmNjtzdG9wLW9wYWNpdHk6MCIgLz4KICAgIDwvcmFkaWFsR3JhZGllbnQ+CiAgPC9kZWZzPgoKICA8IS0tIEJhY2tncm91bmQgLS0+CiAgPGNpcmNsZSBjeD0iNjAiIGN5PSI2MCIgcj0iNjAiIGZpbGw9InVybCgjcHVycGxlR29sZEdyYWRpZW50KSIvPgogIDxjaXJjbGUgY3g9IjYwIiBjeT0iNjAiIHI9IjU1IiBmaWxsPSJ1cmwoI2dsb3dQdXJwbGUpIi8+CgogIDwhLS0gTG9jayBCb2R5IC0tPgogIDxnIHRyYW5zZm9ybT0idHJhbnNsYXRlKDYwLCA2NSkiPgogICAgPCEtLSBMb2NrIFJlY3RhbmdsZSAtLT4KICAgIDxyZWN0IHg9Ii0xOCIgeT0iLTE1IiB3aWR0aD0iMzYiIGhlaWdodD0iMjgiIHJ4PSI0IiBmaWxsPSJ1cmwoI2xvY2tHcmFkaWVudCkiLz4KICAgIDxyZWN0IHg9Ii0xOCIgeT0iLTE1IiB3aWR0aD0iMzYiIGhlaWdodD0iMjgiIHJ4PSI0IiBmaWxsPSJ3aGl0ZSIgb3BhY2l0eT0iMC4xIi8+CgogICAgPCEtLSBMb2NrIFNoaW5lIC0tPgogICAgPHBhdGggZD0iTS0xNSwtMTIgUS0xMiwtOCAtMTUsOCIKICAgICAgICAgIHN0cm9rZT0id2hpdGUiCiAgICAgICAgICBzdHJva2Utd2lkdGg9IjIiCiAgICAgICAgICBvcGFjaXR5PSIwLjMiCiAgICAgICAgICBzdHJva2UtbGluZWNhcD0icm91bmQiCiAgICAgICAgICBmaWxsPSJub25lIi8+CgogICAgPCEtLSBLZXlob2xlIC0tPgogICAgPGcgdHJhbnNmb3JtPSJ0cmFuc2xhdGUoMCwgLTIpIj4KICAgICAgPGNpcmNsZSBjeD0iMCIgY3k9IjAiIHI9IjQiIGZpbGw9InVybCgja2V5R3JhZGllbnQpIi8+CiAgICAgIDxwYXRoIGQ9Ik0tMiwyIEwtMiw4IFEtMiw5IDAsOSBRMiw5IDIsOCBMMiwyIFoiIGZpbGw9InVybCgja2V5R3JhZGllbnQpIi8+CiAgICA8L2c+CiAgPC9nPgoKICA8IS0tIExvY2sgU2hhY2tsZSAtLT4KICA8ZyB0cmFuc2Zvcm09InRyYW5zbGF0ZSg2MCwgNDApIj4KICAgIDxwYXRoIGQ9Ik0tMTUsMCBMLTE1LC0xMiBRLTE1LC0yMCAwLC0yMCBRMTUsLTIwIDE1LC0xMiBMMTUsMCIKICAgICAgICAgIGZpbGw9Im5vbmUiCiAgICAgICAgICBzdHJva2U9InVybCgjbG9ja0dyYWRpZW50KSIKICAgICAgICAgIHN0cm9rZS13aWR0aD0iNiIKICAgICAgICAgIHN0cm9rZS1saW5lY2FwPSJyb3VuZCIvPgogICAgPHBhdGggZD0iTS0xNSwwIEwtMTUsLTEyIFEtMTUsLTIwIDAsLTIwIFExNSwtMjAgMTUsLTEyIEwxNSwwIgogICAgICAgICAgZmlsbD0ibm9uZSIKICAgICAgICAgIHN0cm9rZT0id2hpdGUiCiAgICAgICAgICBzdHJva2Utd2lkdGg9IjYiCiAgICAgICAgICBzdHJva2UtbGluZWNhcD0icm91bmQiCiAgICAgICAgICBvcGFjaXR5PSIwLjIiLz4KICA8L2c+CgogIDwhLS0gSldUIFRva2VuIFBhcnRzIC0tPgogIDxnIHRyYW5zZm9ybT0idHJhbnNsYXRlKDI1LCAzNSkiPgogICAgPCEtLSBIZWFkZXIgLS0+CiAgICA8cmVjdCB4PSIwIiB5PSIwIiB3aWR0aD0iMjAiIGhlaWdodD0iOCIgcng9IjIiIGZpbGw9IndoaXRlIiBvcGFjaXR5PSIwLjkiLz4KICAgIDx0ZXh0IHg9IjMiIHk9IjYiIGZvbnQtZmFtaWx5PSJtb25vc3BhY2UiIGZvbnQtc2l6ZT0iNiIgZmlsbD0iIzhiNWNmNiIgZm9udC13ZWlnaHQ9ImJvbGQiPkhEUjwvdGV4dD4KCiAgICA8IS0tIERvdCBTZXBhcmF0b3IgLS0+CiAgICA8Y2lyY2xlIGN4PSIyNCIgY3k9IjQiIHI9IjEuNSIgZmlsbD0iI2Y1OWUwYiIvPgogIDwvZz4KCiAgPGcgdHJhbnNmb3JtPSJ0cmFuc2xhdGUoNzAsIDM1KSI+CiAgICA8IS0tIFBheWxvYWQgLS0+CiAgICA8cmVjdCB4PSIwIiB5PSIwIiB3aWR0aD0iMjUiIGhlaWdodD0iOCIgcng9IjIiIGZpbGw9IndoaXRlIiBvcGFjaXR5PSIwLjkiLz4KICAgIDx0ZXh0IHg9IjMiIHk9IjYiIGZvbnQtZmFtaWx5PSJtb25vc3BhY2UiIGZvbnQtc2l6ZT0iNiIgZmlsbD0iIzhiNWNmNiIgZm9udC13ZWlnaHQ9ImJvbGQiPlBZTEQ8L3RleHQ+CiAgPC9nPgoKICA8IS0tIERlY29kZSBBcnJvdyAtLT4KICA8ZyB0cmFuc2Zvcm09InRyYW5zbGF0ZSg0MCwgOTUpIiBvcGFjaXR5PSIwLjkiPgogICAgPHBhdGggZD0iTTAsMCBMMjAsMCBMMTUsLTQgTTIwLDAgTDE1LDQiCiAgICAgICAgICBzdHJva2U9IndoaXRlIgogICAgICAgICAgc3Ryb2tlLXdpZHRoPSIyLjUiCiAgICAgICAgICBzdHJva2UtbGluZWNhcD0icm91bmQiCiAgICAgICAgICBzdHJva2UtbGluZWpvaW49InJvdW5kIgogICAgICAgICAgZmlsbD0ibm9uZSIvPgogICAgPHRleHQgeD0iMjIiIHk9IjQiIGZvbnQtZmFtaWx5PSJzYW5zLXNlcmlmIiBmb250LXNpemU9IjgiIGZpbGw9IndoaXRlIiBmb250LXdlaWdodD0iYm9sZCI+REVDT0RFPC90ZXh0PgogIDwvZz4KCiAgPCEtLSBKU09OIEJyYWNrZXRzIC0tPgogIDxnIHRyYW5zZm9ybT0idHJhbnNsYXRlKDIwLCA5MCkiPgogICAgPHRleHQgZm9udC1mYW1pbHk9Im1vbm9zcGFjZSIgZm9udC1zaXplPSIxNiIgZmlsbD0iI2ZiYmYyNCIgZm9udC13ZWlnaHQ9ImJvbGQiPns8L3RleHQ+CiAgICA8YW5pbWF0ZVRyYW5zZm9ybQogICAgICBhdHRyaWJ1dGVOYW1lPSJ0cmFuc2Zvcm0iCiAgICAgIHR5cGU9InRyYW5zbGF0ZSIKICAgICAgZnJvbT0iMjAsOTAiCiAgICAgIHRvPSIxNSw5MCIKICAgICAgZHVyPSIxLjVzIgogICAgICByZXBlYXRDb3VudD0iaW5kZWZpbml0ZSIKICAgICAgZGlyZWN0aW9uPSJhbHRlcm5hdGUiLz4KICA8L2c+CgogIDxnIHRyYW5zZm9ybT0idHJhbnNsYXRlKDk1LCA5MCkiPgogICAgPHRleHQgZm9udC1mYW1pbHk9Im1vbm9zcGFjZSIgZm9udC1zaXplPSIxNiIgZmlsbD0iI2ZiYmYyNCIgZm9udC13ZWlnaHQ9ImJvbGQiPn08L3RleHQ+CiAgICA8YW5pbWF0ZVRyYW5zZm9ybQogICAgICBhdHRyaWJ1dGVOYW1lPSJ0cmFuc2Zvcm0iCiAgICAgIHR5cGU9InRyYW5zbGF0ZSIKICAgICAgZnJvbT0iOTUsOTAiCiAgICAgIHRvPSIxMDAsOTAiCiAgICAgIGR1cj0iMS41cyIKICAgICAgcmVwZWF0Q291bnQ9ImluZGVmaW5pdGUiCiAgICAgIGRpcmVjdGlvbj0iYWx0ZXJuYXRlIi8+CiAgPC9nPgoKICA8IS0tIFNwYXJrbGUgRWZmZWN0cyAtLT4KICA8ZyBvcGFjaXR5PSIwLjgiPgogICAgPGNpcmNsZSBjeD0iMjUiIGN5PSI1NSIgcj0iMiIgZmlsbD0iI2ZiYmYyNCI+CiAgICAgIDxhbmltYXRlIGF0dHJpYnV0ZU5hbWU9Im9wYWNpdHkiIHZhbHVlcz0iMC4zOzE7MC4zIiBkdXI9IjJzIiByZXBlYXRDb3VudD0iaW5kZWZpbml0ZSIvPgogICAgPC9jaXJjbGU+CiAgICA8Y2lyY2xlIGN4PSI5NSIgY3k9IjU1IiByPSIyIiBmaWxsPSIjYTg1NWY3Ij4KICAgICAgPGFuaW1hdGUgYXR0cmlidXRlTmFtZT0ib3BhY2l0eSIgdmFsdWVzPSIxOzAuMzsxIiBkdXI9IjJzIiByZXBlYXRDb3VudD0iaW5kZWZpbml0ZSIvPgogICAgPC9jaXJjbGU+CiAgICA8cGF0aCBkPSJNODUsMjUgTDg3LDI3IEw4NSwyOSBMODMsMjcgWiIgZmlsbD0id2hpdGUiPgogICAgICA8YW5pbWF0ZSBhdHRyaWJ1dGVOYW1lPSJvcGFjaXR5IiB2YWx1ZXM9IjAuNTsxOzAuNSIgZHVyPSIxLjVzIiByZXBlYXRDb3VudD0iaW5kZWZpbml0ZSIgYmVnaW49IjAuNXMiLz4KICAgIDwvcGF0aD4KICAgIDxwYXRoIGQ9Ik0zMCwxMDUgTDMyLDEwNyBMMzAsMTA5IEwyOCwxMDcgWiIgZmlsbD0iI2ZiYmYyNCI+CiAgICAgIDxhbmltYXRlIGF0dHJpYnV0ZU5hbWU9Im9wYWNpdHkiIHZhbHVlcz0iMC41OzE7MC41IiBkdXI9IjEuNXMiIHJlcGVhdENvdW50PSJpbmRlZmluaXRlIi8+CiAgICA8L3BhdGg+CiAgPC9nPgoKICA8IS0tIFNlY3VyaXR5IEJhZGdlIC0tPgogIDxnIHRyYW5zZm9ybT0idHJhbnNsYXRlKDkwLCAyMCkiPgogICAgPGNpcmNsZSBjeD0iMCIgY3k9IjAiIHI9IjgiIGZpbGw9InVybCgja2V5R3JhZGllbnQpIi8+CiAgICA8cGF0aCBkPSJNLTMsMCBMLTEsMyBMNCwtMyIgc3Ryb2tlPSJ3aGl0ZSIgc3Ryb2tlLXdpZHRoPSIyIiBzdHJva2UtbGluZWNhcD0icm91bmQiIHN0cm9rZS1saW5lam9pbj0icm91bmQiIGZpbGw9Im5vbmUiLz4KICA8L2c+Cjwvc3ZnPgo=',1,'active','2025-11-03','2025-10-10 06:28:41','2025-10-10 06:28:41',NULL);
INSERT INTO tools VALUES('46dd1060-8ef9-4095-a36e-485215e8db48','Cloudflare 日志分析','浏览和过滤 Cloudflare Logpush 日志，快速洞察请求状态与来源。','0c97efe7-d1d4-471d-a04d-965c41e09e22','https://www.cloudflare.com/img/favicon.ico',1,'active','2025-10-11','2025-10-11 07:34:25','2025-10-11 07:34:25',NULL);
INSERT INTO tools VALUES('5b66d6e6-b4e0-413a-b056-b96f560b37cf','UA信息提取','用于客户端UA信息解析，方便提取','0c97efe7-d1d4-471d-a04d-965c41e09e22','data:image/svg+xml;base64,PHN2ZyB3aWR0aD0iMTIwIiBoZWlnaHQ9IjEyMCIgdmlld0JveD0iMCAwIDEyMCAxMjAiIGZpbGw9Im5vbmUiIHhtbG5zPSJodHRwOi8vd3d3LnczLm9yZy8yMDAwL3N2ZyI+CiAgPCEtLSBHcmFkaWVudCBEZWZpbml0aW9ucyAtLT4KICA8ZGVmcz4KICAgIDxsaW5lYXJHcmFkaWVudCBpZD0iYmx1ZU9yYW5nZUdyYWRpZW50IiB4MT0iMCUiIHkxPSIwJSIgeDI9IjEwMCUiIHkyPSIxMDAlIj4KICAgICAgPHN0b3Agb2Zmc2V0PSIwJSIgc3R5bGU9InN0b3AtY29sb3I6IzNiODJmNjtzdG9wLW9wYWNpdHk6MSIgLz4KICAgICAgPHN0b3Agb2Zmc2V0PSI1MCUiIHN0eWxlPSJzdG9wLWNvbG9yOiM4YjVjZjY7c3RvcC1vcGFjaXR5OjEiIC8+CiAgICAgIDxzdG9wIG9mZnNldD0iMTAwJSIgc3R5bGU9InN0b3AtY29sb3I6I2Y1OWUwYjtzdG9wLW9wYWNpdHk6MSIgLz4KICAgIDwvbGluZWFyR3JhZGllbnQ+CiAgICA8bGluZWFyR3JhZGllbnQgaWQ9ImRldmljZUdyYWRpZW50IiB4MT0iMCUiIHkxPSIwJSIgeDI9IjAlIiB5Mj0iMTAwJSI+CiAgICAgIDxzdG9wIG9mZnNldD0iMCUiIHN0eWxlPSJzdG9wLWNvbG9yOiM2MGE1ZmE7c3RvcC1vcGFjaXR5OjEiIC8+CiAgICAgIDxzdG9wIG9mZnNldD0iMTAwJSIgc3R5bGU9InN0b3AtY29sb3I6IzNiODJmNjtzdG9wLW9wYWNpdHk6MSIgLz4KICAgIDwvbGluZWFyR3JhZGllbnQ+CiAgICA8cmFkaWFsR3JhZGllbnQgaWQ9Imdsb3dCbHVlIj4KICAgICAgPHN0b3Agb2Zmc2V0PSIwJSIgc3R5bGU9InN0b3AtY29sb3I6IzNiODJmNjtzdG9wLW9wYWNpdHk6MC4zIiAvPgogICAgICA8c3RvcCBvZmZzZXQ9IjEwMCUiIHN0eWxlPSJzdG9wLWNvbG9yOiMzYjgyZjY7c3RvcC1vcGFjaXR5OjAiIC8+CiAgICA8L3JhZGlhbEdyYWRpZW50PgogIDwvZGVmcz4KCiAgPCEtLSBCYWNrZ3JvdW5kIENpcmNsZSAtLT4KICA8Y2lyY2xlIGN4PSI2MCIgY3k9IjYwIiByPSI2MCIgZmlsbD0idXJsKCNibHVlT3JhbmdlR3JhZGllbnQpIi8+CiAgPGNpcmNsZSBjeD0iNjAiIGN5PSI2MCIgcj0iNTUiIGZpbGw9InVybCgjZ2xvd0JsdWUpIi8+CgogIDwhLS0gRGVza3RvcCBEZXZpY2UgLS0+CiAgPGcgdHJhbnNmb3JtPSJ0cmFuc2xhdGUoMzUsIDM1KSI+CiAgICA8IS0tIFNjcmVlbiAtLT4KICAgIDxyZWN0IHg9IjAiIHk9IjAiIHdpZHRoPSIyOCIgaGVpZ2h0PSIyMCIgcng9IjIiIGZpbGw9IndoaXRlIiBvcGFjaXR5PSIwLjk1Ii8+CiAgICA8cmVjdCB4PSIyIiB5PSIyIiB3aWR0aD0iMjQiIGhlaWdodD0iMTYiIHJ4PSIxIiBmaWxsPSJ1cmwoI2RldmljZUdyYWRpZW50KSIgb3BhY2l0eT0iMC4zIi8+CgogICAgPCEtLSBDb2RlIExpbmVzIG9uIFNjcmVlbiAtLT4KICAgIDxsaW5lIHgxPSI1IiB5MT0iNiIgeDI9IjE4IiB5Mj0iNiIgc3Ryb2tlPSJ1cmwoI2RldmljZUdyYWRpZW50KSIgc3Ryb2tlLXdpZHRoPSIxLjUiIHN0cm9rZS1saW5lY2FwPSJyb3VuZCIvPgogICAgPGxpbmUgeDE9IjUiIHkxPSIxMCIgeDI9IjE1IiB5Mj0iMTAiIHN0cm9rZT0idXJsKCNkZXZpY2VHcmFkaWVudCkiIHN0cm9rZS13aWR0aD0iMS41IiBzdHJva2UtbGluZWNhcD0icm91bmQiLz4KICAgIDxsaW5lIHgxPSI1IiB5MT0iMTQiIHgyPSIyMCIgeTI9IjE0IiBzdHJva2U9InVybCgjZGV2aWNlR3JhZGllbnQpIiBzdHJva2Utd2lkdGg9IjEuNSIgc3Ryb2tlLWxpbmVjYXA9InJvdW5kIi8+CgogICAgPCEtLSBTdGFuZCAtLT4KICAgIDxyZWN0IHg9IjEwIiB5PSIyMCIgd2lkdGg9IjgiIGhlaWdodD0iMSIgZmlsbD0id2hpdGUiIG9wYWNpdHk9IjAuOSIvPgogICAgPHJlY3QgeD0iNyIgeT0iMjEiIHdpZHRoPSIxNCIgaGVpZ2h0PSIxLjUiIHJ4PSIwLjUiIGZpbGw9IndoaXRlIiBvcGFjaXR5PSIwLjkiLz4KICA8L2c+CgogIDwhLS0gTW9iaWxlIERldmljZSAtLT4KICA8ZyB0cmFuc2Zvcm09InRyYW5zbGF0ZSg3MiwgNDApIj4KICAgIDwhLS0gUGhvbmUgQm9keSAtLT4KICAgIDxyZWN0IHg9IjAiIHk9IjAiIHdpZHRoPSIxNiIgaGVpZ2h0PSIyOCIgcng9IjIiIGZpbGw9IndoaXRlIiBvcGFjaXR5PSIwLjk1Ii8+CiAgICA8cmVjdCB4PSIxLjUiIHk9IjMiIHdpZHRoPSIxMyIgaGVpZ2h0PSIyMCIgcng9IjEiIGZpbGw9InVybCgjZGV2aWNlR3JhZGllbnQpIiBvcGFjaXR5PSIwLjMiLz4KCiAgICA8IS0tIFNjcmVlbiBDb250ZW50IC0tPgogICAgPGxpbmUgeDE9IjQiIHkxPSI3IiB4Mj0iMTAiIHkyPSI3IiBzdHJva2U9InVybCgjZGV2aWNlR3JhZGllbnQpIiBzdHJva2Utd2lkdGg9IjEiIHN0cm9rZS1saW5lY2FwPSJyb3VuZCIvPgogICAgPGxpbmUgeDE9IjQiIHkxPSIxMCIgeDI9IjEyIiB5Mj0iMTAiIHN0cm9rZT0idXJsKCNkZXZpY2VHcmFkaWVudCkiIHN0cm9rZS13aWR0aD0iMSIgc3Ryb2tlLWxpbmVjYXA9InJvdW5kIi8+CiAgICA8bGluZSB4MT0iNCIgeTE9IjEzIiB4Mj0iOSIgeTI9IjEzIiBzdHJva2U9InVybCgjZGV2aWNlR3JhZGllbnQpIiBzdHJva2Utd2lkdGg9IjEiIHN0cm9rZS1saW5lY2FwPSJyb3VuZCIvPgoKICAgIDwhLS0gQ2FtZXJhIE5vdGNoIC0tPgogICAgPGNpcmNsZSBjeD0iOCIgY3k9IjEuNSIgcj0iMC44IiBmaWxsPSJ1cmwoI2RldmljZUdyYWRpZW50KSIgb3BhY2l0eT0iMC42Ii8+CgogICAgPCEtLSBIb21lIEJ1dHRvbiAtLT4KICAgIDxjaXJjbGUgY3g9IjgiIGN5PSIyNSIgcj0iMS41IiBmaWxsPSJub25lIiBzdHJva2U9InVybCgjZGV2aWNlR3JhZGllbnQpIiBzdHJva2Utd2lkdGg9IjAuOCIgb3BhY2l0eT0iMC42Ii8+CiAgPC9nPgoKICA8IS0tIE1hZ25pZnlpbmcgR2xhc3Mgd2l0aCBJbmZvIC0tPgogIDxnIHRyYW5zZm9ybT0idHJhbnNsYXRlKDYwLCA4NSkiPgogICAgPCEtLSBHbGFzcyBDaXJjbGUgLS0+CiAgICA8Y2lyY2xlIGN4PSIwIiBjeT0iMCIgcj0iMTYiIGZpbGw9IndoaXRlIiBvcGFjaXR5PSIwLjIiLz4KICAgIDxjaXJjbGUgY3g9IjAiIGN5PSIwIiByPSIxNiIgZmlsbD0ibm9uZSIgc3Ryb2tlPSJ3aGl0ZSIgc3Ryb2tlLXdpZHRoPSIzIi8+CgogICAgPCEtLSBJbmZvIEljb24gSW5zaWRlIC0tPgogICAgPGNpcmNsZSBjeD0iMCIgY3k9Ii01IiByPSIyIiBmaWxsPSJ3aGl0ZSIvPgogICAgPHJlY3QgeD0iLTEiIHk9Ii0xIiB3aWR0aD0iMiIgaGVpZ2h0PSIxMCIgcng9IjEiIGZpbGw9IndoaXRlIi8+CgogICAgPCEtLSBIYW5kbGUgLS0+CiAgICA8bGluZSB4MT0iMTIiIHkxPSIxMiIgeDI9IjIyIiB5Mj0iMjIiIHN0cm9rZT0id2hpdGUiIHN0cm9rZS13aWR0aD0iMy41IiBzdHJva2UtbGluZWNhcD0icm91bmQiLz4KICA8L2c+CgogIDwhLS0gRGF0YSBFeHRyYWN0IEFycm93IC0tPgogIDxnIHRyYW5zZm9ybT0idHJhbnNsYXRlKDQ1LCA2MikiIG9wYWNpdHk9IjAuOCI+CiAgICA8cGF0aCBkPSJNMCwwIEwxNSwwIE0xMCwtNCBMMTUsMCBMMTAsNCIKICAgICAgICAgIHN0cm9rZT0iI2Y1OWUwYiIKICAgICAgICAgIHN0cm9rZS13aWR0aD0iMi41IgogICAgICAgICAgc3Ryb2tlLWxpbmVjYXA9InJvdW5kIgogICAgICAgICAgc3Ryb2tlLWxpbmVqb2luPSJyb3VuZCIKICAgICAgICAgIGZpbGw9Im5vbmUiPgogICAgICA8YW5pbWF0ZVRyYW5zZm9ybQogICAgICAgIGF0dHJpYnV0ZU5hbWU9InRyYW5zZm9ybSIKICAgICAgICB0eXBlPSJ0cmFuc2xhdGUiCiAgICAgICAgZnJvbT0iMCwwIgogICAgICAgIHRvPSI1LDAiCiAgICAgICAgZHVyPSIxLjVzIgogICAgICAgIHJlcGVhdENvdW50PSJpbmRlZmluaXRlIi8+CiAgICA8L3BhdGg+CiAgPC9nPgoKICA8IS0tIEZsb2F0aW5nIEluZm8gVGFncyAtLT4KICA8ZyBvcGFjaXR5PSIwLjciPgogICAgPHRleHQgeD0iMTUiIHk9IjI1IiBmb250LWZhbWlseT0ibW9ub3NwYWNlIiBmb250LXNpemU9IjgiIGZpbGw9IndoaXRlIiBvcGFjaXR5PSIwLjgiPk9TPC90ZXh0PgogICAgPHRleHQgeD0iOTAiIHk9IjEwNSIgZm9udC1mYW1pbHk9Im1vbm9zcGFjZSIgZm9udC1zaXplPSI4IiBmaWxsPSJ3aGl0ZSIgb3BhY2l0eT0iMC44Ij5VQTwvdGV4dD4KCiAgICA8Y2lyY2xlIGN4PSIyMCIgY3k9IjEwMCIgcj0iMiIgZmlsbD0iI2Y1OWUwYiI+CiAgICAgIDxhbmltYXRlIGF0dHJpYnV0ZU5hbWU9Im9wYWNpdHkiIHZhbHVlcz0iMC4zOzE7MC4zIiBkdXI9IjJzIiByZXBlYXRDb3VudD0iaW5kZWZpbml0ZSIvPgogICAgPC9jaXJjbGU+CiAgICA8Y2lyY2xlIGN4PSIxMDAiIGN5PSIzMCIgcj0iMiIgZmlsbD0iIzYwYTVmYSI+CiAgICAgIDxhbmltYXRlIGF0dHJpYnV0ZU5hbWU9Im9wYWNpdHkiIHZhbHVlcz0iMTswLjM7MSIgZHVyPSIycyIgcmVwZWF0Q291bnQ9ImluZGVmaW5pdGUiLz4KICAgIDwvY2lyY2xlPgogIDwvZz4KPC9zdmc+Cg==',1,'active','2025-11-03','2025-10-13 12:00:43','2025-10-13 12:00:43',NULL);
INSERT INTO tools VALUES('d8dbc902-834b-4f0f-8de1-1c6d7a542ecb','PageSpy','多功能远程调试工具','development','https://pagespy.qiliangjia.org/favicon.ico',0,'active','2025-10-14','2025-10-14 08:39:35','2025-10-14 08:39:35',NULL);
INSERT INTO tools VALUES('018c4c50-efcb-4f53-ae4c-48834b277ab2','RB 自助查数','AI 查数','0c97efe7-d1d4-471d-a04d-965c41e09e22','https://www.roibest.com/favicon.ico',1,'active','2025-11-12','2025-10-17 09:48:47','2025-10-17 09:48:47','perm_tool_read_internal');
INSERT INTO tools VALUES('67d25f42-0a92-42fb-9c38-a72ed96d2d61','绿盾预览链接生成','绿盾预览链接生成','0c97efe7-d1d4-471d-a04d-965c41e09e22','data:image/svg+xml;base64,PHN2ZyB3aWR0aD0iMTIwIiBoZWlnaHQ9IjEyMCIgdmlld0JveD0iMCAwIDEyMCAxMjAiIGZpbGw9Im5vbmUiIHhtbG5zPSJodHRwOi8vd3d3LnczLm9yZy8yMDAwL3N2ZyI+CiAgPCEtLSBHcmFkaWVudCBEZWZpbml0aW9ucyAtLT4KICA8ZGVmcz4KICAgIDxsaW5lYXJHcmFkaWVudCBpZD0iZ3JlZW5HcmFkaWVudCIgeDE9IjAlIiB5MT0iMCUiIHgyPSIxMDAlIiB5Mj0iMTAwJSI+CiAgICAgIDxzdG9wIG9mZnNldD0iMCUiIHN0eWxlPSJzdG9wLWNvbG9yOiMxMGI5ODE7c3RvcC1vcGFjaXR5OjEiIC8+CiAgICAgIDxzdG9wIG9mZnNldD0iMTAwJSIgc3R5bGU9InN0b3AtY29sb3I6IzA1OTY2OTtzdG9wLW9wYWNpdHk6MSIgLz4KICAgIDwvbGluZWFyR3JhZGllbnQ+CiAgICA8bGluZWFyR3JhZGllbnQgaWQ9ImxpZ2h0R3JlZW4iIHgxPSIwJSIgeTE9IjAlIiB4Mj0iMCUiIHkyPSIxMDAlIj4KICAgICAgPHN0b3Agb2Zmc2V0PSIwJSIgc3R5bGU9InN0b3AtY29sb3I6IzM0ZDM5OTtzdG9wLW9wYWNpdHk6MSIgLz4KICAgICAgPHN0b3Agb2Zmc2V0PSIxMDAlIiBzdHlsZT0ic3RvcC1jb2xvcjojMTBiOTgxO3N0b3Atb3BhY2l0eToxIiAvPgogICAgPC9saW5lYXJHcmFkaWVudD4KICAgIDxyYWRpYWxHcmFkaWVudCBpZD0iZ2xvd0dyZWVuIj4KICAgICAgPHN0b3Agb2Zmc2V0PSIwJSIgc3R5bGU9InN0b3AtY29sb3I6IzEwYjk4MTtzdG9wLW9wYWNpdHk6MC4zIiAvPgogICAgICA8c3RvcCBvZmZzZXQ9IjEwMCUiIHN0eWxlPSJzdG9wLWNvbG9yOiMxMGI5ODE7c3RvcC1vcGFjaXR5OjAiIC8+CiAgICA8L3JhZGlhbEdyYWRpZW50PgogIDwvZGVmcz4KCiAgPCEtLSBCYWNrZ3JvdW5kIEdsb3cgLS0+CiAgPGNpcmNsZSBjeD0iNjAiIGN5PSI2MCIgcj0iNTUiIGZpbGw9InVybCgjZ2xvd0dyZWVuKSIvPgoKICA8IS0tIE1haW4gU2hpZWxkIC0tPgogIDxnIHRyYW5zZm9ybT0idHJhbnNsYXRlKDYwLCA2MCkiPgogICAgPCEtLSBTaGllbGQgQmFja2dyb3VuZCAtLT4KICAgIDxwYXRoIGQ9Ik0wLC00NSBMLTM1LC0zMCBMLTM1LDEwIFEtMzUsMzUgMCw1MCBRMzUsMzUgMzUsMTAgTDM1LC0zMCBaIgogICAgICAgICAgZmlsbD0idXJsKCNncmVlbkdyYWRpZW50KSIKICAgICAgICAgIHN0cm9rZT0idXJsKCNsaWdodEdyZWVuKSIKICAgICAgICAgIHN0cm9rZS13aWR0aD0iMiIvPgoKICAgIDwhLS0gU2hpZWxkIFNoaW5lIC0tPgogICAgPHBhdGggZD0iTS0yNSwtMzUgTC0yOCwtMjAgUS0yOCwwIC0xNSwyMCBRLTEwLDI1IC01LDI4IgogICAgICAgICAgZmlsbD0ibm9uZSIKICAgICAgICAgIHN0cm9rZT0id2hpdGUiCiAgICAgICAgICBzdHJva2Utd2lkdGg9IjIiCiAgICAgICAgICBvcGFjaXR5PSIwLjMiCiAgICAgICAgICBzdHJva2UtbGluZWNhcD0icm91bmQiLz4KCiAgICA8IS0tIENoZWNrbWFyayAtLT4KICAgIDxwYXRoIGQ9Ik0tMTIsMCBMLTQsMTAgTDE2LC0xNSIKICAgICAgICAgIHN0cm9rZT0id2hpdGUiCiAgICAgICAgICBzdHJva2Utd2lkdGg9IjUiCiAgICAgICAgICBzdHJva2UtbGluZWNhcD0icm91bmQiCiAgICAgICAgICBzdHJva2UtbGluZWpvaW49InJvdW5kIgogICAgICAgICAgZmlsbD0ibm9uZSI+CiAgICAgIDxhbmltYXRlIGF0dHJpYnV0ZU5hbWU9InN0cm9rZS1kYXNoYXJyYXkiCiAgICAgICAgICAgICAgIGZyb209IjAsMTAwIgogICAgICAgICAgICAgICB0bz0iMTAwLDAiCiAgICAgICAgICAgICAgIGR1cj0iMXMiCiAgICAgICAgICAgICAgIGZpbGw9ImZyZWV6ZSIvPgogICAgPC9wYXRoPgogIDwvZz4KCiAgPCEtLSBMaW5rIENoYWluIC0tPgogIDxnIHRyYW5zZm9ybT0idHJhbnNsYXRlKDMwLCA5NSkiIG9wYWNpdHk9IjAuOSI+CiAgICA8IS0tIExlZnQgTGluayAtLT4KICAgIDxlbGxpcHNlIGN4PSIwIiBjeT0iMCIgcng9IjgiIHJ5PSIxMiIKICAgICAgICAgICAgIGZpbGw9Im5vbmUiCiAgICAgICAgICAgICBzdHJva2U9IndoaXRlIgogICAgICAgICAgICAgc3Ryb2tlLXdpZHRoPSIzIgogICAgICAgICAgICAgdHJhbnNmb3JtPSJyb3RhdGUoLTMwKSIvPgogICAgPCEtLSBSaWdodCBMaW5rIC0tPgogICAgPGVsbGlwc2UgY3g9IjE1IiBjeT0iMCIgcng9IjgiIHJ5PSIxMiIKICAgICAgICAgICAgIGZpbGw9Im5vbmUiCiAgICAgICAgICAgICBzdHJva2U9IndoaXRlIgogICAgICAgICAgICAgc3Ryb2tlLXdpZHRoPSIzIgogICAgICAgICAgICAgdHJhbnNmb3JtPSJyb3RhdGUoLTMwKSIvPgogICAgPCEtLSBDb25uZWN0aW9uIC0tPgogICAgPGxpbmUgeDE9IjQiIHkxPSIwIiB4Mj0iMTEiIHkyPSIwIgogICAgICAgICAgc3Ryb2tlPSJ3aGl0ZSIKICAgICAgICAgIHN0cm9rZS13aWR0aD0iMyIKICAgICAgICAgIHN0cm9rZS1saW5lY2FwPSJyb3VuZCIvPgogIDwvZz4KCiAgPCEtLSBFeWUgKFByZXZpZXcpIC0tPgogIDxnIHRyYW5zZm9ybT0idHJhbnNsYXRlKDkwLCAyNSkiPgogICAgPCEtLSBFeWUgU2hhcGUgLS0+CiAgICA8cGF0aCBkPSJNLTEwLDAgUS0xMCwtNiAwLC04IFExMCwtNiAxMCwwIFExMCw2IDAsOCBRLTEwLDYgLTEwLDAgWiIKICAgICAgICAgIGZpbGw9IndoaXRlIgogICAgICAgICAgb3BhY2l0eT0iMC45Ii8+CiAgICA8IS0tIFB1cGlsIC0tPgogICAgPGNpcmNsZSBjeD0iMCIgY3k9IjAiIHI9IjQiIGZpbGw9InVybCgjZ3JlZW5HcmFkaWVudCkiLz4KICAgIDxjaXJjbGUgY3g9Ii0xIiBjeT0iLTEiIHI9IjIiIGZpbGw9IndoaXRlIiBvcGFjaXR5PSIwLjYiLz4KICA8L2c+CgogIDwhLS0gRGVjb3JhdGl2ZSBTcGFya2xlcyAtLT4KICA8ZyBvcGFjaXR5PSIwLjciPgogICAgPGNpcmNsZSBjeD0iMjAiIGN5PSIzMCIgcj0iMiIgZmlsbD0iIzM0ZDM5OSI+CiAgICAgIDxhbmltYXRlIGF0dHJpYnV0ZU5hbWU9Im9wYWNpdHkiIHZhbHVlcz0iMC4zOzE7MC4zIiBkdXI9IjJzIiByZXBlYXRDb3VudD0iaW5kZWZpbml0ZSIvPgogICAgPC9jaXJjbGU+CiAgICA8Y2lyY2xlIGN4PSIxMDAiIGN5PSI5MCIgcj0iMiIgZmlsbD0iIzEwYjk4MSI+CiAgICAgIDxhbmltYXRlIGF0dHJpYnV0ZU5hbWU9Im9wYWNpdHkiIHZhbHVlcz0iMTswLjM7MSIgZHVyPSIycyIgcmVwZWF0Q291bnQ9ImluZGVmaW5pdGUiLz4KICAgIDwvY2lyY2xlPgogICAgPHBhdGggZD0iTTI1LDg1IEwyNyw4NyBMMjUsODkgTDIzLDg3IFoiIGZpbGw9IndoaXRlIj4KICAgICAgPGFuaW1hdGUgYXR0cmlidXRlTmFtZT0ib3BhY2l0eSIgdmFsdWVzPSIwLjU7MTswLjUiIGR1cj0iMS41cyIgcmVwZWF0Q291bnQ9ImluZGVmaW5pdGUiIGJlZ2luPSIwLjVzIi8+CiAgICA8L3BhdGg+CiAgPC9nPgo8L3N2Zz4K',1,'active','2025-11-03','2025-10-31 13:02:37','2025-10-31 13:02:37',NULL);
INSERT INTO tools VALUES('2216ff9a-7d01-4ebb-9718-d3c998ec6d6f','Web 链接检查','Web 链接检查','0c97efe7-d1d4-471d-a04d-965c41e09e22','data:image/svg+xml;base64,PHN2ZyB3aWR0aD0iMTIwIiBoZWlnaHQ9IjEyMCIgdmlld0JveD0iMCAwIDEyMCAxMjAiIGZpbGw9Im5vbmUiIHhtbG5zPSJodHRwOi8vd3d3LnczLm9yZy8yMDAwL3N2ZyI+CiAgPCEtLSBCYWNrZ3JvdW5kIENpcmNsZSAtLT4KICA8Y2lyY2xlIGN4PSI2MCIgY3k9IjYwIiByPSI2MCIgZmlsbD0idXJsKCNncmFkaWVudDEpIi8+CgogIDwhLS0gR3JhZGllbnQgRGVmaW5pdGlvbnMgLS0+CiAgPGRlZnM+CiAgICA8bGluZWFyR3JhZGllbnQgaWQ9ImdyYWRpZW50MSIgeDE9IjAlIiB5MT0iMCUiIHgyPSIxMDAlIiB5Mj0iMTAwJSI+CiAgICAgIDxzdG9wIG9mZnNldD0iMCUiIHN0eWxlPSJzdG9wLWNvbG9yOiMzYjgyZjY7c3RvcC1vcGFjaXR5OjEiIC8+CiAgICAgIDxzdG9wIG9mZnNldD0iMTAwJSIgc3R5bGU9InN0b3AtY29sb3I6IzhiNWNmNjtzdG9wLW9wYWNpdHk6MSIgLz4KICAgIDwvbGluZWFyR3JhZGllbnQ+CiAgICA8bGluZWFyR3JhZGllbnQgaWQ9ImdyYWRpZW50MiIgeDE9IjAlIiB5MT0iMCUiIHgyPSIxMDAlIiB5Mj0iMTAwJSI+CiAgICAgIDxzdG9wIG9mZnNldD0iMCUiIHN0eWxlPSJzdG9wLWNvbG9yOiMxMGI5ODE7c3RvcC1vcGFjaXR5OjEiIC8+CiAgICAgIDxzdG9wIG9mZnNldD0iMTAwJSIgc3R5bGU9InN0b3AtY29sb3I6IzA1OTY2OTtzdG9wLW9wYWNpdHk6MSIgLz4KICAgIDwvbGluZWFyR3JhZGllbnQ+CiAgPC9kZWZzPgoKICA8IS0tIEJyb3dzZXIgV2luZG93IC0tPgogIDxnIHRyYW5zZm9ybT0idHJhbnNsYXRlKDI1LCAyNSkiPgogICAgPCEtLSBXaW5kb3cgRnJhbWUgLS0+CiAgICA8cmVjdCB4PSIwIiB5PSIwIiB3aWR0aD0iNTAiIGhlaWdodD0iNDAiIHJ4PSI0IiBmaWxsPSJ3aGl0ZSIgb3BhY2l0eT0iMC45NSIvPgoKICAgIDwhLS0gV2luZG93IEhlYWRlciAtLT4KICAgIDxyZWN0IHg9IjAiIHk9IjAiIHdpZHRoPSI1MCIgaGVpZ2h0PSI4IiByeD0iNCIgZmlsbD0id2hpdGUiIG9wYWNpdHk9IjAuMyIvPgoKICAgIDwhLS0gV2luZG93IERvdHMgLS0+CiAgICA8Y2lyY2xlIGN4PSI0IiBjeT0iNCIgcj0iMS41IiBmaWxsPSIjZWY0NDQ0Ii8+CiAgICA8Y2lyY2xlIGN4PSI5IiBjeT0iNCIgcj0iMS41IiBmaWxsPSIjZjU5ZTBiIi8+CiAgICA8Y2lyY2xlIGN4PSIxNCIgY3k9IjQiIHI9IjEuNSIgZmlsbD0iIzEwYjk4MSIvPgoKICAgIDwhLS0gUGVyZm9ybWFuY2UgQ2hhcnQgQmFycyAtLT4KICAgIDxyZWN0IHg9IjYiIHk9IjI4IiB3aWR0aD0iNCIgaGVpZ2h0PSI4IiByeD0iMSIgZmlsbD0idXJsKCNncmFkaWVudDIpIiBvcGFjaXR5PSIwLjgiLz4KICAgIDxyZWN0IHg9IjEyIiB5PSIyMiIgd2lkdGg9IjQiIGhlaWdodD0iMTQiIHJ4PSIxIiBmaWxsPSJ1cmwoI2dyYWRpZW50MikiIG9wYWNpdHk9IjAuOCIvPgogICAgPHJlY3QgeD0iMTgiIHk9IjI1IiB3aWR0aD0iNCIgaGVpZ2h0PSIxMSIgcng9IjEiIGZpbGw9InVybCgjZ3JhZGllbnQyKSIgb3BhY2l0eT0iMC44Ii8+CiAgICA8cmVjdCB4PSIyNCIgeT0iMTgiIHdpZHRoPSI0IiBoZWlnaHQ9IjE4IiByeD0iMSIgZmlsbD0idXJsKCNncmFkaWVudDIpIiBvcGFjaXR5PSIwLjgiLz4KICAgIDxyZWN0IHg9IjMwIiB5PSIyMCIgd2lkdGg9IjQiIGhlaWdodD0iMTYiIHJ4PSIxIiBmaWxsPSJ1cmwoI2dyYWRpZW50MikiIG9wYWNpdHk9IjAuOCIvPgoKICAgIDwhLS0gU3BlZWQvQ2hlY2sgTGluZXMgLS0+CiAgICA8cGF0aCBkPSJNMzggMTQgTDQ0IDE0IE0zOCAxOCBMNDIgMTggTTM4IDIyIEw0NCAyMiIgc3Ryb2tlPSJ1cmwoI2dyYWRpZW50MikiIHN0cm9rZS13aWR0aD0iMS41IiBzdHJva2UtbGluZWNhcD0icm91bmQiIG9wYWNpdHk9IjAuNiIvPgogIDwvZz4KCiAgPCEtLSBNYWduaWZ5aW5nIEdsYXNzIC0tPgogIDxnIHRyYW5zZm9ybT0idHJhbnNsYXRlKDU4LCA1OCkiPgogICAgPCEtLSBHbGFzcyBDaXJjbGUgLS0+CiAgICA8Y2lyY2xlIGN4PSIwIiBjeT0iMCIgcj0iMTgiIGZpbGw9Im5vbmUiIHN0cm9rZT0id2hpdGUiIHN0cm9rZS13aWR0aD0iNCIvPgogICAgPGNpcmNsZSBjeD0iMCIgY3k9IjAiIHI9IjE1IiBmaWxsPSJ3aGl0ZSIgb3BhY2l0eT0iMC4xIi8+CgogICAgPCEtLSBDaGVja21hcmsgaW5zaWRlIGdsYXNzIC0tPgogICAgPHBhdGggZD0iTS02IDAgTC0yIDUgTDggLTYiIHN0cm9rZT0iIzEwYjk4MSIgc3Ryb2tlLXdpZHRoPSIzIiBzdHJva2UtbGluZWNhcD0icm91bmQiIHN0cm9rZS1saW5lam9pbj0icm91bmQiIGZpbGw9Im5vbmUiLz4KCiAgICA8IS0tIEhhbmRsZSAtLT4KICAgIDxsaW5lIHgxPSIxMyIgeTE9IjEzIiB4Mj0iMjQiIHkyPSIyNCIgc3Ryb2tlPSJ3aGl0ZSIgc3Ryb2tlLXdpZHRoPSI0IiBzdHJva2UtbGluZWNhcD0icm91bmQiLz4KICA8L2c+CgogIDwhLS0gUGVyZm9ybWFuY2UgSW5kaWNhdG9yIERvdHMgLS0+CiAgPGcgb3BhY2l0eT0iMC42Ij4KICAgIDxjaXJjbGUgY3g9IjIwIiBjeT0iNjAiIHI9IjMiIGZpbGw9IiMxMGI5ODEiPgogICAgICA8YW5pbWF0ZSBhdHRyaWJ1dGVOYW1lPSJvcGFjaXR5IiB2YWx1ZXM9IjAuMzsxOzAuMyIgZHVyPSIycyIgcmVwZWF0Q291bnQ9ImluZGVmaW5pdGUiLz4KICAgIDwvY2lyY2xlPgogICAgPGNpcmNsZSBjeD0iMTAwIiBjeT0iNjAiIHI9IjMiIGZpbGw9IiMzYjgyZjYiPgogICAgICA8YW5pbWF0ZSBhdHRyaWJ1dGVOYW1lPSJvcGFjaXR5IiB2YWx1ZXM9IjE7MC4zOzEiIGR1cj0iMnMiIHJlcGVhdENvdW50PSJpbmRlZmluaXRlIi8+CiAgICA8L2NpcmNsZT4KICAgIDxjaXJjbGUgY3g9IjYwIiBjeT0iMjAiIHI9IjMiIGZpbGw9IiM4YjVjZjYiPgogICAgICA8YW5pbWF0ZSBhdHRyaWJ1dGVOYW1lPSJvcGFjaXR5IiB2YWx1ZXM9IjAuMzsxOzAuMyIgZHVyPSIycyIgcmVwZWF0Q291bnQ9ImluZGVmaW5pdGUiIGJlZ2luPSIwLjVzIi8+CiAgICA8L2NpcmNsZT4KICA8L2c+Cjwvc3ZnPgo=',1,'active','2025-11-03','2025-11-03 11:33:28','2025-11-03 11:33:28',NULL);
INSERT INTO tools VALUES('40789e4c-acb1-498e-ad3c-729760059e23','ROIBest-域名状态查询','基于内部检测平台自动校验域名解析、证书、CDN等状态，并展示详细检测结果。','f1bec030-e38f-43b2-aea8-8cf01780abbc','data:image/png;base64,iVBORw0KGgoAAAANSUhEUgAAAMgAAADICAYAAACtWK6eAAAQAElEQV R4AeydTYwkR1bHo8buAxxWKyFfAAuzEuzBSO6xtMDMINwjVhzgwgVzQvZ4EAfvwC6IA+LS0xfEAb E2zPoAjF0tTni5wmlRNyvZRiDt9B58AcmsNCwXX1ZcvUzxftn1al5FZ2ZlVeVXZLxRvo7I+MqIf7 xfRmRWdc+14P+SUeAX7312dOMrPzy7+eZn95PpdOIddUASmsBrT8JRWISjRZgdA0vwf50r4IB0Ln F7F3hyLZwH/s3C+b8+OLiMc+7WmQIOSGfStt8wUHz0zrOzj77x7O32W/cWyxRwQMpU8TRXYKlAh4 Asr+CBK5CwAg5IwpPnXe9eAQeke439Cgkr4IAkPHne9e4VcEC619ivkLACaQKSsODe9bQUcEDSmi /vbc8KOCA9C+6XS0sBBySt+fLe9qyAA9Kz4PHl+NIh384ljPP8fHgFHJBoDvo+5Ru6fDuXsO9r+/ U2K+CAbNao0xIfvnNwf3FtcZuw0wt54zsp4IDsJFu7lfiWbrstemttKeCAtKWktzNJBRyQSU6rD6 otBRyQtpTc3I6XSFABB2Q5abxm5Q8i3Hjzhwvspv9hhKUyeQcOyHL+Z09mZ/xBhOWpRGfHDomqkW /ogMjcV4HA5xOS7UfGCjggGU++D32zAg6IaLT6czoSt8csLE7s+Xjj9T3T56uqlbK+dt65DojMPx /UXYFhFs6n8um2Pl+xZeRFhAzZj4YKOCBLoYCBr3wACmGff3vq8aeLo//5dHGm9v1PF/exZdf2Cl g91hpYhKPQwT+uM8UVygExzsJKAiiEJrmTqEIhICxkEs4WgT8pemlywWOMPLF2/w6vrIzSdqsHYL BKLcLs+Ia8Jm+18YEbk7kZuAcZXh6nF+ELKBoM/1jKL8R2AgXYWRFZGYPAsZi1/1wFGHYcrCb2PO W4zFPK3U+r77pqSK9ZISTY6gCUnSFhZWTbCDBbXbVJYQGvSbEUyzggPcyagiFiN101qnoFJDuvJl WN7pvOqqQrFGEnEO7byR3ry5ztWNOrNVKAB28ReV8w4muNChSA0BWKMO5syucydyl3f7x955lBbL GQh+8Oe3kMgHKdnbZeHfZrMk07IC1PpW6npNldnjOk2nbHEkBWFIdkO+kalXZAGsm0uZCCIYK2vZ 3afPHLEkAyuueTy66V/0whVeYzhW6Ou49scUTIocCIxXFQYkX2OJd53aN25lUBQ0x2OaGX7dSWcg PKfVa2Let5caOAA2LEaBrF6Xg4lvJjBEO6tTqOZYLPBGJ/PllJsl1E9NuuQs6lFQwRbSzbqabTwW rizydN1TLlZK7NmUcrFeAuLGKlBkY8nlxAice987nM+c51s6jIqiFwjPU5Y9c5ABTfdjVQzwGpEA kweM4Qgc4qiqSeDCS+7dowizL/G0pklm3BkGWjk9+dGJmkDkrNhDggRhzZSt0XQVJ/zjAj2irqX1 spkUv8oSQ1syRdNWTYY39tK13s7liumKwo/nyylPkqIMuM1AJ+SQfbpt8KhoiQ66pRJReQ+POJqC O+IT8TPQCCP0LAr3nyK58YcdJubvjLiPoAvrxrdq7Ax99bhPfPL+1jiXd+wXYukD0oyQICBAARyv 4IgaQtlr8fDUTWV3jOEOv6a+j2kuH4vSeFvX/2JGCcA8taoXGfAEqWX1tJEpAb/GEAgaCJTwERkO h2Sur0+pwBCGUrBqCQJ/1J5cjyayvJAcLKsa1HAYkMtPfnDMAAhKr+kkeZqvyRprOaZPN8In7T3z Tse6WbPFdUrBwv/8ws3P316uEMcbf++Hv7jnjU9bMApdqjRjg3i9nslbhbgPHhN54JD752Ldz9tV kgXgYKd+u4btfnL77Q9RVG0T6gTPa1cFKAhJLVAzBiNwEUwInTx7idefGFWdzNFM+BZJLbrmQA4U E79pyylULLXP/Z4R0P53/1drXEdXk6jsTCyYFSPXsJzMyj/1hs1cshnglePZqFMhBO7lwL5G01gH QKT+ZrK0kDYvylUfTFgZ4JAOEfTp4JQIERf3EaW6tK3eXWxRc9WVG2ej5hp8CbSl7IYJUX6CkjGU D442T8bVmry3f+cxEe/pNMhU2UOGkP//GJxNaPoZ2S62PrvZr8GZA0ej4BCF7J86y5kA96MdKGVC gZQPig79Wja9yV1vQChAIIAeWRAHPvrSeBtLVCclK2zZFkP/pTYCMoABF3hzRWlTi9r/NrfV1on+ t8/9NF8TV0tipl7QAE9hWBg1WlrExV3bKyntapAoBy5WsrQ0JQN9pRA8KqwZcKZQCrr4ewh5fzrQ 5fPbaSq4/CyXxtZZSAKBjSuStfD2EPv43DU3a/1aMPf8n2GqwmxfMJz5j8ZfhYCdLIi9P7Ohcf7O tSza7DiiGdugKGrY3D8yYI57fpNg5IrDaUtekeH6UCBSjfPHlW3sMsTuTHOQYcQ/+1ePHFcQjGc4 bYVl9Dx/kVFGDBgEINSMYxOu9FQwWOgYT/6AcbGg76PDggup2SzqyeMyS+1QEoakCBbdWAFx6TAs VqIjfLrT4/6WoAgwGiYEgHardTXQ3c2x29AqMARfyzf6G4O8iFHYz+pU/xioN+bUX8tD/NWDUEjo VcceftlNT1IzMFxGH4gJgVpfdtV2+ACBjFh32Zza0Pt10FitWEG227zVa31gsgwCFd8FVDRPBjPw VYTZ4JoTdf6gUQkaS3Acm1/Ji4AkCyvOl2PtLOAelrIJ0rldgFMujucR9brc4ByWCifIgTVqBzQG YhvDJh/XxoAyrQx7NI54CwXxxQQ7+0K7CXAp0DslfvvLIrMLACDsjAE5Dg5bPqsgOS1XT7YLdVwA HZVjEvn5UCDkhW0+2D3VYBB2RbxfYof3HxKGCn83fDH3zt3spuH90K1n71N57mURaj3h6X9qo7Ku CA7Chck2o4NQYMAECIzecPC1DIw+K2PvvBJUjkURajHm1gpwIYFtdL/3x8I3BAWp4TnBpntkZam5 eZC2BY7rD08RmbA9KS5wKBQkEcK2v64PPXA/ajL9wJ2Ode+stQZuSpUb6sLdIABVNYSHNrTwEHZE 8tAcGCETeHc2NA8GOvfFtgeLuwH/mpOwE7+PyhAHPVyFP73EtvB+piCk18Hc4dFFRo1xyQHfWsA+ NAVgkcGShwbuxAQNjxUmvVFJo6WByUNcn2OnFAdpCvasU4EDAUChz5oCUoqrrINTCFJS7noBhFdo w6IFsIx6rBXp/QVjswYBx0DIW9ro1vAuVU3nzZ8h5vpoAD0kyngIOxctjiByMAw/aHeBUoc3nzVQ Y3ddyqFXBAqrVZ5QAGDrZKkMjlM8bbxQO2nI7uABS2e0BsO8dYTn01sZLUxh2QGnn4Tz9xKLulwu FwPBywpuoosg5ku8cLAmC2HZrLanLqkFhJKuMOSIU0QHHv9V8qPvHWIgfFlmq8q4b2Mw6B2SGJVW l23gSQZi1NqBRwsHLYIeFg3I1tWkpxIGHls32e+0pi5SiNOyAlspTBgYOVFE0q6UC2XLwSPpCVUD vukKgS5aEDEukyVTjsMFkJHRKrSHXcATHanMqDK9srTWJbNYWVQ8djwzJI7Nht2ZzjDshy9oFjLn vy5WkRfPaDi/C/3/3qZK0YpPkRr54mK9vowICMR/cYDnrG72VM3RinNYfEqhGCAyJ6+NZCRFgeh4 cvL2MeoIADIiocHl4PZ+cfhK+/9SB7e+31N0QRP1QBB0SVkBBQcjeRwQ+jgANixPCoKxArMF1A4p H6uSuwgwIOyA6ieZV8FHBA8plrH+kOCjggRjRe97o9Mop4NHtA+GAM47ftCN3uBdXidP5u9oRkCw grBTAQYtt4Qg5l0WQ+f1jAcpoxKFkCwoQrHDk4+75jnAsop5lCkiUgc5lw6zQ3v3w3/NbvPgh/9G cfuIkGaIEmViM0Y1WxaTnEswPkNLoTXjrDG+H5L1zPYb4bjREtbn75jeKmYSucRjcWmzfVeFaAcA ecm0m+KSsHzjDVyd13XGjDDUTbQT9Mz3MIswLkuxdPX2Ey+TflLjmySR5dd9AJG13HeupQVoBYTZ //gn+t2+rRNJ7bNisrQC4uvtPUD7ycUSDnm0lWgJg5bxT97/+6qCy3a15lg5KxT5tVdUnHpPkrR1 X6lYIZJzggNZP//t/8fviLP/nl8NE/v7dWinPNi51M8wjXKi1Pvvm3X93YZlyX86rr0Sxtkk/IuZ rWq8tjfPEYtL6H/iu3lT6Ac2mmdSDiNs/GbZ5Nt+08/uTyRUGcb89tnLrxOWnWtE1C+qB5Nv74k0 fBnts49bSOh+sK+AqyrsfqzL65sQ5k4xS25zZOXmw/+dOHa0nqpBraTE2L4YjboE7TvlJWbVNftV zuoQNS4QGxI6rDlhXXPA0pc+NX7hBcMevM6vxlzlqWZuteaXiZoH3QtpfJRaBpGhaJ8qOqr5KV/e GA1LiAdUh1Kg1tNU0rc2pbriquTm3zNU1D8mJoScOsg9f1oSzPjpG23NYVcEDW9Vg7s45HhnVWzq 0pJJoW1y1Lx2Fpk1DzNdQ0DTW9LIzBoc24P1ovzovrajkPLxVwQC512PgTR61yOvJwPG2k7q4cO2 RVm7QVv5Wqgo6y9pp1bcZ5th7t7GQTruSA1Exu7MyAoMVjZ7V5cT2to6F1SluPdEzLxXmavim09S hb1SZ5m/pKmZzNAdkw+9a54qJVeVXpWj+GS9NxVkzPbViVrmWq2qQvVXlV6dqmh/45yEYfqHIi0r GyBjY5c1kd0nBmjHhsVelaruqapGNazsPtFPAVZDu9itJ1zlqXV1SWH1UOSzomRa4cVem2YNm1NU 1DW74KcFsm97gDssEDcMzYuUijmobE1crSNM+GcZvWWevybBtx3LahedofDTU9lXDofjogO8yAdW Abp6n4nLQyK3NmLVeXp2WahLaduF82r0lbuZZxQBrMvHUm4vZuzLk2QdzmaXpZSDnKk4fzapzzuj zyq6yuXl1eVXue7g/pjXwA5/rDP/12wKwjU7kuj/w6oy3a/M3feftKsbq8K4VNQl29ujzThEeNAr 6CGDE86grECmQLyONP/LcLY2docn44nf+Bqslw8/ov2F57/W4jUbzQugI530wyXkEehQ+/5X97dh 2Fq2do9Hj5S17kvnSY198PywqQQ5lcjInGPvzWQ4cEISoMMNBIs1+XFdjqp+lTDrMChInkP+okVM MB4ruk5uUaAsbf//W9gFkNXsvwP/jMDhAmvAwSnOHP//hWcLtVgAEkaKXG6qHxnMLdAElcIbYJQE KY+FA67z4aoVWOqwfiZgkIA9eJ585InDS3pwqgCWBgxJ/m5BXLFhCdZu6MOMHZ+QcBI567qQ45g6 H+kT0gKoSGOEXuplp46N/Fch9wBWoVGN0KUttbz3QFelbAAelZcL9cWgo4IGnNl/e2ZwUckBLBLy 4ehdP5u1lYyfA9ySjggBgxNMp/ET2fPww52O2jWzpsD0sUyAmQkuGXJ/Gatzxneql8jqgnaQAABb hJREFUUDq9UbU3IgekREs+KCyD5Oe/dD2kbPFQGSMflMbpfv5Ugc4BmYVwHhL8VwbJv/37o/ALX3 o5/N17D5Ky33vz7pUZAI6vv/XgSronrCvQOSDrl0vrDAeKtyB/9c7D8OCddH7Rir7+9p17AbhVfY dDldgcOiAbNGILUgZJ7HQbmuk9GyDoI0DbizMWwLdpHq9WwAGp1maVUwaJOiB36BBWRUcRoU/AQR 9thwCDsdg0j9cr4IDU67PKxbH4lit34FWiRLhDf/Hnbg2+7QIGoKAv9Em6tjp0S0W4SpxApI/n28 4B+b8QTiYwF6shAEoMCZk4Jc7J3RsjrQ9TMICDeHxNVg1sanAwzkUI/0LYpXUOyPPPzc5nIST5Ji tU/AOSstWE4oCCdQkLIAAhUGCcc21rQEwfpwiGjvMnnpvd13hXYeeA0PGprSKMCasDhXxAwSwsOD NGflOjPAYMtEVIu6TFbQAEKwZ9i/Mmdt7LzqQXQFhFnoRwe2ITtBoOzsjdmrv2KjGK4NAYzo3h6G qc2xWBc837ojzfcI6VAcFlFAr6AByckz5hO+lj9UC/XgDhQgrJbGLbLcamZkGpg0XLa4jjAw+hmu ZVhUCAAQRGvKrsxNJ7gwPdegOEiwHJjz83YyXpZXnkmkMYoGDc0TFgwfZxYupiwGCNtCHG2Pc1ub GyC+lr5dDx9QqIXpRBismYw6RB0fECC4ZjAwwhBjR1RhnM1gEITNueeihOcg4Y3Fi5wfY93kEA0U EKJPcZvJxnAYqMszhwcAxo6owyWFEpzx8nQ4Ghcg8KCJ3grgAoEs8KEhnv4MdYO6CrxtIvBu3m4I Do6BFDTLTJY9ul4/bwqQIy+YNup5725GlsNIBolwSS+2KilYOimuQQstUeejtVpvPoANFOCiR8Sn oipEzqU3gdn4crBXhtO2OrvUoZUWS0gKARkHBXkbg/n4gIUzq48bFqMMdjHteoAVHhEFFMNPVtl2 oy8rCyezKJo3vOqOysZCQBiPSzOAQSfz4plEj2x+CvbbdVLilAdHCAInHfdokIKRysGjJnMzGeK1 Po8qqPSQJC7xFbTLT3bRd6jNFkclbbqTH2r0mfkgVEByeQ+LZLxRhJaMEY69upplIlD4gOFFB4Ky LnvvUSEQY8On7O6HdkkwEE2bhbAYrEHRIRoc9DV42l/n1eutNrTQoQVYpJEpM58+cT1aSrUERePW dwg+rqOkO1O0lAVEyBxJ9PVIyWw6mDoXJNGhAdJKBI3L+2IiK0dEzqOaNOkywAQQAg8a+toMTupq sGWu7eyohrlnQtG0B07EyumMy1P5+oJptCEWvSzxl1488OEBVDIPHnExWjJuTVOSvvFB/Aa4a9ys oWEFUAUCTur4VFhOgY9dfQo752dpo9ICgLJGKyk/Btl4hQbKdEj+S+N8Vctm0OiFEUpxATH8kPFB l0AUbO2ynjCqtoW4CsGpxCRCDJ7a+tZPPadlv/dEAqFOOhFFAke8rPJ8VzxnKcMlQ/YgUckFiR6B znEZMdyHS2XTKYYjsl4/LnjGi+41MHJFak4hxnEhPfShcU6XwBhj9nVExySbIDUiJKXZJAwl03xa +t+HNG3cRW5CUASEXPB0wGEu7C0oXRP5+wakh/k/x1V9F38MMB2WMKxPFG+2k8YOin4HsMMfuqDk gLLjAmUCwYvIlrYXhZN+GAtDj9gCLNDbnt8ucMmYA2DwekTTWlLSARkxt5f2+75GLF2ym5Li8QpB d+tKVA3oC0pWJJOzirmPhud6BI4wUYvDDw7VTJJLSQ5IC0IGJdEwJJJ19b0QdwB6NO/f3zHJD9Nd zYAk4MKFKwjeeT4ushtCnt+dGxAg5IxwLb5oFETHZG22+7pFKxnZL6/pxhRe047oB0LHBZ8zi5mP j8ZlCkUAGGP2eUKdl9mgPSkcZNmhVIVh80AoLWIY75c4YqMlz4/wAAAP//qDCozQAAAAZJREFUAw DvE7z5qg+MJQAAAABJRU5ErkJggg==',1,'active','2025-11-12','2025-11-11 07:02:50','2025-11-11 07:02:50','perm_tool_read_internal');
INSERT INTO tools VALUES('c3c66760-7995-4a43-b0f4-5be85a9cf804','Nexus','包私有源管理','communication','https://nexus.qiliangjia.com/static/rapture/resources/icons/x32/sonatype-repository-icon-reverse.svg',0,'active','2025-11-27','2025-11-27 08:45:28','2025-11-27 08:45:28',NULL);
INSERT INTO tools VALUES('152335b9-86be-4928-b28c-9e2ae265d1e2','SQLBot','AI 参数','database','https://sqlbot.qiliangjia.org/LOGO-fold.svg',0,'active','2025-12-08','2025-12-08 05:37:19','2025-12-08 05:37:19',NULL);
INSERT INTO tools VALUES('efd168e8-ac05-48fa-b126-f7a33a32ad96','万能格式转换器','万能格式转换器','0c97efe7-d1d4-471d-a04d-965c41e09e22','data:image/svg+xml;base64,PHN2ZyB4bWxucz0iaHR0cDovL3d3dy53My5vcmcvMjAwMC9zdmciIHdpZHRoPSIyNCIgaGVpZ2h0PSIyNCIgdmlld0JveD0iMCAwIDI0IDI0IiBmaWxsPSJub25lIj48cGF0aCBkPSJNMTQgMkg3YTIgMiAwIDAgMC0yIDJ2MTZhMiAyIDAgMCAwIDIgMmgxMGEyIDIgMCAwIDAgMi0yVjdhMSAxIDAgMCAwLS4yOTMtLjcwN0wxNC43MDcgMi4yOTNBMSAxIDAgMCAwIDE0IDJ6IiBzdHJva2U9IiMxMTE4MjciIHN0cm9rZS13aWR0aD0iMS41IiBzdHJva2UtbGluZWpvaW49InJvdW5kIi8+PHBhdGggZD0iTTE0IDJ2NWEyIDIgMCAwIDAgMiAyaDVNOC41IDEzbDMtM2wzIDMiIHN0cm9rZT0iIzExMTgyNyIgc3Ryb2tlLXdpZHRoPSIxLjUiIHN0cm9rZS1saW5lY2FwPSJyb3VuZCIgc3Ryb2tlLWxpbmVqb2luPSJyb3VuZCIvPjxwYXRoIGQ9Ik0xMS41IDEwdjYiIHN0cm9rZT0iIzExMTgyNyIgc3Ryb2tlLXdpZHRoPSIxLjUiIHN0cm9rZS1saW5lY2FwPSJyb3VuIi8+PHBhdGggZD0iTTE1LjUgMTFsMyAzbC0zIDMiIHN0cm9rZT0iIzExMTgyNyIgc3Ryb2tlLXdpZHRoPSIxLjUiIHN0cm9rZS1saW5lY2FwPSJyb3VuIiBzdHJva2UtbGluZWpvaW49InJvdW5kIi8+PC9zdmc+',0,'active','2026-01-19','2026-01-19 12:50:22','2026-01-19 12:50:22',NULL);
INSERT INTO tools VALUES('7b8b345c-3b07-42b6-9e7e-1f7627b2054f','ab-router','ab-router','0c97efe7-d1d4-471d-a04d-965c41e09e22','data:image/svg+xml;base64,PHN2ZyB4bWxucz0iaHR0cDovL3d3dy53My5vcmcvMjAwMC9zdmciIHZpZXdCb3g9IjAgMCAxMjggMTI4Ij48cmVjdCB4PSIxNiIgeT0iMTYiIHdpZHRoPSI5NiIgaGVpZ2h0PSI5NiIgcng9IjI0IiBmaWxsPSIjMTU1QThBIi8+PHJlY3QgeD0iMzIiIHk9IjM2IiB3aWR0aD0iNjQiIGhlaWdodD0iNTYiIHJ4PSIxNiIgZmlsbD0iIzRFRDRDNyIvPjxwYXRoIGQ9Ik00MCA2NEg2OFY1Nkg4OFY3Mkg2OFY4MEg0MFoiIGZpbGw9IiMxNTVBOEEiLz48L3N2Zz4=',1,'active','2026-01-22','2026-01-22 02:37:04','2026-01-22 02:37:04',NULL);
CREATE TABLE tool_environments (
  id INTEGER PRIMARY KEY AUTOINCREMENT,
  tool_id TEXT NOT NULL,
  name TEXT NOT NULL,
  label TEXT NOT NULL,
  url TEXT NOT NULL,
  is_external BOOLEAN DEFAULT TRUE,
  created_at DATETIME DEFAULT CURRENT_TIMESTAMP,
  updated_at DATETIME DEFAULT CURRENT_TIMESTAMP,
  FOREIGN KEY (tool_id) REFERENCES tools (id) ON DELETE CASCADE
);
INSERT INTO tool_environments VALUES(17,'a21d8fad-551e-48e9-b7e6-538e8de83231','production','生产环境','https://kibana.qiliangjia.org/app/home',1,'2025-09-16 02:08:02','2025-09-16 02:08:02');
INSERT INTO tool_environments VALUES(34,'e45e32df-edb7-4fd3-b83e-1afd4deddee9','production','生产环境','https://dash.cloudflare.com/4afe694ac3841dc3e433b6369c754346/home',1,'2025-09-16 03:18:13','2025-09-16 03:18:13');
INSERT INTO tool_environments VALUES(38,'3f058b10-6c40-48fa-9693-4307b532a5f1','production','生产环境','https://yaoshi-tracking-web.qiliangjia.one',1,'2025-09-16 06:04:34','2025-09-16 06:04:34');
INSERT INTO tool_environments VALUES(39,'3f058b10-6c40-48fa-9693-4307b532a5f1','test','测试环境','https://yaoshi-tracking-web-test.qiliangjia.one',1,'2025-09-16 06:04:34','2025-09-16 06:04:34');
INSERT INTO tool_environments VALUES(45,'0277fcf4-e502-431d-a29e-8028cc6ddebf','production','生产环境','https://data-bi.qiliangjia.org/',1,'2025-09-19 11:33:05','2025-09-19 11:33:05');
INSERT INTO tool_environments VALUES(55,'4d7b4ba7-da42-4df2-b56e-8f5e42eaddd4','production','生产环境','https://project.qiliangjia.com',1,'2025-09-22 07:54:11','2025-09-22 07:54:11');
INSERT INTO tool_environments VALUES(60,'b31e0059-d962-495e-8810-8a5399437bd1','production','生产环境','https://866fa6c26852.sentry.io',1,'2025-09-22 08:14:31','2025-09-22 08:14:31');
INSERT INTO tool_environments VALUES(61,'43210ba9-e2cc-4ee2-9a20-f8f4c1458685','production','生产环境','https://www.virustotal.com/gui/home/url',1,'2025-09-22 08:17:21','2025-09-22 08:17:21');
INSERT INTO tool_environments VALUES(86,'7cdfa366-a184-40af-8261-e5ffc449d225','production','生产环境','https://apollo-portal.qiliangjia.org/config.html',1,'2025-09-24 03:00:04','2025-09-24 03:00:04');
INSERT INTO tool_environments VALUES(87,'7cdfa366-a184-40af-8261-e5ffc449d225','test','测试环境','https://apollo-portal-test.qiliangjia.org/config.html',1,'2025-09-24 03:00:04','2025-09-24 03:00:04');
INSERT INTO tool_environments VALUES(88,'dc948435-e177-475d-af3d-292534c33947','production','生产环境','https://cicd.qiliangjia.org/view/qlj',1,'2025-09-24 03:01:57','2025-09-24 03:01:57');
INSERT INTO tool_environments VALUES(89,'46c44ebc-880a-480c-acad-0b867ed23c87','production','生产环境','https://qlj-fe-i18n.qiliangjia.org',1,'2025-09-24 03:05:29','2025-09-24 03:05:29');
INSERT INTO tool_environments VALUES(93,'1b38545d-6060-4486-9654-e94f8063ab61','production','生产环境','https://growthbook.qiliangjia.org',1,'2025-09-24 06:16:09','2025-09-24 06:16:09');
INSERT INTO tool_environments VALUES(105,'38331947-b0a3-46ca-b9ce-0037722b7a9a','production','生产环境','https://data-metadata.qiliangjia.org/signin',1,'2025-09-24 06:57:13','2025-09-24 06:57:13');
INSERT INTO tool_environments VALUES(107,'8608a9ff-5db4-4572-9104-e7cbeb8715ca','production','生产环境','https://kibana.qiliangjia.org/login',1,'2025-09-24 07:00:37','2025-09-24 07:00:37');
INSERT INTO tool_environments VALUES(108,'0e76cdf0-e693-4d57-bdea-20316e572060','production','生产环境','https://grafana.qiliangjia.org/login',1,'2025-09-24 07:01:57','2025-09-24 07:01:57');
INSERT INTO tool_environments VALUES(109,'e1f49778-a9a7-45c9-aa1e-e847d8ed600e','production','生产环境','https://jumpserver.qiliangjia.org',1,'2025-09-24 07:03:21','2025-09-24 07:03:21');
INSERT INTO tool_environments VALUES(110,'6d1c9178-2798-4d0c-8f3f-ebc69e72e490','production','生产环境','https://www.qiliangjia.net',1,'2025-09-24 07:04:48','2025-09-24 07:04:48');
INSERT INTO tool_environments VALUES(111,'6d1c9178-2798-4d0c-8f3f-ebc69e72e490','test','测试环境','https://www-qiliangjia.qiliangjia.one/',1,'2025-09-24 07:04:48','2025-09-24 07:04:48');
INSERT INTO tool_environments VALUES(124,'cf0a879d-d58a-4ca0-add5-877f6da85bfd','production','生产环境','https://shortyes.com',1,'2025-09-24 07:15:32','2025-09-24 07:15:32');
INSERT INTO tool_environments VALUES(125,'cf0a879d-d58a-4ca0-add5-877f6da85bfd','test','测试环境','https://www-stg-shortyes.qiliangjia.one',1,'2025-09-24 07:15:32','2025-09-24 07:15:32');
INSERT INTO tool_environments VALUES(126,'a3a45a31-d445-4936-b07a-3e9066cb6230','production','生产环境','https://app.shortyes.com/#/',1,'2025-09-24 07:17:52','2025-09-24 07:17:52');
INSERT INTO tool_environments VALUES(127,'a3a45a31-d445-4936-b07a-3e9066cb6230','stg','测试环境1','https://shortyes-app-stg.qiliangjia.one/#/',1,'2025-09-24 07:17:52','2025-09-24 07:17:52');
INSERT INTO tool_environments VALUES(128,'a3a45a31-d445-4936-b07a-3e9066cb6230','stg1','测试环境2','https://app-stg-shortyes-app.qiliangjia.one/#/',1,'2025-09-24 07:17:52','2025-09-24 07:17:52');
INSERT INTO tool_environments VALUES(131,'4d321857-c3f1-4996-9d32-e20eec9701ee','production','生产环境','https://console.deepclick.com',1,'2025-09-24 07:19:07','2025-09-24 07:19:07');
INSERT INTO tool_environments VALUES(132,'4d321857-c3f1-4996-9d32-e20eec9701ee','test','测试环境','https://console-test-deepclick.qiliangjia.one',1,'2025-09-24 07:19:07','2025-09-24 07:19:07');
INSERT INTO tool_environments VALUES(133,'33b6f7b6-c0b7-45d8-9f1b-e448465bcabe','production','生产环境','https://deepclick-admin.qiliangjia.org',1,'2025-09-24 07:19:15','2025-09-24 07:19:15');
INSERT INTO tool_environments VALUES(134,'33b6f7b6-c0b7-45d8-9f1b-e448465bcabe','test','测试环境','https://admin-test-deepclick.qiliangjia.one',1,'2025-09-24 07:19:15','2025-09-24 07:19:15');
INSERT INTO tool_environments VALUES(137,'819bbad4-8ad4-46df-b9f2-f1fda4547250','production','生产环境','https://mis.shortyes.com',1,'2025-09-24 07:19:52','2025-09-24 07:19:52');
INSERT INTO tool_environments VALUES(138,'819bbad4-8ad4-46df-b9f2-f1fda4547250','stg','测试环境','https://shortyes-mis-stg.qiliangjia.one',1,'2025-09-24 07:19:52','2025-09-24 07:19:52');
INSERT INTO tool_environments VALUES(139,'344ba45a-bd03-44aa-b588-abd920c8a843','production','生产环境','https://admin-h5.deepclick.com/user/login',1,'2025-09-24 07:19:55','2025-09-24 07:19:55');
INSERT INTO tool_environments VALUES(140,'344ba45a-bd03-44aa-b588-abd920c8a843','test','测试环境','https://t1-dsp-admin.qiliangjia.org',1,'2025-09-24 07:19:55','2025-09-24 07:19:55');
INSERT INTO tool_environments VALUES(141,'b2d2bd1e-a9ec-4503-b0f6-3ff0b885a9e3','production','生产环境','https://www.deepclick.com',1,'2025-09-24 07:20:10','2025-09-24 07:20:10');
INSERT INTO tool_environments VALUES(142,'b2d2bd1e-a9ec-4503-b0f6-3ff0b885a9e3','test','测试环境','https://www-test.deepclick.com',1,'2025-09-24 07:20:10','2025-09-24 07:20:10');
INSERT INTO tool_environments VALUES(143,'62c557c1-a867-4610-813e-4de6a2641f88','production','生产环境','https://cdc.qiliangjia.one',1,'2025-09-24 07:21:46','2025-09-24 07:21:46');
INSERT INTO tool_environments VALUES(144,'62c557c1-a867-4610-813e-4de6a2641f88','stg','测试环境','https://cdc-stg.qiliangjia.one',1,'2025-09-24 07:21:46','2025-09-24 07:21:46');
INSERT INTO tool_environments VALUES(145,'62c557c1-a867-4610-813e-4de6a2641f88','main','生产环境','https://cdc.qiliangjia.org',1,'2025-09-24 07:21:46','2025-09-24 07:21:46');
INSERT INTO tool_environments VALUES(146,'dd7e734b-7dc4-4110-8515-e8ed9af64ad0','production','生产环境','https://docs.deepclick.com',1,'2025-09-24 07:23:03','2025-09-24 07:23:03');
INSERT INTO tool_environments VALUES(147,'dd7e734b-7dc4-4110-8515-e8ed9af64ad0','test','测试环境','https://docs-test-deepclick.qiliangjia.one',1,'2025-09-24 07:23:03','2025-09-24 07:23:03');
INSERT INTO tool_environments VALUES(148,'7b31f765-e78d-4e30-b990-edf1b0d7f324','production','生产环境','https://aws.amazon.com/cn/console/',1,'2025-09-24 07:23:19','2025-09-24 07:23:19');
INSERT INTO tool_environments VALUES(149,'bd04e5f9-2c37-4331-a873-0e6252d2e750','production','生产环境','https://www.roibest.com/docs',1,'2025-09-24 07:23:29','2025-09-24 07:23:29');
INSERT INTO tool_environments VALUES(150,'bd04e5f9-2c37-4331-a873-0e6252d2e750','test','测试环境','https://www-stg-roibest.qiliangjia.one/docs',1,'2025-09-24 07:23:29','2025-09-24 07:23:29');
INSERT INTO tool_environments VALUES(151,'34c70f93-b9ad-4453-bb24-1103451b728e','production','生产环境','https://ec-admin.qiliangjia.com',1,'2025-09-24 07:25:12','2025-09-24 07:25:12');
INSERT INTO tool_environments VALUES(152,'f5ccc095-1835-4740-850e-b2b07199ed2a','production','生产环境','https://ec-admin.qiliangjia.com',1,'2025-09-24 07:26:55','2025-09-24 07:26:55');
INSERT INTO tool_environments VALUES(155,'bbd7a49e-547d-4e8c-8a0c-7e556dd4c8c4','production','生产环境','https://dbcheck.qiliangjia.org/login/ ',1,'2025-09-24 07:29:45','2025-09-24 07:29:45');
INSERT INTO tool_environments VALUES(156,'7ee5c810-4f8d-4fee-806b-194fc37458ef','production','生产环境','https://vaultwarden.qiliangjia.org/#/login',1,'2025-09-24 07:30:37','2025-09-24 07:30:37');
INSERT INTO tool_environments VALUES(157,'5430e3a3-8aab-4acf-9999-55a915ede578','production','生产环境','https://www.figma.com',1,'2025-09-24 07:32:34','2025-09-24 07:32:34');
INSERT INTO tool_environments VALUES(158,'6cfb00ae-39ff-438f-98ed-7621529397ad','production','生产环境','https://modao.cc',1,'2025-09-24 07:33:23','2025-09-24 07:33:23');
INSERT INTO tool_environments VALUES(159,'51c2d6d3-da1c-40c5-aeba-876c014f05e7','production','生产环境','https://tinypng.com',1,'2025-09-24 07:34:26','2025-09-24 07:34:26');
INSERT INTO tool_environments VALUES(165,'9838f4ea-e16a-4601-aa26-2500f1b949e7','production','生产环境','https://mis-proxy.roibest.com',1,'2025-09-24 07:40:20','2025-09-24 07:40:20');
INSERT INTO tool_environments VALUES(166,'9838f4ea-e16a-4601-aa26-2500f1b949e7','stg','测试环境','https://mis-proxy-stg.qiliangjia.one/',1,'2025-09-24 07:40:20','2025-09-24 07:40:20');
INSERT INTO tool_environments VALUES(167,'ebc83ec5-c5f1-40b4-83e7-549972472288','production','生产环境','https://convertio.co/zh/',1,'2025-09-24 07:40:28','2025-09-24 07:40:28');
INSERT INTO tool_environments VALUES(169,'78289acd-77a3-4bf4-af53-668631390c4b','production','生产环境','https://mis-marketer.roibest.com',1,'2025-09-24 07:40:51','2025-09-24 07:40:51');
INSERT INTO tool_environments VALUES(170,'78289acd-77a3-4bf4-af53-668631390c4b','test1','测试环境1','https://mis-marketer-test-1.qiliangjia.one',1,'2025-09-24 07:40:51','2025-09-24 07:40:51');
INSERT INTO tool_environments VALUES(174,'786df662-79b5-446a-bde5-4bd282788a6c','production','生产环境','https://roibest-mis-admin.qiliangjia.org/version-manager',1,'2025-09-24 07:45:07','2025-09-24 07:45:07');
INSERT INTO tool_environments VALUES(175,'786df662-79b5-446a-bde5-4bd282788a6c','test','测试环境','https://mis-admin-stg.qiliangjia.one/version-manager',1,'2025-09-24 07:45:07','2025-09-24 07:45:07');
INSERT INTO tool_environments VALUES(178,'16f0034f-9853-4678-a4d6-0207a857107a','production','生产环境','https://ai.qiliangjia.org',1,'2025-09-25 02:06:42','2025-09-25 02:06:42');
INSERT INTO tool_environments VALUES(179,'7cbc16ff-afa4-464f-8303-681037bf0f92','production','生产环境','https://data-airflow.qiliangjia.org/login',1,'2025-09-25 02:07:27','2025-09-25 02:07:27');
INSERT INTO tool_environments VALUES(181,'0a49daba-5e1b-4a90-bdc0-b83cf8bc9b7f','production','生产环境','https://data-kafka-admin.qiliangjia.org/login',1,'2025-09-25 02:16:33','2025-09-25 02:16:33');
INSERT INTO tool_environments VALUES(187,'21c517e3-c889-4ff1-9bc9-6d3cec15ac2a','production','生产环境','/tools/tiktok-pixel-tool',0,'2025-09-25 09:40:33','2025-09-25 09:40:33');
INSERT INTO tool_environments VALUES(190,'9d0ba3ee-0a79-41ee-b650-f2217007d8ae','production','生产环境','/tools/url-encoder',0,'2025-09-25 09:42:49','2025-09-25 09:42:49');
INSERT INTO tool_environments VALUES(191,'d7b9d813-ed91-49f1-9e7f-b9ee4a70c110','production','生产环境','/tools/qr-generator',0,'2025-09-25 09:43:27','2025-09-25 09:43:27');
INSERT INTO tool_environments VALUES(195,'caafd2b0-6e2a-4374-b687-f00ae6aa8968','production','生产环境','/tools/time-formatter',0,'2025-09-25 09:48:21','2025-09-25 09:48:21');
INSERT INTO tool_environments VALUES(196,'2e72a9d6-92f8-4e03-a16f-5a5c3afbfbb1','production','生产环境','/tools/file-uploader',0,'2025-09-25 09:53:41','2025-09-25 09:53:41');
INSERT INTO tool_environments VALUES(202,'78d1b64e-e433-454b-8abd-f56e24ac7864','production','生产环境','/tools/base64-converter',0,'2025-09-25 10:06:49','2025-09-25 10:06:49');
INSERT INTO tool_environments VALUES(203,'6c15bb01-5b64-40d9-ab42-08ff3df37c4c','production','生产环境','/tools/json-formatter',0,'2025-09-25 10:07:42','2025-09-25 10:07:42');
INSERT INTO tool_environments VALUES(205,'57cfcfe0-8e3e-4b60-94e7-c02c3ceff999','production','生产环境','/tools/url-parser',0,'2025-09-25 10:15:31','2025-09-25 10:15:31');
INSERT INTO tool_environments VALUES(208,'158b17ac-f637-4943-b46e-abb8a8c8e859','production','生产环境','/tools/json-diff',0,'2025-09-29 06:29:09','2025-09-29 06:29:09');
INSERT INTO tool_environments VALUES(210,'46dd1060-8ef9-4095-a36e-485215e8db48','production','生产环境','/tools/cf-log-analyzer',0,'2025-10-11 07:34:25','2025-10-11 07:34:25');
INSERT INTO tool_environments VALUES(212,'d8dbc902-834b-4f0f-8de1-1c6d7a542ecb','production','生产环境','https://pagespy.qiliangjia.org/#/room-list',1,'2025-10-14 08:39:35','2025-10-14 08:39:35');
INSERT INTO tool_environments VALUES(214,'c5b2b9dc-b15b-4603-97c8-5e5963a6cc2c','production','生产环境','https://mis.roibest.com',1,'2025-10-21 08:59:17','2025-10-21 08:59:17');
INSERT INTO tool_environments VALUES(215,'c5b2b9dc-b15b-4603-97c8-5e5963a6cc2c','test1','测试环境1','https://mis-test-1.qiliangjia.one/',1,'2025-10-21 08:59:17','2025-10-21 08:59:17');
INSERT INTO tool_environments VALUES(216,'c5b2b9dc-b15b-4603-97c8-5e5963a6cc2c','test2','测试环境2','https://mis-test-2.qiliangjia.one/',1,'2025-10-21 08:59:17','2025-10-21 08:59:17');
INSERT INTO tool_environments VALUES(217,'c5b2b9dc-b15b-4603-97c8-5e5963a6cc2c','test3','测试环境3','https://mis-test-3.qiliangjia.one/',1,'2025-10-21 08:59:17','2025-10-21 08:59:17');
INSERT INTO tool_environments VALUES(218,'c5b2b9dc-b15b-4603-97c8-5e5963a6cc2c','test','测试环境 test','https://mis-stg.roibest.com',1,'2025-10-21 08:59:17','2025-10-21 08:59:17');
INSERT INTO tool_environments VALUES(221,'2216ff9a-7d01-4ebb-9718-d3c998ec6d6f','production','生产环境','/tools/website-check',0,'2025-11-03 11:37:46','2025-11-03 11:37:46');
INSERT INTO tool_environments VALUES(222,'67d25f42-0a92-42fb-9c38-a72ed96d2d61','production','生产环境','/tools/whitelist-token',0,'2025-11-03 11:40:28','2025-11-03 11:40:28');
INSERT INTO tool_environments VALUES(223,'18d54f45-fdd3-4cde-9261-dfadd3d756c1','production','生产环境','/tools/jwt-decoder',0,'2025-11-03 11:41:19','2025-11-03 11:41:19');
INSERT INTO tool_environments VALUES(224,'5b66d6e6-b4e0-413a-b056-b96f560b37cf','production','生产环境','/tools/ua-parser',0,'2025-11-03 11:42:11','2025-11-03 11:42:11');
INSERT INTO tool_environments VALUES(227,'40789e4c-acb1-498e-ad3c-729760059e23','production','生产环境','/tools/rb-domain-check',0,'2025-11-12 02:11:37','2025-11-12 02:11:37');
INSERT INTO tool_environments VALUES(228,'018c4c50-efcb-4f53-ae4c-48834b277ab2','production','生产环境','/tools/query-analyzer',0,'2025-11-12 08:23:51','2025-11-12 08:23:51');
INSERT INTO tool_environments VALUES(229,'d91ed5ea-00ff-48ba-b826-c2093c78cf08','production','生产环境','https://admin.ooofooo.com',1,'2025-11-18 08:13:48','2025-11-18 08:13:48');
INSERT INTO tool_environments VALUES(230,'d91ed5ea-00ff-48ba-b826-c2093c78cf08','stg','测试环境','https://fhl-admin-stg.qiliangjia.one/login',1,'2025-11-18 08:13:48','2025-11-18 08:13:48');
INSERT INTO tool_environments VALUES(231,'b2ff0802-d718-436a-acb8-1e53c9a17514','production','生产环境','https://demo.bar',1,'2025-11-18 08:14:13','2025-11-18 08:14:13');
INSERT INTO tool_environments VALUES(232,'b2ff0802-d718-436a-acb8-1e53c9a17514','test','测试环境','https://h5-tools.qiliangjia.one',1,'2025-11-18 08:14:13','2025-11-18 08:14:13');
INSERT INTO tool_environments VALUES(233,'c3c66760-7995-4a43-b0f4-5be85a9cf804','production','生产环境','https://nexus.qiliangjia.com/',1,'2025-11-27 08:45:28','2025-11-27 08:45:28');
INSERT INTO tool_environments VALUES(234,'3f9d24ec-6a18-4efd-979b-df88328fcb7d','production','生产环境','https://www.roibest.com',1,'2025-12-03 03:13:45','2025-12-03 03:13:45');
INSERT INTO tool_environments VALUES(235,'3f9d24ec-6a18-4efd-979b-df88328fcb7d','stg','测试环境','https://www-stg-roibest.qiliangjia.one',1,'2025-12-03 03:13:45','2025-12-03 03:13:45');
INSERT INTO tool_environments VALUES(236,'152335b9-86be-4928-b28c-9e2ae265d1e2','production','生产环境','https://sqlbot.qiliangjia.org/#/chat/index',1,'2025-12-08 05:37:19','2025-12-08 05:37:19');
INSERT INTO tool_environments VALUES(237,'efd168e8-ac05-48fa-b126-f7a33a32ad96','production','生产环境','',1,'2026-01-19 12:50:22','2026-01-19 12:50:22');
INSERT INTO tool_environments VALUES(238,'7b8b345c-3b07-42b6-9e7e-1f7627b2054f','production','生产环境','/tools/ab-router',0,'2026-01-22 02:37:04','2026-01-22 02:37:04');
CREATE TABLE tool_tags (
  id INTEGER PRIMARY KEY AUTOINCREMENT,
  tool_id TEXT NOT NULL,
  tag TEXT NOT NULL,
  created_at DATETIME DEFAULT CURRENT_TIMESTAMP,
  FOREIGN KEY (tool_id) REFERENCES tools (id) ON DELETE CASCADE,
  UNIQUE (tool_id, tag)
);
INSERT INTO tool_tags VALUES(51,'e45e32df-edb7-4fd3-b83e-1afd4deddee9','云服务','2025-09-16 03:18:13');
INSERT INTO tool_tags VALUES(52,'e45e32df-edb7-4fd3-b83e-1afd4deddee9','部署','2025-09-16 03:18:13');
INSERT INTO tool_tags VALUES(59,'3f058b10-6c40-48fa-9693-4307b532a5f1','AI','2025-09-16 06:04:34');
INSERT INTO tool_tags VALUES(60,'3f058b10-6c40-48fa-9693-4307b532a5f1','任务管理','2025-09-16 06:04:34');
INSERT INTO tool_tags VALUES(73,'4d7b4ba7-da42-4df2-b56e-8f5e42eaddd4','project','2025-09-22 07:54:11');
INSERT INTO tool_tags VALUES(79,'b31e0059-d962-495e-8810-8a5399437bd1','错误监控','2025-09-22 08:14:31');
INSERT INTO tool_tags VALUES(80,'b31e0059-d962-495e-8810-8a5399437bd1','APM','2025-09-22 08:14:31');
INSERT INTO tool_tags VALUES(94,'7cdfa366-a184-40af-8261-e5ffc449d225','配置中心','2025-09-24 03:00:04');
INSERT INTO tool_tags VALUES(95,'dc948435-e177-475d-af3d-292534c33947','CD','2025-09-24 03:01:57');
INSERT INTO tool_tags VALUES(96,'dc948435-e177-475d-af3d-292534c33947','CI','2025-09-24 03:01:57');
INSERT INTO tool_tags VALUES(97,'dc948435-e177-475d-af3d-292534c33947','部署','2025-09-24 03:01:57');
INSERT INTO tool_tags VALUES(98,'46c44ebc-880a-480c-acad-0b867ed23c87','i18n','2025-09-24 03:05:29');
INSERT INTO tool_tags VALUES(99,'46c44ebc-880a-480c-acad-0b867ed23c87','多语言','2025-09-24 03:05:29');
INSERT INTO tool_tags VALUES(105,'1b38545d-6060-4486-9654-e94f8063ab61','FeatureFlag','2025-09-24 06:16:09');
INSERT INTO tool_tags VALUES(106,'1b38545d-6060-4486-9654-e94f8063ab61','灰度','2025-09-24 06:16:09');
INSERT INTO tool_tags VALUES(117,'4d321857-c3f1-4996-9d32-e20eec9701ee','DeepClick','2025-09-24 07:19:07');
INSERT INTO tool_tags VALUES(118,'4d321857-c3f1-4996-9d32-e20eec9701ee','业务项目','2025-09-24 07:19:07');
INSERT INTO tool_tags VALUES(119,'bd04e5f9-2c37-4331-a873-0e6252d2e750','ROIBest','2025-09-24 07:23:29');
INSERT INTO tool_tags VALUES(120,'bd04e5f9-2c37-4331-a873-0e6252d2e750','文档','2025-09-24 07:23:29');
INSERT INTO tool_tags VALUES(121,'9838f4ea-e16a-4601-aa26-2500f1b949e7','ROIBest','2025-09-24 07:40:20');
INSERT INTO tool_tags VALUES(124,'78289acd-77a3-4bf4-af53-668631390c4b','ROIBest','2025-09-24 07:40:51');
INSERT INTO tool_tags VALUES(130,'786df662-79b5-446a-bde5-4bd282788a6c','RB','2025-09-24 07:45:07');
INSERT INTO tool_tags VALUES(131,'786df662-79b5-446a-bde5-4bd282788a6c','Roibest','2025-09-24 07:45:07');
INSERT INTO tool_tags VALUES(132,'786df662-79b5-446a-bde5-4bd282788a6c','版本管理','2025-09-24 07:45:07');
INSERT INTO tool_tags VALUES(145,'21c517e3-c889-4ff1-9bc9-6d3cec15ac2a','Pixel','2025-09-25 09:40:33');
INSERT INTO tool_tags VALUES(146,'21c517e3-c889-4ff1-9bc9-6d3cec15ac2a','TikTok','2025-09-25 09:40:33');
INSERT INTO tool_tags VALUES(147,'21c517e3-c889-4ff1-9bc9-6d3cec15ac2a','像素调试','2025-09-25 09:40:33');
INSERT INTO tool_tags VALUES(151,'9d0ba3ee-0a79-41ee-b650-f2217007d8ae','decoder','2025-09-25 09:42:49');
INSERT INTO tool_tags VALUES(152,'9d0ba3ee-0a79-41ee-b650-f2217007d8ae','url','2025-09-25 09:42:49');
INSERT INTO tool_tags VALUES(153,'d7b9d813-ed91-49f1-9e7f-b9ee4a70c110','qrcode','2025-09-25 09:43:27');
INSERT INTO tool_tags VALUES(160,'caafd2b0-6e2a-4374-b687-f00ae6aa8968','date','2025-09-25 09:48:21');
INSERT INTO tool_tags VALUES(161,'caafd2b0-6e2a-4374-b687-f00ae6aa8968','日期转换','2025-09-25 09:48:21');
INSERT INTO tool_tags VALUES(162,'caafd2b0-6e2a-4374-b687-f00ae6aa8968','时间戳转换','2025-09-25 09:48:21');
INSERT INTO tool_tags VALUES(163,'2e72a9d6-92f8-4e03-a16f-5a5c3afbfbb1','CDN','2025-09-25 09:53:41');
INSERT INTO tool_tags VALUES(164,'2e72a9d6-92f8-4e03-a16f-5a5c3afbfbb1','R2','2025-09-25 09:53:41');
INSERT INTO tool_tags VALUES(173,'78d1b64e-e433-454b-8abd-f56e24ac7864','base64','2025-09-25 10:06:49');
INSERT INTO tool_tags VALUES(174,'78d1b64e-e433-454b-8abd-f56e24ac7864','编解码工具','2025-09-25 10:06:49');
INSERT INTO tool_tags VALUES(175,'6c15bb01-5b64-40d9-ab42-08ff3df37c4c','formatter','2025-09-25 10:07:42');
INSERT INTO tool_tags VALUES(177,'57cfcfe0-8e3e-4b60-94e7-c02c3ceff999','tools','2025-09-25 10:15:31');
INSERT INTO tool_tags VALUES(186,'158b17ac-f637-4943-b46e-abb8a8c8e859','Diff','2025-09-29 06:29:09');
INSERT INTO tool_tags VALUES(187,'158b17ac-f637-4943-b46e-abb8a8c8e859','JSON','2025-09-29 06:29:09');
INSERT INTO tool_tags VALUES(188,'158b17ac-f637-4943-b46e-abb8a8c8e859','JSON对比','2025-09-29 06:29:09');
INSERT INTO tool_tags VALUES(191,'46dd1060-8ef9-4095-a36e-485215e8db48','cloudflare','2025-10-11 07:34:25');
INSERT INTO tool_tags VALUES(192,'46dd1060-8ef9-4095-a36e-485215e8db48','log','2025-10-11 07:34:25');
INSERT INTO tool_tags VALUES(204,'2216ff9a-7d01-4ebb-9718-d3c998ec6d6f','url','2025-11-03 11:37:46');
INSERT INTO tool_tags VALUES(205,'2216ff9a-7d01-4ebb-9718-d3c998ec6d6f','website','2025-11-03 11:37:46');
INSERT INTO tool_tags VALUES(206,'2216ff9a-7d01-4ebb-9718-d3c998ec6d6f','链接检查','2025-11-03 11:37:46');
INSERT INTO tool_tags VALUES(207,'67d25f42-0a92-42fb-9c38-a72ed96d2d61','DC','2025-11-03 11:40:28');
INSERT INTO tool_tags VALUES(208,'67d25f42-0a92-42fb-9c38-a72ed96d2d61','RB','2025-11-03 11:40:28');
INSERT INTO tool_tags VALUES(209,'67d25f42-0a92-42fb-9c38-a72ed96d2d61','绿盾','2025-11-03 11:40:28');
INSERT INTO tool_tags VALUES(210,'18d54f45-fdd3-4cde-9261-dfadd3d756c1','JWT','2025-11-03 11:41:19');
INSERT INTO tool_tags VALUES(211,'18d54f45-fdd3-4cde-9261-dfadd3d756c1','JWT解析','2025-11-03 11:41:19');
INSERT INTO tool_tags VALUES(212,'5b66d6e6-b4e0-413a-b056-b96f560b37cf','UA','2025-11-03 11:42:11');
INSERT INTO tool_tags VALUES(213,'5b66d6e6-b4e0-413a-b056-b96f560b37cf','ua','2025-11-03 11:42:11');
INSERT INTO tool_tags VALUES(216,'40789e4c-acb1-498e-ad3c-729760059e23','tools','2025-11-12 02:11:37');
INSERT INTO tool_tags VALUES(217,'018c4c50-efcb-4f53-ae4c-48834b277ab2','ROIBest','2025-11-12 08:23:51');
INSERT INTO tool_tags VALUES(218,'018c4c50-efcb-4f53-ae4c-48834b277ab2','SQL','2025-11-12 08:23:51');
INSERT INTO tool_tags VALUES(219,'018c4c50-efcb-4f53-ae4c-48834b277ab2','查数','2025-11-12 08:23:51');
INSERT INTO tool_tags VALUES(220,'3f9d24ec-6a18-4efd-979b-df88328fcb7d','ROIBest','2025-12-03 03:13:45');
INSERT INTO tool_tags VALUES(221,'3f9d24ec-6a18-4efd-979b-df88328fcb7d','官网','2025-12-03 03:13:45');
INSERT INTO tool_tags VALUES(222,'152335b9-86be-4928-b28c-9e2ae265d1e2','AI','2025-12-08 05:37:19');
INSERT INTO tool_tags VALUES(223,'152335b9-86be-4928-b28c-9e2ae265d1e2','SQL','2025-12-08 05:37:19');
INSERT INTO tool_tags VALUES(224,'152335b9-86be-4928-b28c-9e2ae265d1e2','BI','2025-12-08 05:37:19');
CREATE TABLE tool_usage_events (
	id TEXT PRIMARY KEY,
	tool_id TEXT NOT NULL,
	used_at DATETIME DEFAULT CURRENT_TIMESTAMP,
	FOREIGN KEY (tool_id) REFERENCES tools (id)
);
INSERT INTO tool_usage_events VALUES('15f9d10b-4220-435e-9624-0aa5a28af31b','0a49daba-5e1b-4a90-bdc0-b83cf8bc9b7f','2025-09-24 13:50:04');
INSERT INTO tool_usage_events VALUES('00c332de-020f-4a37-b236-e1dbe2927138','7cbc16ff-afa4-464f-8303-681037bf0f92','2025-09-24 13:50:46');
INSERT INTO tool_usage_events VALUES('fb0c7d66-b7f6-4532-b1db-e92db90f09ab','57cfcfe0-8e3e-4b60-94e7-c02c3ceff999','2025-09-25 06:16:04');
INSERT INTO tool_usage_events VALUES('f2139412-5ebf-4e3d-8356-6514529b87e2','57cfcfe0-8e3e-4b60-94e7-c02c3ceff999','2025-09-25 06:16:04');
INSERT INTO tool_usage_events VALUES('9281c824-651d-4ba1-b33e-56072c0fcefa','57cfcfe0-8e3e-4b60-94e7-c02c3ceff999','2025-09-25 06:16:06');
INSERT INTO tool_usage_events VALUES('1aefefb8-8aed-420e-96c3-123ec32068ed','57cfcfe0-8e3e-4b60-94e7-c02c3ceff999','2025-09-25 06:16:06');
INSERT INTO tool_usage_events VALUES('baf66e32-4650-42a9-9c12-7317f1b589de','57cfcfe0-8e3e-4b60-94e7-c02c3ceff999','2025-09-25 06:16:06');
INSERT INTO tool_usage_events VALUES('70aa689b-f2e2-4b18-802d-6bc7a26bdb35','57cfcfe0-8e3e-4b60-94e7-c02c3ceff999','2025-09-25 06:16:06');
INSERT INTO tool_usage_events VALUES('05f3edec-2c36-4ed0-aebc-c3d7f92ce021','78d1b64e-e433-454b-8abd-f56e24ac7864','2025-09-25 07:31:39');
INSERT INTO tool_usage_events VALUES('bf81b7e5-afda-47df-af53-e46b3bae775c','2e72a9d6-92f8-4e03-a16f-5a5c3afbfbb1','2025-09-25 07:39:32');
INSERT INTO tool_usage_events VALUES('4d066f93-720f-45d8-bc94-4db5b59ed7b4','78d1b64e-e433-454b-8abd-f56e24ac7864','2025-09-25 07:42:56');
INSERT INTO tool_usage_events VALUES('ffa9dc39-6499-4c93-b61d-a7101407dc18','57cfcfe0-8e3e-4b60-94e7-c02c3ceff999','2025-09-25 07:43:24');
INSERT INTO tool_usage_events VALUES('483ade4d-4fe5-4e60-93f8-a8c155f7fabc','78d1b64e-e433-454b-8abd-f56e24ac7864','2025-09-25 08:09:14');
INSERT INTO tool_usage_events VALUES('c9cdf0fc-f4f6-490e-9fa1-e53615005fc2','57cfcfe0-8e3e-4b60-94e7-c02c3ceff999','2025-09-25 08:31:14');
INSERT INTO tool_usage_events VALUES('4b7e79ae-2537-4472-8de4-786d65347c21','6c15bb01-5b64-40d9-ab42-08ff3df37c4c','2025-09-25 08:56:03');
INSERT INTO tool_usage_events VALUES('74f098eb-86a7-4e79-be2c-738c43c1bf82','6c15bb01-5b64-40d9-ab42-08ff3df37c4c','2025-09-25 08:56:03');
INSERT INTO tool_usage_events VALUES('f60885be-fcb7-46af-9176-6ec7085fdf8c','6c15bb01-5b64-40d9-ab42-08ff3df37c4c','2025-09-25 08:56:04');
INSERT INTO tool_usage_events VALUES('bf8a7879-bcb1-407b-9137-214469f3d96c','2e72a9d6-92f8-4e03-a16f-5a5c3afbfbb1','2025-09-25 08:56:53');
INSERT INTO tool_usage_events VALUES('7878411e-7828-44af-af20-a59d812accb5','43210ba9-e2cc-4ee2-9a20-f8f4c1458685','2025-09-25 09:07:04');
INSERT INTO tool_usage_events VALUES('4c34c52b-506e-4d03-9a36-9b6e7a4c92c1','43210ba9-e2cc-4ee2-9a20-f8f4c1458685','2025-09-25 09:08:56');
INSERT INTO tool_usage_events VALUES('0754da26-8992-4484-b462-90f31818737a','d7b9d813-ed91-49f1-9e7f-b9ee4a70c110','2025-09-25 09:29:05');
INSERT INTO tool_usage_events VALUES('b69f54a1-bf2d-4139-9614-c5954225b3c1','21c517e3-c889-4ff1-9bc9-6d3cec15ac2a','2025-09-25 09:29:55');
INSERT INTO tool_usage_events VALUES('0097aaa1-165c-4676-b9dd-7b9b895122b0','caafd2b0-6e2a-4374-b687-f00ae6aa8968','2025-09-25 09:31:04');
INSERT INTO tool_usage_events VALUES('41b9009b-9732-47d1-a438-1ac44248cf51','ebc83ec5-c5f1-40b4-83e7-549972472288','2025-09-25 11:52:10');
INSERT INTO tool_usage_events VALUES('3ae8b191-3a8b-4c38-9549-930f3f28e04b','2e72a9d6-92f8-4e03-a16f-5a5c3afbfbb1','2025-09-25 12:31:02');
INSERT INTO tool_usage_events VALUES('a2fcf418-c501-474e-9e0e-b23b6c5a9d69','2e72a9d6-92f8-4e03-a16f-5a5c3afbfbb1','2025-09-25 12:49:43');
INSERT INTO tool_usage_events VALUES('5756a9de-da88-468e-b872-3a8048c2e7b6','2e72a9d6-92f8-4e03-a16f-5a5c3afbfbb1','2025-09-25 12:49:43');
INSERT INTO tool_usage_events VALUES('44de0786-5d61-4c99-8aa4-458277480280','2e72a9d6-92f8-4e03-a16f-5a5c3afbfbb1','2025-09-25 12:49:50');
INSERT INTO tool_usage_events VALUES('aa06ff12-88f0-4b8d-a47f-51a8ce45b386','2e72a9d6-92f8-4e03-a16f-5a5c3afbfbb1','2025-09-25 12:50:03');
INSERT INTO tool_usage_events VALUES('c8304e28-bae0-4dd8-bb2e-58659b72a7ec','2e72a9d6-92f8-4e03-a16f-5a5c3afbfbb1','2025-09-25 12:50:03');
INSERT INTO tool_usage_events VALUES('50c7b5d7-8ce1-4b2c-bffd-e65054585276','2e72a9d6-92f8-4e03-a16f-5a5c3afbfbb1','2025-09-25 12:51:02');
INSERT INTO tool_usage_events VALUES('5e64f8ee-d82e-492d-8481-1a3266e76caf','2e72a9d6-92f8-4e03-a16f-5a5c3afbfbb1','2025-09-26 02:06:33');
INSERT INTO tool_usage_events VALUES('8d02ba5d-bfe0-4ad5-bb99-068237e99fbf','2e72a9d6-92f8-4e03-a16f-5a5c3afbfbb1','2025-09-26 02:20:22');
INSERT INTO tool_usage_events VALUES('87699732-da65-4dac-a9b6-ce3b68b73d9b','2e72a9d6-92f8-4e03-a16f-5a5c3afbfbb1','2025-09-26 03:42:43');
INSERT INTO tool_usage_events VALUES('9a0fa739-70df-453a-845a-e0befaf785a8','2e72a9d6-92f8-4e03-a16f-5a5c3afbfbb1','2025-09-26 06:44:44');
INSERT INTO tool_usage_events VALUES('fbcf8e62-3ffa-421c-a232-eaf9a3b17af5','57cfcfe0-8e3e-4b60-94e7-c02c3ceff999','2025-09-26 06:44:51');
INSERT INTO tool_usage_events VALUES('5c480483-a976-4b20-8d18-ea890743d7eb','2e72a9d6-92f8-4e03-a16f-5a5c3afbfbb1','2025-09-26 06:56:40');
INSERT INTO tool_usage_events VALUES('7b9bf4c2-892b-4923-8b1b-a2842f77c370','2e72a9d6-92f8-4e03-a16f-5a5c3afbfbb1','2025-09-26 06:56:59');
INSERT INTO tool_usage_events VALUES('ed1856ae-61bc-476a-9dc0-8cb99f94e347','57cfcfe0-8e3e-4b60-94e7-c02c3ceff999','2025-09-26 07:17:11');
INSERT INTO tool_usage_events VALUES('0d1b8fd2-f518-42e4-99c6-dc31482fa054','57cfcfe0-8e3e-4b60-94e7-c02c3ceff999','2025-09-26 07:40:16');
INSERT INTO tool_usage_events VALUES('5fe6ee50-3e45-4b0c-8c12-2ccd5eefd7c2','6c15bb01-5b64-40d9-ab42-08ff3df37c4c','2025-09-26 07:41:43');
INSERT INTO tool_usage_events VALUES('150f7a5c-f967-41f1-946b-45305e0a7f6d','57cfcfe0-8e3e-4b60-94e7-c02c3ceff999','2025-09-26 07:42:19');
INSERT INTO tool_usage_events VALUES('de0bef06-5e29-47aa-8fa2-23a5dc3a7de6','6c15bb01-5b64-40d9-ab42-08ff3df37c4c','2025-09-26 07:47:49');
INSERT INTO tool_usage_events VALUES('c51c70c3-c3dc-4c57-a0c8-2af375ca14c1','6c15bb01-5b64-40d9-ab42-08ff3df37c4c','2025-09-26 07:47:53');
INSERT INTO tool_usage_events VALUES('ebf141bf-c629-4dc3-a06d-c8341a589ca1','78d1b64e-e433-454b-8abd-f56e24ac7864','2025-09-26 07:47:58');
INSERT INTO tool_usage_events VALUES('595d3408-ac34-4a0a-b25d-5790422de687','b31e0059-d962-495e-8810-8a5399437bd1','2025-09-26 07:48:10');
INSERT INTO tool_usage_events VALUES('7d47a698-6043-45cf-b638-5dbfc392ddda','57cfcfe0-8e3e-4b60-94e7-c02c3ceff999','2025-09-26 07:51:17');
INSERT INTO tool_usage_events VALUES('ae0f8423-084b-46ff-94e3-ae2139f410f3','57cfcfe0-8e3e-4b60-94e7-c02c3ceff999','2025-09-26 07:51:20');
INSERT INTO tool_usage_events VALUES('0aadb80c-fc09-4832-bf4a-17ac5d734d8a','d7b9d813-ed91-49f1-9e7f-b9ee4a70c110','2025-09-28 02:51:25');
INSERT INTO tool_usage_events VALUES('6dd70e23-2f7a-40ea-a010-233d89207cb0','57cfcfe0-8e3e-4b60-94e7-c02c3ceff999','2025-09-28 03:15:58');
INSERT INTO tool_usage_events VALUES('273987fb-a8d6-43c2-a71e-2d4995591daf','57cfcfe0-8e3e-4b60-94e7-c02c3ceff999','2025-09-28 07:12:37');
INSERT INTO tool_usage_events VALUES('38792839-1ea2-4ffb-bee8-8d9421a9ef23','33b6f7b6-c0b7-45d8-9f1b-e448465bcabe','2025-09-28 09:47:50');
INSERT INTO tool_usage_events VALUES('1307933a-0001-4e74-81b4-50f7a5b21a72','caafd2b0-6e2a-4374-b687-f00ae6aa8968','2025-09-29 02:56:42');
INSERT INTO tool_usage_events VALUES('ac061bf2-0768-4ec7-8c32-c5aaa057f990','57cfcfe0-8e3e-4b60-94e7-c02c3ceff999','2025-09-29 05:57:15');
INSERT INTO tool_usage_events VALUES('3eef03bd-c34e-47f4-b240-86c47bf48b11','78d1b64e-e433-454b-8abd-f56e24ac7864','2025-09-29 06:24:36');
INSERT INTO tool_usage_events VALUES('b0b7fc64-6d16-4e48-8250-863079425293','57cfcfe0-8e3e-4b60-94e7-c02c3ceff999','2025-09-29 06:24:57');
INSERT INTO tool_usage_events VALUES('f3c76dd0-6906-438d-8f3d-0f2de2a56e01','2e72a9d6-92f8-4e03-a16f-5a5c3afbfbb1','2025-09-29 06:25:07');
INSERT INTO tool_usage_events VALUES('09da9b3a-bc50-418c-b5d9-a462b298efc2','7cbc16ff-afa4-464f-8303-681037bf0f92','2025-09-29 06:27:10');
INSERT INTO tool_usage_events VALUES('89725793-88ef-4a3a-a330-501ac2af292b','e45e32df-edb7-4fd3-b83e-1afd4deddee9','2025-09-29 06:27:25');
INSERT INTO tool_usage_events VALUES('bab6d024-211e-4e68-8362-256cf7e74ba1','dd7e734b-7dc4-4110-8515-e8ed9af64ad0','2025-09-29 06:27:39');
INSERT INTO tool_usage_events VALUES('6e5b6d64-d9a7-4c1d-b519-44f260e7316f','158b17ac-f637-4943-b46e-abb8a8c8e859','2025-09-29 06:54:59');
INSERT INTO tool_usage_events VALUES('d09b38a6-4467-40ce-9d65-874a99a6fb1b','57cfcfe0-8e3e-4b60-94e7-c02c3ceff999','2025-09-29 07:04:03');
INSERT INTO tool_usage_events VALUES('d95a8ced-2cfb-4b06-8985-d769448be24b','57cfcfe0-8e3e-4b60-94e7-c02c3ceff999','2025-09-29 09:53:02');
INSERT INTO tool_usage_events VALUES('41a48992-42de-4594-9d61-87c6ba6be600','57cfcfe0-8e3e-4b60-94e7-c02c3ceff999','2025-09-29 10:59:36');
INSERT INTO tool_usage_events VALUES('6b735f9e-c552-44dd-a837-d2f5f723efbc','caafd2b0-6e2a-4374-b687-f00ae6aa8968','2025-09-29 10:59:45');
INSERT INTO tool_usage_events VALUES('5df04d64-cb7e-444b-80fc-1bc0592f7f11','344ba45a-bd03-44aa-b588-abd920c8a843','2025-09-30 02:11:54');
INSERT INTO tool_usage_events VALUES('220a6aac-05a6-4d57-a027-2dc46d70cf73','344ba45a-bd03-44aa-b588-abd920c8a843','2025-09-30 02:12:31');
INSERT INTO tool_usage_events VALUES('a315a912-3144-4505-827a-5ae52ffee850','4d321857-c3f1-4996-9d32-e20eec9701ee','2025-09-30 02:13:19');
INSERT INTO tool_usage_events VALUES('7d0d00d8-9ace-4db2-a93b-5edfdacbd65c','57cfcfe0-8e3e-4b60-94e7-c02c3ceff999','2025-09-30 03:35:50');
INSERT INTO tool_usage_events VALUES('004412e3-45d4-4abf-82b9-d47882eb8e33','57cfcfe0-8e3e-4b60-94e7-c02c3ceff999','2025-09-30 03:40:34');
INSERT INTO tool_usage_events VALUES('391d4fcb-63ae-45bd-ab15-8901e57614c3','33b6f7b6-c0b7-45d8-9f1b-e448465bcabe','2025-09-30 10:58:01');
INSERT INTO tool_usage_events VALUES('d43fa486-0df7-4d34-83a2-798f41d0a6ec','4d321857-c3f1-4996-9d32-e20eec9701ee','2025-09-30 10:58:18');
INSERT INTO tool_usage_events VALUES('a6127d4c-b4bb-438c-85a0-5812d7e4b745','c5b2b9dc-b15b-4603-97c8-5e5963a6cc2c','2025-10-09 02:15:52');
INSERT INTO tool_usage_events VALUES('2023fb98-d123-4365-86fd-8444a41c6d31','c5b2b9dc-b15b-4603-97c8-5e5963a6cc2c','2025-10-09 02:16:04');
INSERT INTO tool_usage_events VALUES('97b96c21-2443-46ab-8600-7cb93ecf10db','c5b2b9dc-b15b-4603-97c8-5e5963a6cc2c','2025-10-09 02:18:22');
INSERT INTO tool_usage_events VALUES('cb25e4c3-8dc6-4b5a-beec-1e230e5e8253','786df662-79b5-446a-bde5-4bd282788a6c','2025-10-09 02:41:47');
INSERT INTO tool_usage_events VALUES('a2cd860c-9d0b-4cc6-b8ae-a26dd9cfa419','4d321857-c3f1-4996-9d32-e20eec9701ee','2025-10-09 02:45:53');
INSERT INTO tool_usage_events VALUES('1ae56ce1-eb94-49d7-96ca-4763f2d9b96c','62c557c1-a867-4610-813e-4de6a2641f88','2025-10-09 03:47:10');
INSERT INTO tool_usage_events VALUES('30651fcb-0c1c-4368-a399-c116c102a033','c5b2b9dc-b15b-4603-97c8-5e5963a6cc2c','2025-10-09 11:11:11');
INSERT INTO tool_usage_events VALUES('a2a25507-3368-45a8-9fe1-dfc7eb3038ab','c5b2b9dc-b15b-4603-97c8-5e5963a6cc2c','2025-10-09 11:11:16');
INSERT INTO tool_usage_events VALUES('7786e2f7-2790-43f9-93cb-c39c34bc3a19','57cfcfe0-8e3e-4b60-94e7-c02c3ceff999','2025-10-10 03:16:29');
INSERT INTO tool_usage_events VALUES('ac67f628-5bbb-48ae-8e1a-a127375806e1','57cfcfe0-8e3e-4b60-94e7-c02c3ceff999','2025-10-10 03:16:37');
INSERT INTO tool_usage_events VALUES('50662428-9f95-4d0e-a45c-55c75024d0d9','18d54f45-fdd3-4cde-9261-dfadd3d756c1','2025-10-10 07:33:58');
INSERT INTO tool_usage_events VALUES('deabea6f-083c-4961-8522-5985564afda6','7cdfa366-a184-40af-8261-e5ffc449d225','2025-10-10 07:34:16');
INSERT INTO tool_usage_events VALUES('1ffdd8ad-290f-471d-aa4a-46e9eb91816d','7cdfa366-a184-40af-8261-e5ffc449d225','2025-10-10 07:34:23');
INSERT INTO tool_usage_events VALUES('f5a9e5b4-1d14-4261-a5fc-4b344a1e7f79','57cfcfe0-8e3e-4b60-94e7-c02c3ceff999','2025-10-10 11:30:29');
INSERT INTO tool_usage_events VALUES('2be453f4-0d9c-4bb3-8d3d-ffc36cf24665','18d54f45-fdd3-4cde-9261-dfadd3d756c1','2025-10-11 03:17:23');
INSERT INTO tool_usage_events VALUES('0db28306-fa38-4200-b2eb-6889b482894d','2e72a9d6-92f8-4e03-a16f-5a5c3afbfbb1','2025-10-11 03:17:55');
INSERT INTO tool_usage_events VALUES('e9c6cbaa-04a9-4bd1-9b38-f27bbeb66767','62c557c1-a867-4610-813e-4de6a2641f88','2025-10-11 03:40:50');
INSERT INTO tool_usage_events VALUES('b83791ce-98f4-4c67-bf7b-2211b01a693c','62c557c1-a867-4610-813e-4de6a2641f88','2025-10-11 03:40:52');
INSERT INTO tool_usage_events VALUES('3117ff44-6d5f-4158-9c0a-3ccab66a90d8','62c557c1-a867-4610-813e-4de6a2641f88','2025-10-11 03:40:56');
INSERT INTO tool_usage_events VALUES('0ed9e13d-e4ea-49a9-b484-aabea31b9950','62c557c1-a867-4610-813e-4de6a2641f88','2025-10-11 03:41:02');
INSERT INTO tool_usage_events VALUES('a05033b3-b25a-4c35-a2d7-46f6f27a5a70','c5b2b9dc-b15b-4603-97c8-5e5963a6cc2c','2025-10-11 05:43:34');
INSERT INTO tool_usage_events VALUES('f1a8d66d-1199-475e-847b-0c3cfc91d2e7','c5b2b9dc-b15b-4603-97c8-5e5963a6cc2c','2025-10-11 05:43:48');
INSERT INTO tool_usage_events VALUES('eb87855b-d29d-4414-b410-c8989c486f42','c5b2b9dc-b15b-4603-97c8-5e5963a6cc2c','2025-10-11 05:43:56');
INSERT INTO tool_usage_events VALUES('816ed6a9-5c47-4624-aea9-e022b5f78e12','c5b2b9dc-b15b-4603-97c8-5e5963a6cc2c','2025-10-11 07:05:26');
INSERT INTO tool_usage_events VALUES('d6d9d007-123f-4e51-8b87-d92a5bd22e40','46dd1060-8ef9-4095-a36e-485215e8db48','2025-10-11 07:34:44');
INSERT INTO tool_usage_events VALUES('1b414c6f-77f4-405c-a021-aacaaa9ed7fb','c5b2b9dc-b15b-4603-97c8-5e5963a6cc2c','2025-10-11 08:09:23');
INSERT INTO tool_usage_events VALUES('e2991e57-aba4-4a70-93a3-d7390ce0eb5b','46dd1060-8ef9-4095-a36e-485215e8db48','2025-10-11 08:11:46');
INSERT INTO tool_usage_events VALUES('c498a121-c00f-4520-aee4-8ee42a4cdba0','57cfcfe0-8e3e-4b60-94e7-c02c3ceff999','2025-10-11 08:13:26');
INSERT INTO tool_usage_events VALUES('797964cc-8872-4c08-abf0-76592a1c6dba','2e72a9d6-92f8-4e03-a16f-5a5c3afbfbb1','2025-10-11 08:13:59');
INSERT INTO tool_usage_events VALUES('fd611ca6-c6c5-4e49-92c5-75b8b5f5e4ec','2e72a9d6-92f8-4e03-a16f-5a5c3afbfbb1','2025-10-11 08:14:03');
INSERT INTO tool_usage_events VALUES('28483243-37fc-42f8-9374-3a8e21eaddac','6c15bb01-5b64-40d9-ab42-08ff3df37c4c','2025-10-11 08:14:37');
INSERT INTO tool_usage_events VALUES('25dde00e-057c-4e43-85ff-2814135d023f','7b31f765-e78d-4e30-b990-edf1b0d7f324','2025-10-11 08:15:02');
INSERT INTO tool_usage_events VALUES('706a44e4-ab30-46ea-bbc1-3e04abf0fe18','c5b2b9dc-b15b-4603-97c8-5e5963a6cc2c','2025-10-11 08:15:08');
INSERT INTO tool_usage_events VALUES('d1f3a96e-4e09-4b01-91f1-91dcd46368fb','21c517e3-c889-4ff1-9bc9-6d3cec15ac2a','2025-10-11 08:15:29');
INSERT INTO tool_usage_events VALUES('7c900d88-9df3-462f-aaff-2e2da838d4d3','57cfcfe0-8e3e-4b60-94e7-c02c3ceff999','2025-10-11 08:25:04');
INSERT INTO tool_usage_events VALUES('f7b23b3d-ccba-4ca8-b945-d0be098fc83b','c5b2b9dc-b15b-4603-97c8-5e5963a6cc2c','2025-10-11 09:51:37');
INSERT INTO tool_usage_events VALUES('0e1bf90a-f313-451d-bad6-eb379b460075','7cdfa366-a184-40af-8261-e5ffc449d225','2025-10-11 11:37:28');
INSERT INTO tool_usage_events VALUES('b42f28de-8cf6-4b44-bee4-a0059929b9fe','7cdfa366-a184-40af-8261-e5ffc449d225','2025-10-11 11:37:50');
INSERT INTO tool_usage_events VALUES('2b44ae58-749f-491f-8b6a-51b0908e8d07','dc948435-e177-475d-af3d-292534c33947','2025-10-11 11:43:57');
INSERT INTO tool_usage_events VALUES('6f5f7b30-63fc-4035-b280-4326c09c6cdd','4d321857-c3f1-4996-9d32-e20eec9701ee','2025-10-13 03:47:16');
INSERT INTO tool_usage_events VALUES('214896f1-5a83-4f0d-94f7-2b361f2b81f9','786df662-79b5-446a-bde5-4bd282788a6c','2025-10-13 06:06:09');
INSERT INTO tool_usage_events VALUES('f6778cb6-8e39-4ebd-88d2-907c543bac80','d7b9d813-ed91-49f1-9e7f-b9ee4a70c110','2025-10-13 08:09:29');
INSERT INTO tool_usage_events VALUES('5acb0367-feaf-4535-8b78-652e7404e32d','786df662-79b5-446a-bde5-4bd282788a6c','2025-10-13 08:12:26');
INSERT INTO tool_usage_events VALUES('8289141a-ee05-43ff-a767-d29cad87e940','c5b2b9dc-b15b-4603-97c8-5e5963a6cc2c','2025-10-13 08:22:55');
INSERT INTO tool_usage_events VALUES('9e0aa621-f2e6-40e2-99ca-43df60977c8a','57cfcfe0-8e3e-4b60-94e7-c02c3ceff999','2025-10-13 08:24:03');
INSERT INTO tool_usage_events VALUES('c638ec8d-f659-4943-896f-2d50614eea4b','c5b2b9dc-b15b-4603-97c8-5e5963a6cc2c','2025-10-13 08:24:39');
INSERT INTO tool_usage_events VALUES('7693015d-2c5b-4d15-abaf-7cb02dfe4ae6','9d0ba3ee-0a79-41ee-b650-f2217007d8ae','2025-10-13 09:14:29');
INSERT INTO tool_usage_events VALUES('0b565451-8e17-4465-8d7c-d582196f6e40','158b17ac-f637-4943-b46e-abb8a8c8e859','2025-10-13 09:16:31');
INSERT INTO tool_usage_events VALUES('6ba41d26-6c25-49e4-9014-13097e3d1006','158b17ac-f637-4943-b46e-abb8a8c8e859','2025-10-13 09:16:31');
INSERT INTO tool_usage_events VALUES('09d4e143-9aad-4c0d-9d7b-049f020eb653','158b17ac-f637-4943-b46e-abb8a8c8e859','2025-10-13 09:17:27');
INSERT INTO tool_usage_events VALUES('fa580f20-3ce9-4310-a261-955d6bfe08da','6c15bb01-5b64-40d9-ab42-08ff3df37c4c','2025-10-13 09:17:58');
INSERT INTO tool_usage_events VALUES('4ae328c6-bb85-42cb-aef7-633e26af96c9','6c15bb01-5b64-40d9-ab42-08ff3df37c4c','2025-10-13 09:55:20');
INSERT INTO tool_usage_events VALUES('182edd35-b4af-4908-b057-3265e85b167d','c5b2b9dc-b15b-4603-97c8-5e5963a6cc2c','2025-10-13 10:02:16');
INSERT INTO tool_usage_events VALUES('82436b23-278f-4c20-9065-5193515733c5','57cfcfe0-8e3e-4b60-94e7-c02c3ceff999','2025-10-13 10:23:07');
INSERT INTO tool_usage_events VALUES('a2cb36a1-e4dc-4fef-af15-26ad26639b5c','57cfcfe0-8e3e-4b60-94e7-c02c3ceff999','2025-10-13 11:08:51');
INSERT INTO tool_usage_events VALUES('b41852ea-66ba-4318-9fae-f6653e341894','57cfcfe0-8e3e-4b60-94e7-c02c3ceff999','2025-10-13 11:25:24');
INSERT INTO tool_usage_events VALUES('5584073f-cfdf-4605-b2f8-2d186542e573','6c15bb01-5b64-40d9-ab42-08ff3df37c4c','2025-10-13 11:41:37');
INSERT INTO tool_usage_events VALUES('37264ca9-09f7-4fc8-82b2-07557ebb3a7d','5b66d6e6-b4e0-413a-b056-b96f560b37cf','2025-10-13 12:01:00');
INSERT INTO tool_usage_events VALUES('3edadce2-685a-4aa3-bff8-692480cb350c','5b66d6e6-b4e0-413a-b056-b96f560b37cf','2025-10-13 12:01:28');
INSERT INTO tool_usage_events VALUES('bcb9217a-bd7e-4536-a217-a2b4373dea22','2e72a9d6-92f8-4e03-a16f-5a5c3afbfbb1','2025-10-13 12:02:43');
INSERT INTO tool_usage_events VALUES('8fd71af6-5cd9-4c1b-a646-46db0db3a0ea','5b66d6e6-b4e0-413a-b056-b96f560b37cf','2025-10-13 12:02:57');
INSERT INTO tool_usage_events VALUES('43ec7c45-baaf-4975-b458-3c4624667089','5b66d6e6-b4e0-413a-b056-b96f560b37cf','2025-10-13 12:02:57');
INSERT INTO tool_usage_events VALUES('4665b996-df6d-4599-befc-b285859ee590','5b66d6e6-b4e0-413a-b056-b96f560b37cf','2025-10-13 12:03:14');
INSERT INTO tool_usage_events VALUES('14422503-9ce1-47dd-96f4-442b9e2b6bc7','c5b2b9dc-b15b-4603-97c8-5e5963a6cc2c','2025-10-14 02:58:39');
INSERT INTO tool_usage_events VALUES('49eaaf71-5790-4338-bd32-bf742131bdbf','d7b9d813-ed91-49f1-9e7f-b9ee4a70c110','2025-10-14 03:53:12');
INSERT INTO tool_usage_events VALUES('606ce082-530b-4e07-b012-8dae2ac0554c','c5b2b9dc-b15b-4603-97c8-5e5963a6cc2c','2025-10-14 03:54:06');
INSERT INTO tool_usage_events VALUES('556917e6-d9b0-40e1-a22e-298db083b330','3f058b10-6c40-48fa-9693-4307b532a5f1','2025-10-14 05:41:58');
INSERT INTO tool_usage_events VALUES('f0d84e64-a99e-48b8-9f03-d3a75a4224df','57cfcfe0-8e3e-4b60-94e7-c02c3ceff999','2025-10-14 07:10:09');
INSERT INTO tool_usage_events VALUES('b4a8363f-900c-4fb4-9627-56b1f8436786','57cfcfe0-8e3e-4b60-94e7-c02c3ceff999','2025-10-14 08:51:29');
INSERT INTO tool_usage_events VALUES('8eb84ac8-71b5-4a5f-b2b0-30cbcb17553c','57cfcfe0-8e3e-4b60-94e7-c02c3ceff999','2025-10-14 08:52:55');
INSERT INTO tool_usage_events VALUES('0cc53c65-c9e7-4e0c-83d8-58a1a0d158f2','57cfcfe0-8e3e-4b60-94e7-c02c3ceff999','2025-10-14 08:53:00');
INSERT INTO tool_usage_events VALUES('7224cbde-28d0-4f71-8178-ccdd2ac906e7','7b31f765-e78d-4e30-b990-edf1b0d7f324','2025-10-14 08:53:11');
INSERT INTO tool_usage_events VALUES('fc3392f2-e9b7-4eab-8f9a-d1cc380c1643','d7b9d813-ed91-49f1-9e7f-b9ee4a70c110','2025-10-14 08:53:24');
INSERT INTO tool_usage_events VALUES('dad4794a-2327-4a68-a813-4a9b1b7a35b3','57cfcfe0-8e3e-4b60-94e7-c02c3ceff999','2025-10-14 08:53:32');
INSERT INTO tool_usage_events VALUES('e0faf1a5-e6c1-4725-8c46-4da69e262bc6','5b66d6e6-b4e0-413a-b056-b96f560b37cf','2025-10-14 08:53:43');
INSERT INTO tool_usage_events VALUES('f63e5cb3-2b2f-4bd3-943f-defdaeadcbf3','57cfcfe0-8e3e-4b60-94e7-c02c3ceff999','2025-10-14 08:54:22');
INSERT INTO tool_usage_events VALUES('41b5a926-5669-416b-b5ba-3a46ea36ca59','2e72a9d6-92f8-4e03-a16f-5a5c3afbfbb1','2025-10-14 09:01:02');
INSERT INTO tool_usage_events VALUES('452fe564-c931-4068-a200-f1a09a3093ea','57cfcfe0-8e3e-4b60-94e7-c02c3ceff999','2025-10-14 09:31:01');
INSERT INTO tool_usage_events VALUES('5f0948ba-c471-46a2-bc6d-fbf4e3ddad8c','33b6f7b6-c0b7-45d8-9f1b-e448465bcabe','2025-10-14 10:20:24');
INSERT INTO tool_usage_events VALUES('c8a9a3b3-b6b6-48a7-9666-f381446a9420','4d7b4ba7-da42-4df2-b56e-8f5e42eaddd4','2025-10-14 10:47:16');
INSERT INTO tool_usage_events VALUES('6a1a8922-63d6-4573-a7ba-e14a286e8583','158b17ac-f637-4943-b46e-abb8a8c8e859','2025-10-14 12:04:12');
INSERT INTO tool_usage_events VALUES('eb76c097-a504-489d-8cce-b5eaf056c3b8','6c15bb01-5b64-40d9-ab42-08ff3df37c4c','2025-10-14 12:07:29');
INSERT INTO tool_usage_events VALUES('cd610587-1ce6-4da5-9edf-fcbaf710f1d1','78d1b64e-e433-454b-8abd-f56e24ac7864','2025-10-14 12:29:44');
INSERT INTO tool_usage_events VALUES('d72f2ca8-8780-4a9a-a5f6-4394b39148f6','c5b2b9dc-b15b-4603-97c8-5e5963a6cc2c','2025-10-15 02:57:00');
INSERT INTO tool_usage_events VALUES('8ff364af-69e1-414d-bb76-d9811b8fe941','78289acd-77a3-4bf4-af53-668631390c4b','2025-10-15 02:57:25');
INSERT INTO tool_usage_events VALUES('8c3472da-b961-42af-91ba-532c6ee2418f','2e72a9d6-92f8-4e03-a16f-5a5c3afbfbb1','2025-10-15 06:05:16');
INSERT INTO tool_usage_events VALUES('b1ddf0ac-3736-4f8b-ba70-b0c99efca253','33b6f7b6-c0b7-45d8-9f1b-e448465bcabe','2025-10-15 06:58:41');
INSERT INTO tool_usage_events VALUES('f6b22f70-8d63-4184-bedf-9e7953a33645','33b6f7b6-c0b7-45d8-9f1b-e448465bcabe','2025-10-15 06:58:51');
INSERT INTO tool_usage_events VALUES('1d63bb38-0a15-4cfc-bf1c-077b72f12c6f','2e72a9d6-92f8-4e03-a16f-5a5c3afbfbb1','2025-10-15 07:55:49');
INSERT INTO tool_usage_events VALUES('f8dd8efd-e459-41c9-9f13-63d6a0c4dfc1','2e72a9d6-92f8-4e03-a16f-5a5c3afbfbb1','2025-10-15 07:55:50');
INSERT INTO tool_usage_events VALUES('bedf191b-eb5b-490c-8041-8275af2b1af9','2e72a9d6-92f8-4e03-a16f-5a5c3afbfbb1','2025-10-15 07:55:50');
INSERT INTO tool_usage_events VALUES('3efdc0da-3131-4832-a820-91cc4a08345f','2e72a9d6-92f8-4e03-a16f-5a5c3afbfbb1','2025-10-15 07:55:53');
INSERT INTO tool_usage_events VALUES('fb791f4b-71e8-4aa3-a4ab-fba0ba4d00f2','33b6f7b6-c0b7-45d8-9f1b-e448465bcabe','2025-10-15 08:01:23');
INSERT INTO tool_usage_events VALUES('e214d650-3342-401d-8ccc-2ba662ab4b31','786df662-79b5-446a-bde5-4bd282788a6c','2025-10-15 09:43:19');
INSERT INTO tool_usage_events VALUES('394121c7-b7fa-4d3e-bedc-b27d3aa0f820','5b66d6e6-b4e0-413a-b056-b96f560b37cf','2025-10-15 09:45:02');
INSERT INTO tool_usage_events VALUES('9ccd1cfe-2f50-44a2-91e4-c7d803ac5c2c','c5b2b9dc-b15b-4603-97c8-5e5963a6cc2c','2025-10-15 09:45:27');
INSERT INTO tool_usage_events VALUES('16c88656-85d0-4679-b92f-20252f1fab01','c5b2b9dc-b15b-4603-97c8-5e5963a6cc2c','2025-10-15 09:48:16');
INSERT INTO tool_usage_events VALUES('82b1823d-727f-48d9-b009-e32bb31a48ed','d7b9d813-ed91-49f1-9e7f-b9ee4a70c110','2025-10-15 09:49:40');
INSERT INTO tool_usage_events VALUES('03e95bf8-f1d2-4efc-90f3-5d01bd712abd','78d1b64e-e433-454b-8abd-f56e24ac7864','2025-10-15 09:54:37');
INSERT INTO tool_usage_events VALUES('a2002ec5-cab5-4632-b93a-caad817cd5f7','786df662-79b5-446a-bde5-4bd282788a6c','2025-10-15 10:26:19');
INSERT INTO tool_usage_events VALUES('b1326b09-e2ea-4028-a438-250be56b4782','786df662-79b5-446a-bde5-4bd282788a6c','2025-10-15 10:27:55');
INSERT INTO tool_usage_events VALUES('17895c9b-539f-4a68-81e8-eac3f867d856','c5b2b9dc-b15b-4603-97c8-5e5963a6cc2c','2025-10-15 12:19:37');
INSERT INTO tool_usage_events VALUES('44bd419b-2e01-493f-8313-d358efafac5a','344ba45a-bd03-44aa-b588-abd920c8a843','2025-10-15 12:58:12');
INSERT INTO tool_usage_events VALUES('9697dd90-088e-4eae-aa04-25674cb19192','33b6f7b6-c0b7-45d8-9f1b-e448465bcabe','2025-10-15 12:58:34');
INSERT INTO tool_usage_events VALUES('480c9f11-ee9f-4a33-9207-d387e63576bd','786df662-79b5-446a-bde5-4bd282788a6c','2025-10-16 02:02:00');
INSERT INTO tool_usage_events VALUES('44375100-b5a2-4369-8507-8550621a29ff','c5b2b9dc-b15b-4603-97c8-5e5963a6cc2c','2025-10-16 02:02:55');
INSERT INTO tool_usage_events VALUES('a18eeb6b-b76f-40af-bb7c-f5cb5f07efe6','33b6f7b6-c0b7-45d8-9f1b-e448465bcabe','2025-10-16 02:11:56');
INSERT INTO tool_usage_events VALUES('e8a56f2b-cd06-4bf7-b32d-396c81b09771','33b6f7b6-c0b7-45d8-9f1b-e448465bcabe','2025-10-16 02:12:33');
INSERT INTO tool_usage_events VALUES('e103f088-7c8b-487b-8de6-1a0412cf4abc','c5b2b9dc-b15b-4603-97c8-5e5963a6cc2c','2025-10-16 03:39:09');
INSERT INTO tool_usage_events VALUES('8aa5542b-8c9b-488e-9bd1-4cf9e7786dfd','786df662-79b5-446a-bde5-4bd282788a6c','2025-10-16 03:39:20');
INSERT INTO tool_usage_events VALUES('bde779be-f842-49e8-acb1-56e7d43e57a5','4d321857-c3f1-4996-9d32-e20eec9701ee','2025-10-16 08:23:48');
INSERT INTO tool_usage_events VALUES('d7e42a30-15a1-4f1f-8ceb-97ce978021b6','78289acd-77a3-4bf4-af53-668631390c4b','2025-10-16 09:01:07');
INSERT INTO tool_usage_events VALUES('94e7e711-d1bc-4e1b-911e-b722f242b3a2','1b38545d-6060-4486-9654-e94f8063ab61','2025-10-16 09:40:05');
INSERT INTO tool_usage_events VALUES('b7f50ed9-115e-4bfb-94ac-7a1cb16c49c9','78289acd-77a3-4bf4-af53-668631390c4b','2025-10-16 11:47:36');
INSERT INTO tool_usage_events VALUES('e199de79-dbcc-48f6-b354-e8da30d9159a','57cfcfe0-8e3e-4b60-94e7-c02c3ceff999','2025-10-16 12:05:01');
INSERT INTO tool_usage_events VALUES('e51be879-549b-4575-a3f5-07121b484917','33b6f7b6-c0b7-45d8-9f1b-e448465bcabe','2025-10-16 13:21:10');
INSERT INTO tool_usage_events VALUES('a725cb7e-c507-4fdc-88a0-7e52c2daceba','c5b2b9dc-b15b-4603-97c8-5e5963a6cc2c','2025-10-17 02:21:14');
INSERT INTO tool_usage_events VALUES('938ecdd8-47c4-4ec9-8f61-13d2426dff74','c5b2b9dc-b15b-4603-97c8-5e5963a6cc2c','2025-10-17 02:43:28');
INSERT INTO tool_usage_events VALUES('20dddae0-0f2a-4851-a5cc-475ca5596942','33b6f7b6-c0b7-45d8-9f1b-e448465bcabe','2025-10-17 03:42:19');
INSERT INTO tool_usage_events VALUES('fcc3cf66-81fa-41f2-9a01-0be5d1afc287','c5b2b9dc-b15b-4603-97c8-5e5963a6cc2c','2025-10-17 05:36:03');
INSERT INTO tool_usage_events VALUES('c1590128-9de1-4885-87e9-f64e800981d0','786df662-79b5-446a-bde5-4bd282788a6c','2025-10-17 05:36:45');
INSERT INTO tool_usage_events VALUES('6b82fa19-dcb3-4304-90a0-71b6d63d4ca3','6c15bb01-5b64-40d9-ab42-08ff3df37c4c','2025-10-17 06:04:29');
INSERT INTO tool_usage_events VALUES('0d24e35c-8c96-433b-845c-1264b1b652cf','7cdfa366-a184-40af-8261-e5ffc449d225','2025-10-17 07:01:27');
INSERT INTO tool_usage_events VALUES('a41c8daa-7f13-4cc2-903b-2c81c542f57a','57cfcfe0-8e3e-4b60-94e7-c02c3ceff999','2025-10-17 08:11:49');
INSERT INTO tool_usage_events VALUES('4702dde3-4ad4-427e-98a8-2440fb7b2117','018c4c50-efcb-4f53-ae4c-48834b277ab2','2025-10-17 11:36:38');
INSERT INTO tool_usage_events VALUES('d1eb10fc-3af1-4bc1-93c9-04ed87ace5a1','018c4c50-efcb-4f53-ae4c-48834b277ab2','2025-10-17 13:00:54');
INSERT INTO tool_usage_events VALUES('19a1445c-52f9-454a-b528-81ec663ed91e','4d321857-c3f1-4996-9d32-e20eec9701ee','2025-10-17 13:37:43');
INSERT INTO tool_usage_events VALUES('323ffa94-0b13-4a6c-ab33-4404c570c29d','344ba45a-bd03-44aa-b588-abd920c8a843','2025-10-17 14:57:12');
INSERT INTO tool_usage_events VALUES('4a9c530d-54f0-4c1b-b24b-b831d7b0a4aa','33b6f7b6-c0b7-45d8-9f1b-e448465bcabe','2025-10-17 14:57:16');
INSERT INTO tool_usage_events VALUES('4356fdb6-94a5-4cf6-b2aa-90d3eed9de84','4d321857-c3f1-4996-9d32-e20eec9701ee','2025-10-17 15:19:08');
INSERT INTO tool_usage_events VALUES('4ab0ea70-40fb-4d02-9105-1c58c0c3babe','33b6f7b6-c0b7-45d8-9f1b-e448465bcabe','2025-10-17 15:21:52');
INSERT INTO tool_usage_events VALUES('0db4ee7a-62fa-4d7e-b6e0-8642f859ee66','4d321857-c3f1-4996-9d32-e20eec9701ee','2025-10-17 15:47:39');
INSERT INTO tool_usage_events VALUES('4fafcd02-39b5-4e1c-9ceb-0ef79a2c7020','4d321857-c3f1-4996-9d32-e20eec9701ee','2025-10-17 15:57:02');
INSERT INTO tool_usage_events VALUES('f2477b53-d079-4666-bb16-4107c9c65b83','018c4c50-efcb-4f53-ae4c-48834b277ab2','2025-10-19 04:53:52');
INSERT INTO tool_usage_events VALUES('56a25de4-2248-46de-a595-3ed86f3c3e23','6c15bb01-5b64-40d9-ab42-08ff3df37c4c','2025-10-19 05:24:35');
INSERT INTO tool_usage_events VALUES('4f06861a-ef08-47b9-8a40-6d1500e1d27a','6c15bb01-5b64-40d9-ab42-08ff3df37c4c','2025-10-19 05:24:44');
INSERT INTO tool_usage_events VALUES('691d29e7-3b33-4903-9bd4-66ebdae7afc4','57cfcfe0-8e3e-4b60-94e7-c02c3ceff999','2025-10-19 06:28:06');
INSERT INTO tool_usage_events VALUES('0e0680ab-8bdc-40aa-9d9a-95ccd7effb66','33b6f7b6-c0b7-45d8-9f1b-e448465bcabe','2025-10-20 02:25:56');
INSERT INTO tool_usage_events VALUES('1b90c976-3275-4a2a-8abb-3d93d11b999f','33b6f7b6-c0b7-45d8-9f1b-e448465bcabe','2025-10-20 02:26:02');
INSERT INTO tool_usage_events VALUES('e84f4641-0cc7-4f5e-a91d-53cd8ad1be23','2e72a9d6-92f8-4e03-a16f-5a5c3afbfbb1','2025-10-20 02:39:36');
INSERT INTO tool_usage_events VALUES('d6717a0a-63f8-4423-b081-facf71a96793','4d321857-c3f1-4996-9d32-e20eec9701ee','2025-10-20 02:43:28');
INSERT INTO tool_usage_events VALUES('9eed9544-2076-45bd-9d17-013e51c9d318','c5b2b9dc-b15b-4603-97c8-5e5963a6cc2c','2025-10-20 02:55:48');
INSERT INTO tool_usage_events VALUES('3c0a7be4-a06d-4f5e-afba-b71257601748','33b6f7b6-c0b7-45d8-9f1b-e448465bcabe','2025-10-20 03:53:03');
INSERT INTO tool_usage_events VALUES('236fcf03-7df5-49fa-ada7-4c1b050d5b90','33b6f7b6-c0b7-45d8-9f1b-e448465bcabe','2025-10-20 03:55:31');
INSERT INTO tool_usage_events VALUES('a38fdae1-e70f-4d20-9b0b-b6a53fa2f66a','33b6f7b6-c0b7-45d8-9f1b-e448465bcabe','2025-10-20 06:02:28');
INSERT INTO tool_usage_events VALUES('4bc89065-21f2-4dad-8670-28087d9194bc','78289acd-77a3-4bf4-af53-668631390c4b','2025-10-20 06:28:50');
INSERT INTO tool_usage_events VALUES('d489da54-1215-44e4-8150-f05b3b576ebe','786df662-79b5-446a-bde5-4bd282788a6c','2025-10-20 06:38:20');
INSERT INTO tool_usage_events VALUES('219f5ff0-9529-4efe-880f-e352ef9fe25a','786df662-79b5-446a-bde5-4bd282788a6c','2025-10-20 06:50:19');
INSERT INTO tool_usage_events VALUES('e92a6bc6-2e9c-4ebc-ab00-67552ad6b67d','c5b2b9dc-b15b-4603-97c8-5e5963a6cc2c','2025-10-20 06:53:49');
INSERT INTO tool_usage_events VALUES('b3c0e5d4-bc96-410c-bbf2-67b9c82d6936','786df662-79b5-446a-bde5-4bd282788a6c','2025-10-20 07:26:44');
INSERT INTO tool_usage_events VALUES('6d477d03-a4f8-440d-af35-d2ebdd311b20','c5b2b9dc-b15b-4603-97c8-5e5963a6cc2c','2025-10-20 07:27:46');
INSERT INTO tool_usage_events VALUES('449c65e6-2209-41d9-a448-984e8d6ad83f','78289acd-77a3-4bf4-af53-668631390c4b','2025-10-20 07:29:01');
INSERT INTO tool_usage_events VALUES('dafdabfc-b37a-4e44-b5ac-14ccf5b6ccae','c5b2b9dc-b15b-4603-97c8-5e5963a6cc2c','2025-10-20 07:48:09');
INSERT INTO tool_usage_events VALUES('df918673-4904-43f4-9ffb-c3a3c7c92a93','786df662-79b5-446a-bde5-4bd282788a6c','2025-10-20 10:28:43');
INSERT INTO tool_usage_events VALUES('54b96536-db60-4972-90bb-b98ae20f3a8c','c5b2b9dc-b15b-4603-97c8-5e5963a6cc2c','2025-10-20 10:47:06');
INSERT INTO tool_usage_events VALUES('41aba701-8d07-49f2-8f0a-eb7f274b2ec1','786df662-79b5-446a-bde5-4bd282788a6c','2025-10-20 10:47:23');
INSERT INTO tool_usage_events VALUES('62c8bfbb-1883-4000-b3fe-72840c83231e','6c15bb01-5b64-40d9-ab42-08ff3df37c4c','2025-10-20 10:55:46');
INSERT INTO tool_usage_events VALUES('2183df09-fa3c-4861-b09f-26b5868e83f3','6c15bb01-5b64-40d9-ab42-08ff3df37c4c','2025-10-20 10:55:47');
INSERT INTO tool_usage_events VALUES('ce1e9ff8-dc1d-49ce-bbfd-dabb8042287b','158b17ac-f637-4943-b46e-abb8a8c8e859','2025-10-20 10:55:55');
INSERT INTO tool_usage_events VALUES('3cdffce6-e390-469d-96c3-9c081f410382','158b17ac-f637-4943-b46e-abb8a8c8e859','2025-10-20 10:55:55');
INSERT INTO tool_usage_events VALUES('0a4f47dd-8f21-49ee-98e9-e5b0c6b1a313','158b17ac-f637-4943-b46e-abb8a8c8e859','2025-10-20 10:55:55');
INSERT INTO tool_usage_events VALUES('1dafcb77-0c12-4077-967b-8c8ab7cddf26','158b17ac-f637-4943-b46e-abb8a8c8e859','2025-10-20 10:55:56');
INSERT INTO tool_usage_events VALUES('78a2be09-f1f1-449c-8ab3-67d991dc448f','158b17ac-f637-4943-b46e-abb8a8c8e859','2025-10-20 10:55:56');
INSERT INTO tool_usage_events VALUES('d88bf639-5ad4-415e-b99c-37b14647ad0e','158b17ac-f637-4943-b46e-abb8a8c8e859','2025-10-20 10:55:57');
INSERT INTO tool_usage_events VALUES('588a3430-e554-4882-986a-b4cd2bcc4d44','158b17ac-f637-4943-b46e-abb8a8c8e859','2025-10-20 10:56:01');
INSERT INTO tool_usage_events VALUES('989cf62f-a1a1-44ad-bf44-a4c2a098c459','158b17ac-f637-4943-b46e-abb8a8c8e859','2025-10-20 10:56:01');
INSERT INTO tool_usage_events VALUES('c07fa67f-182e-4ddf-88d9-c7cfd777f2fe','158b17ac-f637-4943-b46e-abb8a8c8e859','2025-10-20 10:56:01');
INSERT INTO tool_usage_events VALUES('830838e7-5968-416e-b360-99123f2969d2','158b17ac-f637-4943-b46e-abb8a8c8e859','2025-10-20 10:56:03');
INSERT INTO tool_usage_events VALUES('cb54fc77-ea61-4956-83e2-025640d151b4','158b17ac-f637-4943-b46e-abb8a8c8e859','2025-10-20 10:56:04');
INSERT INTO tool_usage_events VALUES('b751e6c2-44f2-4fce-803f-e2a4ca03f3b8','158b17ac-f637-4943-b46e-abb8a8c8e859','2025-10-20 10:56:04');
INSERT INTO tool_usage_events VALUES('86b39292-1c77-4053-98cb-06f3724643d7','158b17ac-f637-4943-b46e-abb8a8c8e859','2025-10-20 10:56:20');
INSERT INTO tool_usage_events VALUES('ec544f57-0a95-4c7b-94cc-23c865a5d09e','158b17ac-f637-4943-b46e-abb8a8c8e859','2025-10-20 10:56:20');
INSERT INTO tool_usage_events VALUES('d88ed286-3567-4e39-b8ab-67c182db4e17','158b17ac-f637-4943-b46e-abb8a8c8e859','2025-10-20 10:56:21');
INSERT INTO tool_usage_events VALUES('9be08b8f-8419-4946-906a-05ba57f48265','158b17ac-f637-4943-b46e-abb8a8c8e859','2025-10-20 10:56:21');
INSERT INTO tool_usage_events VALUES('5efb590c-b306-4aa3-93c9-6507869b1422','158b17ac-f637-4943-b46e-abb8a8c8e859','2025-10-20 10:56:21');
INSERT INTO tool_usage_events VALUES('2812cdd8-e9f4-4fc3-80f3-9cccd570070d','c5b2b9dc-b15b-4603-97c8-5e5963a6cc2c','2025-10-20 11:01:04');
INSERT INTO tool_usage_events VALUES('5f669822-67e0-4959-b97c-e31a464b9592','786df662-79b5-446a-bde5-4bd282788a6c','2025-10-20 11:01:43');
INSERT INTO tool_usage_events VALUES('248525c6-196d-4140-af63-787a45c86af5','b2d2bd1e-a9ec-4503-b0f6-3ff0b885a9e3','2025-10-21 02:41:24');
INSERT INTO tool_usage_events VALUES('818c0e8d-1a55-4d69-adfa-147820385c16','018c4c50-efcb-4f53-ae4c-48834b277ab2','2025-10-21 02:41:30');
INSERT INTO tool_usage_events VALUES('434da3c8-1615-4c46-84ac-4b28a92bad94','9838f4ea-e16a-4601-aa26-2500f1b949e7','2025-10-21 06:09:36');
INSERT INTO tool_usage_events VALUES('f3682e42-047c-48af-bbc6-59ca41f868b6','57cfcfe0-8e3e-4b60-94e7-c02c3ceff999','2025-10-21 06:12:17');
INSERT INTO tool_usage_events VALUES('723318c8-05c3-4644-9d60-4d6145b4bf8c','62c557c1-a867-4610-813e-4de6a2641f88','2025-10-21 06:27:59');
INSERT INTO tool_usage_events VALUES('e4ab7a6d-cc92-4b31-a0ed-927dbef62ac2','c5b2b9dc-b15b-4603-97c8-5e5963a6cc2c','2025-10-21 06:37:41');
INSERT INTO tool_usage_events VALUES('1cecbf07-a157-4777-91c1-b41565405b44','c5b2b9dc-b15b-4603-97c8-5e5963a6cc2c','2025-10-21 07:16:09');
INSERT INTO tool_usage_events VALUES('356cf74f-13e0-4f3e-a02c-235be1829d0a','786df662-79b5-446a-bde5-4bd282788a6c','2025-10-21 07:46:57');
INSERT INTO tool_usage_events VALUES('2c4543ff-1ed3-4c69-9a7e-08d4101338d6','57cfcfe0-8e3e-4b60-94e7-c02c3ceff999','2025-10-21 08:30:48');
INSERT INTO tool_usage_events VALUES('9a22ff3e-15c0-45d8-bdc2-9ed9679110d4','c5b2b9dc-b15b-4603-97c8-5e5963a6cc2c','2025-10-21 08:49:25');
INSERT INTO tool_usage_events VALUES('a1bdeacb-0cea-441b-a0dc-78f74555b41b','c5b2b9dc-b15b-4603-97c8-5e5963a6cc2c','2025-10-21 08:57:02');
INSERT INTO tool_usage_events VALUES('9d8a1b6c-4f31-4300-98c6-ccbedefc05b0','c5b2b9dc-b15b-4603-97c8-5e5963a6cc2c','2025-10-21 08:58:13');
INSERT INTO tool_usage_events VALUES('215f8cdc-915b-4952-94d9-a4864f122ef1','c5b2b9dc-b15b-4603-97c8-5e5963a6cc2c','2025-10-21 09:01:06');
INSERT INTO tool_usage_events VALUES('961add89-6c9f-4f11-bf46-f6636e86048a','c5b2b9dc-b15b-4603-97c8-5e5963a6cc2c','2025-10-21 09:01:11');
INSERT INTO tool_usage_events VALUES('9c8ef12b-c74f-404f-bd1e-663ab9d7f244','c5b2b9dc-b15b-4603-97c8-5e5963a6cc2c','2025-10-21 09:01:16');
INSERT INTO tool_usage_events VALUES('4c520c88-3c7f-470d-bb3f-e84f8b49c954','3f9d24ec-6a18-4efd-979b-df88328fcb7d','2025-10-21 09:10:28');
INSERT INTO tool_usage_events VALUES('26a73537-c295-4573-98b1-492674fa17c2','3f9d24ec-6a18-4efd-979b-df88328fcb7d','2025-10-21 09:10:28');
INSERT INTO tool_usage_events VALUES('5bb972de-8ba9-46fc-b854-d96853378a7f','a3a45a31-d445-4936-b07a-3e9066cb6230','2025-10-21 09:49:00');
INSERT INTO tool_usage_events VALUES('042e0223-af10-4a2e-9b76-6b310088e293','3f058b10-6c40-48fa-9693-4307b532a5f1','2025-10-21 09:49:19');
INSERT INTO tool_usage_events VALUES('5de0d964-6f79-4bf1-9aca-adcec181860d','57cfcfe0-8e3e-4b60-94e7-c02c3ceff999','2025-10-21 09:49:51');
INSERT INTO tool_usage_events VALUES('d971a3cd-b107-4096-8b64-0d00db227da8','c5b2b9dc-b15b-4603-97c8-5e5963a6cc2c','2025-10-21 11:28:34');
INSERT INTO tool_usage_events VALUES('372a042b-a6e8-455b-b8ce-869ef8943116','3f9d24ec-6a18-4efd-979b-df88328fcb7d','2025-10-21 11:28:44');
INSERT INTO tool_usage_events VALUES('554a9b62-229e-40c1-9917-6aa4deb854c1','3f9d24ec-6a18-4efd-979b-df88328fcb7d','2025-10-21 11:28:44');
INSERT INTO tool_usage_events VALUES('e165dc53-c888-4dbc-8bc7-6a28d6abf63f','57cfcfe0-8e3e-4b60-94e7-c02c3ceff999','2025-10-22 08:35:06');
INSERT INTO tool_usage_events VALUES('8c924bda-3504-46a0-ad66-e0fde800f00a','57cfcfe0-8e3e-4b60-94e7-c02c3ceff999','2025-10-22 08:35:07');
INSERT INTO tool_usage_events VALUES('06203ba3-7319-4cb8-9b2e-1109e0ea9e21','0277fcf4-e502-431d-a29e-8028cc6ddebf','2025-10-23 09:15:31');
INSERT INTO tool_usage_events VALUES('e97c287b-561d-417c-a710-b440cb1a5765','57cfcfe0-8e3e-4b60-94e7-c02c3ceff999','2025-10-24 02:51:33');
INSERT INTO tool_usage_events VALUES('e1fc6188-745c-441b-b195-8459bdf30d07','57cfcfe0-8e3e-4b60-94e7-c02c3ceff999','2025-10-24 02:51:33');
INSERT INTO tool_usage_events VALUES('8f79e66f-84d4-4b0e-930a-f650622f64a3','c5b2b9dc-b15b-4603-97c8-5e5963a6cc2c','2025-10-24 07:54:50');
INSERT INTO tool_usage_events VALUES('74ed0373-60e3-48a7-a68c-26448faca2d4','57cfcfe0-8e3e-4b60-94e7-c02c3ceff999','2025-10-24 09:34:28');
INSERT INTO tool_usage_events VALUES('beb7a105-f0bf-4c1d-9d2b-3fc76f33b098','57cfcfe0-8e3e-4b60-94e7-c02c3ceff999','2025-10-27 02:56:28');
INSERT INTO tool_usage_events VALUES('0023b6e5-265f-42ec-b70a-7b1320413326','1b38545d-6060-4486-9654-e94f8063ab61','2025-10-27 10:04:17');
INSERT INTO tool_usage_events VALUES('57e9521e-a0e3-460a-9654-23aa072c94d0','57cfcfe0-8e3e-4b60-94e7-c02c3ceff999','2025-10-27 10:35:41');
INSERT INTO tool_usage_events VALUES('4b44e0fd-997d-4d3a-9de4-47e96099716b','018c4c50-efcb-4f53-ae4c-48834b277ab2','2025-10-27 10:50:27');
INSERT INTO tool_usage_events VALUES('2cf5b3ef-0c23-49f9-8c66-6f7b521f282d','57cfcfe0-8e3e-4b60-94e7-c02c3ceff999','2025-10-27 10:56:30');
INSERT INTO tool_usage_events VALUES('9fd8937e-fae6-4032-af21-5d554ec6d24b','1b38545d-6060-4486-9654-e94f8063ab61','2025-10-27 11:05:07');
INSERT INTO tool_usage_events VALUES('36ad29f8-cb69-46e8-935d-6a2468facc2d','57cfcfe0-8e3e-4b60-94e7-c02c3ceff999','2025-10-27 11:05:12');
INSERT INTO tool_usage_events VALUES('29e52fb0-0371-4535-8464-80e965f4cb5a','018c4c50-efcb-4f53-ae4c-48834b277ab2','2025-10-27 11:16:03');
INSERT INTO tool_usage_events VALUES('8c85b3c2-7521-443a-838d-5b4bdc9ae5ab','57cfcfe0-8e3e-4b60-94e7-c02c3ceff999','2025-10-27 12:05:43');
INSERT INTO tool_usage_events VALUES('c32fb233-4dda-4f9a-984d-aedb2aaefb6d','5b66d6e6-b4e0-413a-b056-b96f560b37cf','2025-10-28 02:46:12');
INSERT INTO tool_usage_events VALUES('8bc22b49-06af-4df7-a082-4148c196cc6c','57cfcfe0-8e3e-4b60-94e7-c02c3ceff999','2025-10-28 02:52:10');
INSERT INTO tool_usage_events VALUES('e4b5f22e-00cf-4f2f-b67b-ea7f512a7973','c5b2b9dc-b15b-4603-97c8-5e5963a6cc2c','2025-10-28 06:12:47');
INSERT INTO tool_usage_events VALUES('037621eb-5d1e-499f-afb7-b4586e04a6d1','c5b2b9dc-b15b-4603-97c8-5e5963a6cc2c','2025-10-28 06:12:59');
INSERT INTO tool_usage_events VALUES('b1703caf-fd1f-410b-9cf5-c553679d0cbf','2e72a9d6-92f8-4e03-a16f-5a5c3afbfbb1','2025-10-28 08:22:03');
INSERT INTO tool_usage_events VALUES('fe9337e1-ac05-407a-ae85-c39a9c278c8b','4d321857-c3f1-4996-9d32-e20eec9701ee','2025-10-28 10:00:10');
INSERT INTO tool_usage_events VALUES('46745567-db19-45db-b5ac-f5ff03259fe0','2e72a9d6-92f8-4e03-a16f-5a5c3afbfbb1','2025-10-28 11:55:33');
INSERT INTO tool_usage_events VALUES('3bd07ad8-6c48-45b5-be2e-eb4d00ea90b6','2e72a9d6-92f8-4e03-a16f-5a5c3afbfbb1','2025-10-28 11:55:33');
INSERT INTO tool_usage_events VALUES('331ba849-abec-4492-a479-622209b4c677','2e72a9d6-92f8-4e03-a16f-5a5c3afbfbb1','2025-10-28 11:55:34');
INSERT INTO tool_usage_events VALUES('dd33b7a6-3ad1-467f-b65b-264d1e26b710','2e72a9d6-92f8-4e03-a16f-5a5c3afbfbb1','2025-10-28 11:55:35');
INSERT INTO tool_usage_events VALUES('30743000-b150-4070-9aa2-d2f7d92839be','2e72a9d6-92f8-4e03-a16f-5a5c3afbfbb1','2025-10-28 11:55:36');
INSERT INTO tool_usage_events VALUES('01148c8b-c14a-4e0b-adb5-be8ebf5253eb','2e72a9d6-92f8-4e03-a16f-5a5c3afbfbb1','2025-10-28 11:55:36');
INSERT INTO tool_usage_events VALUES('9b9a0e51-a406-4fbc-b253-d8ba8ad1eb3a','2e72a9d6-92f8-4e03-a16f-5a5c3afbfbb1','2025-10-28 11:55:38');
INSERT INTO tool_usage_events VALUES('799526f2-e484-476a-9eca-f84031f428ce','57cfcfe0-8e3e-4b60-94e7-c02c3ceff999','2025-10-28 11:59:10');
INSERT INTO tool_usage_events VALUES('c9e671ef-7779-4cbe-9fe8-ebe590e951ee','2e72a9d6-92f8-4e03-a16f-5a5c3afbfbb1','2025-10-28 12:47:24');
INSERT INTO tool_usage_events VALUES('09ac1081-6cc8-45c9-a310-4e005f73db15','46dd1060-8ef9-4095-a36e-485215e8db48','2025-10-28 12:55:54');
INSERT INTO tool_usage_events VALUES('b149ee54-6511-4498-9f6d-0d25694f29a8','57cfcfe0-8e3e-4b60-94e7-c02c3ceff999','2025-10-29 02:51:21');
INSERT INTO tool_usage_events VALUES('3422d057-2b0a-4838-b4f4-7cb4f1f1632d','2e72a9d6-92f8-4e03-a16f-5a5c3afbfbb1','2025-10-29 07:17:33');
INSERT INTO tool_usage_events VALUES('ad5e4878-cd9b-4f87-8d6a-5246a796f4b9','e45e32df-edb7-4fd3-b83e-1afd4deddee9','2025-10-29 14:31:58');
INSERT INTO tool_usage_events VALUES('6b3ed4af-46d5-4b10-92bc-27ce2b42fe63','57cfcfe0-8e3e-4b60-94e7-c02c3ceff999','2025-10-29 14:54:36');
INSERT INTO tool_usage_events VALUES('338cc911-109e-4e96-95b4-13089ced9d1f','c5b2b9dc-b15b-4603-97c8-5e5963a6cc2c','2025-10-29 14:55:11');
INSERT INTO tool_usage_events VALUES('4c48fad2-a5f6-4255-992c-fc7addcaaca4','9d0ba3ee-0a79-41ee-b650-f2217007d8ae','2025-10-29 14:55:15');
INSERT INTO tool_usage_events VALUES('572715b2-d50c-4359-a43d-81e2dd174916','78289acd-77a3-4bf4-af53-668631390c4b','2025-10-29 14:55:23');
INSERT INTO tool_usage_events VALUES('a46bc76a-8c15-4a72-ae32-cac86d7a82e6','57cfcfe0-8e3e-4b60-94e7-c02c3ceff999','2025-10-30 02:58:43');
INSERT INTO tool_usage_events VALUES('a12cb719-5bc0-4bdc-b107-1c75c569db71','57cfcfe0-8e3e-4b60-94e7-c02c3ceff999','2025-10-30 11:18:45');
INSERT INTO tool_usage_events VALUES('d959c9fa-6043-4ef3-b84a-630079f91c34','018c4c50-efcb-4f53-ae4c-48834b277ab2','2025-10-30 11:20:20');
INSERT INTO tool_usage_events VALUES('2e0630c7-5e10-4136-98da-9ce169873eef','57cfcfe0-8e3e-4b60-94e7-c02c3ceff999','2025-10-30 13:49:25');
INSERT INTO tool_usage_events VALUES('b6253fe7-0242-4b2b-9a39-08ed835906ea','57cfcfe0-8e3e-4b60-94e7-c02c3ceff999','2025-10-31 02:55:33');
INSERT INTO tool_usage_events VALUES('33d9f55f-06eb-4afd-b104-8c23cfe909f6','158b17ac-f637-4943-b46e-abb8a8c8e859','2025-10-31 03:08:12');
INSERT INTO tool_usage_events VALUES('07dc8129-f05f-45fc-bfbb-70cb8c8955d4','2e72a9d6-92f8-4e03-a16f-5a5c3afbfbb1','2025-10-31 04:56:23');
INSERT INTO tool_usage_events VALUES('534f32b2-c435-48f5-a15a-26a4a09b0802','c5b2b9dc-b15b-4603-97c8-5e5963a6cc2c','2025-10-31 08:45:48');
INSERT INTO tool_usage_events VALUES('fa8e018a-84d1-485f-8a9c-41811cc1000a','c5b2b9dc-b15b-4603-97c8-5e5963a6cc2c','2025-10-31 08:55:51');
INSERT INTO tool_usage_events VALUES('7535d104-90db-4bba-b574-a64fb5390a1b','c5b2b9dc-b15b-4603-97c8-5e5963a6cc2c','2025-10-31 08:59:14');
INSERT INTO tool_usage_events VALUES('d2de223b-15e5-4ebd-b8e2-2811f425446f','4d321857-c3f1-4996-9d32-e20eec9701ee','2025-10-31 09:36:10');
INSERT INTO tool_usage_events VALUES('b5647c4e-3a36-462e-8f8d-7f2eb2fe1255','57cfcfe0-8e3e-4b60-94e7-c02c3ceff999','2025-10-31 09:36:17');
INSERT INTO tool_usage_events VALUES('f70a5962-6dcb-4f2d-89db-97f8a30a2020','c5b2b9dc-b15b-4603-97c8-5e5963a6cc2c','2025-10-31 09:50:50');
INSERT INTO tool_usage_events VALUES('aea914d5-95f4-415c-b2f1-e94aa2f894b1','c5b2b9dc-b15b-4603-97c8-5e5963a6cc2c','2025-10-31 09:51:14');
INSERT INTO tool_usage_events VALUES('58e0f221-43b4-49a5-b2f4-f518679612d1','57cfcfe0-8e3e-4b60-94e7-c02c3ceff999','2025-10-31 10:31:24');
INSERT INTO tool_usage_events VALUES('a0fc9f2c-6a62-4487-96b9-10f172c06b18','2e72a9d6-92f8-4e03-a16f-5a5c3afbfbb1','2025-10-31 11:25:41');
INSERT INTO tool_usage_events VALUES('cae831cd-2ce2-4a71-8fea-7f8e23a8cec5','67d25f42-0a92-42fb-9c38-a72ed96d2d61','2025-11-01 02:32:08');
INSERT INTO tool_usage_events VALUES('163add1a-9f78-45b8-94a5-ffe6cde1fe20','62c557c1-a867-4610-813e-4de6a2641f88','2025-11-01 02:40:52');
INSERT INTO tool_usage_events VALUES('7c8a3caf-dcac-4f86-a801-2dde82cc37e1','57cfcfe0-8e3e-4b60-94e7-c02c3ceff999','2025-11-01 03:05:47');
INSERT INTO tool_usage_events VALUES('a8f8c5cb-5f37-44ab-b91e-c5fcd2f6c051','7b31f765-e78d-4e30-b990-edf1b0d7f324','2025-11-01 06:29:23');
INSERT INTO tool_usage_events VALUES('2674f9c9-99f1-4f1a-8ac4-badd8ff7101e','7b31f765-e78d-4e30-b990-edf1b0d7f324','2025-11-01 06:29:23');
INSERT INTO tool_usage_events VALUES('86b78ab3-206d-4940-aadd-e4638c2736bb','57cfcfe0-8e3e-4b60-94e7-c02c3ceff999','2025-11-01 06:29:35');
INSERT INTO tool_usage_events VALUES('0f27a0bd-9ef8-4942-9a39-bd562665767d','c5b2b9dc-b15b-4603-97c8-5e5963a6cc2c','2025-11-01 06:29:37');
INSERT INTO tool_usage_events VALUES('52c834d4-1af7-43d4-8cbd-5039c8aa7bb6','67d25f42-0a92-42fb-9c38-a72ed96d2d61','2025-11-01 07:32:31');
INSERT INTO tool_usage_events VALUES('c38da16e-fbd7-4648-8c65-272d42ef3137','a21d8fad-551e-48e9-b7e6-538e8de83231','2025-11-01 11:02:07');
INSERT INTO tool_usage_events VALUES('8412fc34-0c74-4c42-8f14-6f231ad0f961','62c557c1-a867-4610-813e-4de6a2641f88','2025-11-03 02:19:26');
INSERT INTO tool_usage_events VALUES('c529824f-2e7a-47f4-8185-af378744698f','62c557c1-a867-4610-813e-4de6a2641f88','2025-11-03 02:20:51');
INSERT INTO tool_usage_events VALUES('5b4eaf26-e343-47b7-9a16-b40ca8fde502','62c557c1-a867-4610-813e-4de6a2641f88','2025-11-03 02:23:31');
INSERT INTO tool_usage_events VALUES('8e8f9462-d912-4319-95fb-1502fe9822e7','2e72a9d6-92f8-4e03-a16f-5a5c3afbfbb1','2025-11-03 02:42:14');
INSERT INTO tool_usage_events VALUES('4751b546-931e-402d-94b8-be8374a66cd3','ebc83ec5-c5f1-40b4-83e7-549972472288','2025-11-03 02:44:34');
INSERT INTO tool_usage_events VALUES('b460766f-8173-47cf-9d20-75c18810d9e8','57cfcfe0-8e3e-4b60-94e7-c02c3ceff999','2025-11-03 02:44:51');
INSERT INTO tool_usage_events VALUES('8db17834-6fe0-4f47-969f-bbd019bff0fc','158b17ac-f637-4943-b46e-abb8a8c8e859','2025-11-03 02:51:06');
INSERT INTO tool_usage_events VALUES('729ac45d-a9d2-45ee-99b1-84cf51906c8a','158b17ac-f637-4943-b46e-abb8a8c8e859','2025-11-03 02:51:06');
INSERT INTO tool_usage_events VALUES('c363f6fc-f95b-45fd-a89b-bf60a39ec035','62c557c1-a867-4610-813e-4de6a2641f88','2025-11-03 02:52:13');
INSERT INTO tool_usage_events VALUES('2060b1da-1b15-490e-8ac7-e3d6b8cf99ef','6c15bb01-5b64-40d9-ab42-08ff3df37c4c','2025-11-03 03:15:10');
INSERT INTO tool_usage_events VALUES('c222f934-7d1a-4b68-8c7f-72c7cf387173','6c15bb01-5b64-40d9-ab42-08ff3df37c4c','2025-11-03 03:15:10');
INSERT INTO tool_usage_events VALUES('5f49d0f6-68b3-41e7-a2ac-0f7ee9925dfc','6c15bb01-5b64-40d9-ab42-08ff3df37c4c','2025-11-03 03:25:47');
INSERT INTO tool_usage_events VALUES('890524b2-f16c-4502-9a24-b4a3e1deb5e7','67d25f42-0a92-42fb-9c38-a72ed96d2d61','2025-11-03 03:33:38');
INSERT INTO tool_usage_events VALUES('37d87261-8f7c-4837-849a-274b72af7c2f','2e72a9d6-92f8-4e03-a16f-5a5c3afbfbb1','2025-11-03 06:22:03');
INSERT INTO tool_usage_events VALUES('daf034dd-fcad-4e06-93fa-6663369f130f','4d321857-c3f1-4996-9d32-e20eec9701ee','2025-11-03 06:55:25');
INSERT INTO tool_usage_events VALUES('0a272a11-b0d8-4156-9937-00649087f518','57cfcfe0-8e3e-4b60-94e7-c02c3ceff999','2025-11-03 08:31:05');
INSERT INTO tool_usage_events VALUES('4e2e90f6-8e83-471c-bffa-a4d8b495b6e5','018c4c50-efcb-4f53-ae4c-48834b277ab2','2025-11-03 08:36:08');
INSERT INTO tool_usage_events VALUES('a1b07e3a-3e53-4f58-b78d-e0185149d464','2216ff9a-7d01-4ebb-9718-d3c998ec6d6f','2025-11-03 11:35:00');
INSERT INTO tool_usage_events VALUES('769e4862-cd2c-4611-909f-d8d6d949c627','6c15bb01-5b64-40d9-ab42-08ff3df37c4c','2025-11-03 11:35:36');
INSERT INTO tool_usage_events VALUES('29ff5bf8-4c8a-424c-a661-9439e43fbdd3','2216ff9a-7d01-4ebb-9718-d3c998ec6d6f','2025-11-03 11:53:25');
INSERT INTO tool_usage_events VALUES('3e11aefb-4398-46c0-a76d-ad76a927d841','018c4c50-efcb-4f53-ae4c-48834b277ab2','2025-11-03 11:55:18');
INSERT INTO tool_usage_events VALUES('50a1551a-e9ff-4fc1-a5ef-b9900d30bf6f','57cfcfe0-8e3e-4b60-94e7-c02c3ceff999','2025-11-03 12:28:42');
INSERT INTO tool_usage_events VALUES('2565920b-853b-47d6-94b5-1a75c7ba2535','57cfcfe0-8e3e-4b60-94e7-c02c3ceff999','2025-11-03 12:29:18');
INSERT INTO tool_usage_events VALUES('c5154bf8-51aa-4168-9d84-dee369e567f5','2216ff9a-7d01-4ebb-9718-d3c998ec6d6f','2025-11-03 12:29:21');
INSERT INTO tool_usage_events VALUES('daf07e9c-7045-4312-9633-306b191d6465','6c15bb01-5b64-40d9-ab42-08ff3df37c4c','2025-11-03 12:42:10');
INSERT INTO tool_usage_events VALUES('df4d6d5e-f900-49b7-bebd-3f76ad9059ef','2216ff9a-7d01-4ebb-9718-d3c998ec6d6f','2025-11-03 12:46:23');
INSERT INTO tool_usage_events VALUES('09ec0dfe-1db0-4a84-ba1a-e18323dd1024','158b17ac-f637-4943-b46e-abb8a8c8e859','2025-11-03 12:47:11');
INSERT INTO tool_usage_events VALUES('a9b18628-fbf8-468f-9b78-b70652c43b35','6c15bb01-5b64-40d9-ab42-08ff3df37c4c','2025-11-03 12:47:15');
INSERT INTO tool_usage_events VALUES('b021f88e-82a0-4db5-9193-4ab6b48a3d4c','57cfcfe0-8e3e-4b60-94e7-c02c3ceff999','2025-11-03 12:50:41');
INSERT INTO tool_usage_events VALUES('2f2f420c-ade3-4b33-a742-81aad27c239b','57cfcfe0-8e3e-4b60-94e7-c02c3ceff999','2025-11-03 12:51:29');
INSERT INTO tool_usage_events VALUES('29989113-cb90-42ee-abba-00e050250b38','6c15bb01-5b64-40d9-ab42-08ff3df37c4c','2025-11-04 03:43:16');
INSERT INTO tool_usage_events VALUES('733279a2-e783-4121-8f4b-151b34f1a122','4d321857-c3f1-4996-9d32-e20eec9701ee','2025-11-04 06:29:46');
INSERT INTO tool_usage_events VALUES('bd3f5805-03fa-4210-a1f1-f9b34246053a','c5b2b9dc-b15b-4603-97c8-5e5963a6cc2c','2025-11-04 06:41:48');
INSERT INTO tool_usage_events VALUES('d3aea38c-9835-45cc-8daf-5200793f0c18','67d25f42-0a92-42fb-9c38-a72ed96d2d61','2025-11-04 06:48:10');
INSERT INTO tool_usage_events VALUES('15f1df5d-e159-4bee-934a-4c8f61e5653e','2216ff9a-7d01-4ebb-9718-d3c998ec6d6f','2025-11-04 06:48:31');
INSERT INTO tool_usage_events VALUES('71b52e67-e056-42d8-84a1-a496fb6e6ea3','57cfcfe0-8e3e-4b60-94e7-c02c3ceff999','2025-11-04 06:58:28');
INSERT INTO tool_usage_events VALUES('0d9f7d8c-890f-4317-94ad-525df7aaf44b','57cfcfe0-8e3e-4b60-94e7-c02c3ceff999','2025-11-04 08:03:32');
INSERT INTO tool_usage_events VALUES('e914098f-f2a7-4aeb-9675-4d7a0cf1da4f','4d321857-c3f1-4996-9d32-e20eec9701ee','2025-11-04 09:53:25');
INSERT INTO tool_usage_events VALUES('83591e8f-ccb7-4df5-8b19-66a81a6fb837','4d321857-c3f1-4996-9d32-e20eec9701ee','2025-11-04 09:53:47');
INSERT INTO tool_usage_events VALUES('0e2ad3aa-a1f3-4d5e-b85a-a1ef7a60742e','78289acd-77a3-4bf4-af53-668631390c4b','2025-11-04 10:03:23');
INSERT INTO tool_usage_events VALUES('570cd3b8-f924-43b0-8b8e-40ee5e647f79','33b6f7b6-c0b7-45d8-9f1b-e448465bcabe','2025-11-04 11:58:45');
INSERT INTO tool_usage_events VALUES('1b2142ae-8cf0-43a6-a7c9-8955cb91550e','4d321857-c3f1-4996-9d32-e20eec9701ee','2025-11-04 11:59:15');
INSERT INTO tool_usage_events VALUES('728341cc-b0ef-402b-ac99-142adc7e73c2','67d25f42-0a92-42fb-9c38-a72ed96d2d61','2025-11-04 14:36:56');
INSERT INTO tool_usage_events VALUES('53220fc0-0345-478f-8645-394a41721a24','57cfcfe0-8e3e-4b60-94e7-c02c3ceff999','2025-11-05 02:21:28');
INSERT INTO tool_usage_events VALUES('0b5ff8ca-b4a5-419d-adc0-a84a142c7a68','57cfcfe0-8e3e-4b60-94e7-c02c3ceff999','2025-11-05 02:21:34');
INSERT INTO tool_usage_events VALUES('a17b3967-8819-417d-a775-8c9f6c452934','57cfcfe0-8e3e-4b60-94e7-c02c3ceff999','2025-11-05 02:21:42');
INSERT INTO tool_usage_events VALUES('e0f0cf7d-b975-4665-84e9-fd21b7f22b27','57cfcfe0-8e3e-4b60-94e7-c02c3ceff999','2025-11-05 03:00:06');
INSERT INTO tool_usage_events VALUES('101f4953-e83a-446f-b5fd-ff90fd8c017d','57cfcfe0-8e3e-4b60-94e7-c02c3ceff999','2025-11-05 03:00:11');
INSERT INTO tool_usage_events VALUES('7fff0a4f-311e-4d49-bbc6-6e9f875acd0c','57cfcfe0-8e3e-4b60-94e7-c02c3ceff999','2025-11-05 03:18:10');
INSERT INTO tool_usage_events VALUES('11573900-7512-4606-a983-28de736dc708','6c15bb01-5b64-40d9-ab42-08ff3df37c4c','2025-11-05 03:32:09');
INSERT INTO tool_usage_events VALUES('09ccd23b-0f22-4a72-93be-5628ccd68364','2216ff9a-7d01-4ebb-9718-d3c998ec6d6f','2025-11-05 03:56:00');
INSERT INTO tool_usage_events VALUES('ca917693-f7ce-4d53-9ef7-78c5fe53f370','57cfcfe0-8e3e-4b60-94e7-c02c3ceff999','2025-11-05 05:48:12');
INSERT INTO tool_usage_events VALUES('74fad529-52b5-41f2-add1-0f623f17b43b','7b31f765-e78d-4e30-b990-edf1b0d7f324','2025-11-05 07:10:57');
INSERT INTO tool_usage_events VALUES('67fdc8ee-b079-42f8-82ee-00230c551760','7b31f765-e78d-4e30-b990-edf1b0d7f324','2025-11-05 07:10:57');
INSERT INTO tool_usage_events VALUES('cf9d7be2-20e7-4c91-8d0b-133f77cbf8fe','018c4c50-efcb-4f53-ae4c-48834b277ab2','2025-11-05 07:50:55');
INSERT INTO tool_usage_events VALUES('0c48fc48-e005-41f1-959d-088e95ec2851','6c15bb01-5b64-40d9-ab42-08ff3df37c4c','2025-11-05 07:52:39');
INSERT INTO tool_usage_events VALUES('b8efbf21-9075-49c7-b052-b36676189250','2216ff9a-7d01-4ebb-9718-d3c998ec6d6f','2025-11-05 07:54:31');
INSERT INTO tool_usage_events VALUES('ef7fdc46-6187-4893-96c2-8fd112a1e224','158b17ac-f637-4943-b46e-abb8a8c8e859','2025-11-05 08:34:50');
INSERT INTO tool_usage_events VALUES('e6ef13c9-28e1-4ca5-bc19-b69b7389c55e','158b17ac-f637-4943-b46e-abb8a8c8e859','2025-11-05 08:34:50');
INSERT INTO tool_usage_events VALUES('3d4fe3cd-9920-47ab-b03e-6f0606ad4e78','a21d8fad-551e-48e9-b7e6-538e8de83231','2025-11-05 10:59:29');
INSERT INTO tool_usage_events VALUES('9b7d5584-b09c-4856-80f8-3cf88d53cb46','57cfcfe0-8e3e-4b60-94e7-c02c3ceff999','2025-11-05 10:59:34');
INSERT INTO tool_usage_events VALUES('5f709082-526b-4ddb-8b3a-0b2718986b74','67d25f42-0a92-42fb-9c38-a72ed96d2d61','2025-11-05 12:15:38');
INSERT INTO tool_usage_events VALUES('b5191089-a0ad-43be-a948-249954423b0f','158b17ac-f637-4943-b46e-abb8a8c8e859','2025-11-05 12:52:35');
INSERT INTO tool_usage_events VALUES('45e55bab-2992-4f89-8183-547e5eef7ce9','57cfcfe0-8e3e-4b60-94e7-c02c3ceff999','2025-11-05 13:39:10');
INSERT INTO tool_usage_events VALUES('c2cca364-06f6-4743-8a07-4ecd8835879e','67d25f42-0a92-42fb-9c38-a72ed96d2d61','2025-11-05 14:41:18');
INSERT INTO tool_usage_events VALUES('39241379-d684-4171-8e7c-7856e53ec0ec','57cfcfe0-8e3e-4b60-94e7-c02c3ceff999','2025-11-06 02:22:46');
INSERT INTO tool_usage_events VALUES('f67e2649-2a00-4731-8aec-b6a5a981eb5b','d7b9d813-ed91-49f1-9e7f-b9ee4a70c110','2025-11-06 02:37:47');
INSERT INTO tool_usage_events VALUES('83f7d719-24d9-4bcd-a181-897fe90676ef','018c4c50-efcb-4f53-ae4c-48834b277ab2','2025-11-06 02:43:03');
INSERT INTO tool_usage_events VALUES('e43d6a47-9337-4c8d-b9dc-63da48e7d613','158b17ac-f637-4943-b46e-abb8a8c8e859','2025-11-06 02:47:58');
INSERT INTO tool_usage_events VALUES('c85c6867-cb5a-4924-bd8a-88e1d59306b7','6c15bb01-5b64-40d9-ab42-08ff3df37c4c','2025-11-06 02:48:01');
INSERT INTO tool_usage_events VALUES('a49995cd-3887-4d84-9010-a296728adf58','57cfcfe0-8e3e-4b60-94e7-c02c3ceff999','2025-11-06 03:01:55');
INSERT INTO tool_usage_events VALUES('55df57ed-f7ad-4823-988e-f6880c21e265','018c4c50-efcb-4f53-ae4c-48834b277ab2','2025-11-06 03:02:14');
INSERT INTO tool_usage_events VALUES('3beecdca-eb8a-4e4f-88a5-139839a70ac8','bbd7a49e-547d-4e8c-8a0c-7e556dd4c8c4','2025-11-06 06:26:20');
INSERT INTO tool_usage_events VALUES('15638ea6-a840-4404-a53e-ed5ab5b2306b','18d54f45-fdd3-4cde-9261-dfadd3d756c1','2025-11-06 06:26:36');
INSERT INTO tool_usage_events VALUES('e03876f5-f076-44bc-b4ea-59e7c626cb5d','dd7e734b-7dc4-4110-8515-e8ed9af64ad0','2025-11-06 07:03:51');
INSERT INTO tool_usage_events VALUES('0a23beaa-357f-46b3-8340-61fe727e43f8','4d321857-c3f1-4996-9d32-e20eec9701ee','2025-11-06 07:40:18');
INSERT INTO tool_usage_events VALUES('ecd8c545-24bd-4be8-bb19-e3578cde4504','4d321857-c3f1-4996-9d32-e20eec9701ee','2025-11-06 10:26:29');
INSERT INTO tool_usage_events VALUES('77a24044-b97a-4888-b795-2d0b31bfb3f8','67d25f42-0a92-42fb-9c38-a72ed96d2d61','2025-11-06 10:40:57');
INSERT INTO tool_usage_events VALUES('d49715bd-24e4-44fb-929f-a0465abcb871','57cfcfe0-8e3e-4b60-94e7-c02c3ceff999','2025-11-07 02:32:44');
INSERT INTO tool_usage_events VALUES('887a1f43-d18c-4ddf-8896-16c22ba0d5a7','2216ff9a-7d01-4ebb-9718-d3c998ec6d6f','2025-11-07 02:33:30');
INSERT INTO tool_usage_events VALUES('80abd234-67b6-4d4a-be6e-6439982c8120','57cfcfe0-8e3e-4b60-94e7-c02c3ceff999','2025-11-07 05:46:36');
INSERT INTO tool_usage_events VALUES('46e3f207-2a4c-4d27-a52e-4d4fa2343afb','57cfcfe0-8e3e-4b60-94e7-c02c3ceff999','2025-11-07 05:46:36');
INSERT INTO tool_usage_events VALUES('0a7f40b6-54f6-4fbc-9d5c-c65cca6229c2','57cfcfe0-8e3e-4b60-94e7-c02c3ceff999','2025-11-07 05:46:38');
INSERT INTO tool_usage_events VALUES('4314f855-862a-48a4-974f-73534d776181','57cfcfe0-8e3e-4b60-94e7-c02c3ceff999','2025-11-07 05:46:39');
INSERT INTO tool_usage_events VALUES('1668304a-2b19-428f-ac96-6ef4b44b53f9','57cfcfe0-8e3e-4b60-94e7-c02c3ceff999','2025-11-07 05:46:39');
INSERT INTO tool_usage_events VALUES('56c76027-b883-4f23-b3f0-68462f658bac','57cfcfe0-8e3e-4b60-94e7-c02c3ceff999','2025-11-07 05:46:39');
INSERT INTO tool_usage_events VALUES('eb193d83-6988-4ad5-8463-9b0dece4f0aa','57cfcfe0-8e3e-4b60-94e7-c02c3ceff999','2025-11-07 05:46:39');
INSERT INTO tool_usage_events VALUES('c1f793eb-6b17-48af-91bc-90bc0db1431e','57cfcfe0-8e3e-4b60-94e7-c02c3ceff999','2025-11-07 05:46:39');
INSERT INTO tool_usage_events VALUES('82eff98f-4011-4616-a259-ddf001bc9de6','57cfcfe0-8e3e-4b60-94e7-c02c3ceff999','2025-11-07 05:46:40');
INSERT INTO tool_usage_events VALUES('1d5430d0-63a9-497d-bb58-9d487cb4eaad','57cfcfe0-8e3e-4b60-94e7-c02c3ceff999','2025-11-07 05:46:40');
INSERT INTO tool_usage_events VALUES('e995f788-6ba0-43cd-9da3-4c2c84d24ff0','57cfcfe0-8e3e-4b60-94e7-c02c3ceff999','2025-11-07 05:46:40');
INSERT INTO tool_usage_events VALUES('78915609-b32c-4145-8e77-5882957699a5','9d0ba3ee-0a79-41ee-b650-f2217007d8ae','2025-11-07 05:46:42');
INSERT INTO tool_usage_events VALUES('6d650192-6902-4866-a954-250aadcb99b2','9d0ba3ee-0a79-41ee-b650-f2217007d8ae','2025-11-07 05:46:42');
INSERT INTO tool_usage_events VALUES('dcc61d3b-3c1e-493a-8b87-6fa456a570b1','57cfcfe0-8e3e-4b60-94e7-c02c3ceff999','2025-11-07 05:46:51');
INSERT INTO tool_usage_events VALUES('8470942e-9d2f-4cf9-93b5-2683a59865c6','57cfcfe0-8e3e-4b60-94e7-c02c3ceff999','2025-11-07 05:46:52');
INSERT INTO tool_usage_events VALUES('20212a68-0439-4678-b3f8-0a2f96c830dd','57cfcfe0-8e3e-4b60-94e7-c02c3ceff999','2025-11-07 05:46:52');
INSERT INTO tool_usage_events VALUES('7bbb47c9-53ee-4b88-aed9-fbd5b25a8954','57cfcfe0-8e3e-4b60-94e7-c02c3ceff999','2025-11-07 05:46:53');
INSERT INTO tool_usage_events VALUES('fe38d16c-1697-4eb0-aa41-5927f170c391','57cfcfe0-8e3e-4b60-94e7-c02c3ceff999','2025-11-07 05:46:53');
INSERT INTO tool_usage_events VALUES('14ae992c-6c42-4501-ba27-11b4bb43c78c','57cfcfe0-8e3e-4b60-94e7-c02c3ceff999','2025-11-07 05:46:53');
INSERT INTO tool_usage_events VALUES('0206f157-46d3-4201-8d92-5b8669fb126c','57cfcfe0-8e3e-4b60-94e7-c02c3ceff999','2025-11-07 05:46:53');
INSERT INTO tool_usage_events VALUES('9a01130a-e79e-49fc-ad49-08cd1b3a162a','9d0ba3ee-0a79-41ee-b650-f2217007d8ae','2025-11-07 05:46:54');
INSERT INTO tool_usage_events VALUES('9838603a-44bb-4139-970a-41b1b9e84f9a','9d0ba3ee-0a79-41ee-b650-f2217007d8ae','2025-11-07 05:46:54');
INSERT INTO tool_usage_events VALUES('9ac721c9-6c17-4a17-9532-9ed8811e6658','9d0ba3ee-0a79-41ee-b650-f2217007d8ae','2025-11-07 05:46:54');
INSERT INTO tool_usage_events VALUES('e1713c43-db1e-4ae4-afe8-536663ae52ed','9d0ba3ee-0a79-41ee-b650-f2217007d8ae','2025-11-07 05:46:55');
INSERT INTO tool_usage_events VALUES('b3e54b14-43dc-48c3-af95-6d5d6087e848','9d0ba3ee-0a79-41ee-b650-f2217007d8ae','2025-11-07 05:46:56');
INSERT INTO tool_usage_events VALUES('032cdb8a-bdc2-44f8-aba4-0b401510544d','78d1b64e-e433-454b-8abd-f56e24ac7864','2025-11-07 05:47:00');
INSERT INTO tool_usage_events VALUES('5fc80c5b-dcf9-408e-9666-f8d913c48754','78d1b64e-e433-454b-8abd-f56e24ac7864','2025-11-07 05:47:00');
INSERT INTO tool_usage_events VALUES('daf028d9-ba37-4796-85f9-a183e88494e9','78d1b64e-e433-454b-8abd-f56e24ac7864','2025-11-07 05:47:00');
INSERT INTO tool_usage_events VALUES('37156bd1-dc5d-452c-a503-8713f9554c25','78d1b64e-e433-454b-8abd-f56e24ac7864','2025-11-07 05:47:00');
INSERT INTO tool_usage_events VALUES('6c06baba-bbd8-40de-bfa1-a48f32d7c835','7ee5c810-4f8d-4fee-806b-194fc37458ef','2025-11-07 05:47:09');
INSERT INTO tool_usage_events VALUES('784bfc02-29ad-400a-b9b5-384780ce37bf','46dd1060-8ef9-4095-a36e-485215e8db48','2025-11-07 05:47:18');
INSERT INTO tool_usage_events VALUES('b68babcf-444d-424d-b5d3-a36d66600ee9','46dd1060-8ef9-4095-a36e-485215e8db48','2025-11-07 05:47:18');
INSERT INTO tool_usage_events VALUES('51dc970e-0a85-467d-8468-2b4b20ca44ec','46dd1060-8ef9-4095-a36e-485215e8db48','2025-11-07 05:47:18');
INSERT INTO tool_usage_events VALUES('9c110e36-ea38-4724-b785-4da0208b94c3','7cbc16ff-afa4-464f-8303-681037bf0f92','2025-11-07 05:47:25');
INSERT INTO tool_usage_events VALUES('8828140d-abd4-4665-9e29-a80fee36c1ab','caafd2b0-6e2a-4374-b687-f00ae6aa8968','2025-11-07 05:53:55');
INSERT INTO tool_usage_events VALUES('224b57c5-fcd9-4fa4-ab72-69f0a668eee5','6c15bb01-5b64-40d9-ab42-08ff3df37c4c','2025-11-07 09:59:52');
INSERT INTO tool_usage_events VALUES('aa65a8b5-2507-4ab7-b688-93c750e04c38','6c15bb01-5b64-40d9-ab42-08ff3df37c4c','2025-11-07 09:59:56');
INSERT INTO tool_usage_events VALUES('2c1dff1b-72cb-4509-9952-87977734ff0f','158b17ac-f637-4943-b46e-abb8a8c8e859','2025-11-07 10:22:19');
INSERT INTO tool_usage_events VALUES('90a58e48-b65e-4557-8910-71f1b15c45c1','158b17ac-f637-4943-b46e-abb8a8c8e859','2025-11-07 10:22:19');
INSERT INTO tool_usage_events VALUES('d3b5d192-6dbb-4831-af7d-0d9db4393c39','7cbc16ff-afa4-464f-8303-681037bf0f92','2025-11-07 10:22:30');
INSERT INTO tool_usage_events VALUES('29d0a8d5-791b-401d-86a9-2fc7022e9342','bd04e5f9-2c37-4331-a873-0e6252d2e750','2025-11-07 10:22:44');
INSERT INTO tool_usage_events VALUES('c90577fd-601b-4611-b82a-b6d9a90ba2e3','78289acd-77a3-4bf4-af53-668631390c4b','2025-11-07 10:22:52');
INSERT INTO tool_usage_events VALUES('29966dbb-ece1-4c1c-8c68-1bf275036ef3','2216ff9a-7d01-4ebb-9718-d3c998ec6d6f','2025-11-07 10:22:59');
INSERT INTO tool_usage_events VALUES('db32d78d-9c30-442f-ba34-d0575feede13','2216ff9a-7d01-4ebb-9718-d3c998ec6d6f','2025-11-07 10:23:00');
INSERT INTO tool_usage_events VALUES('8b87600c-f90f-4b26-855c-5f6fa1104d16','caafd2b0-6e2a-4374-b687-f00ae6aa8968','2025-11-10 03:38:45');
INSERT INTO tool_usage_events VALUES('841a86e1-87ce-4c75-8581-5937b164de0b','67d25f42-0a92-42fb-9c38-a72ed96d2d61','2025-11-10 03:50:31');
INSERT INTO tool_usage_events VALUES('589b40ac-5023-42c9-a6b6-d79329b5ed11','57cfcfe0-8e3e-4b60-94e7-c02c3ceff999','2025-11-10 03:52:33');
INSERT INTO tool_usage_events VALUES('8055d195-3aa5-45f4-8c08-0b8d11815479','67d25f42-0a92-42fb-9c38-a72ed96d2d61','2025-11-10 03:52:52');
INSERT INTO tool_usage_events VALUES('b6c2be4e-7e53-48ab-ac15-50b3a71acc4b','57cfcfe0-8e3e-4b60-94e7-c02c3ceff999','2025-11-10 06:02:03');
INSERT INTO tool_usage_events VALUES('34a3e0e7-e568-4537-affe-d31536d07eef','57cfcfe0-8e3e-4b60-94e7-c02c3ceff999','2025-11-10 08:21:54');
INSERT INTO tool_usage_events VALUES('e049197c-5a74-44d3-a290-3b8735eda4f0','67d25f42-0a92-42fb-9c38-a72ed96d2d61','2025-11-10 08:39:51');
INSERT INTO tool_usage_events VALUES('1e675fc1-0b51-44c0-8502-58cc994057f3','6c15bb01-5b64-40d9-ab42-08ff3df37c4c','2025-11-10 11:01:38');
INSERT INTO tool_usage_events VALUES('b988076d-e988-4c08-a32f-94d09f178119','57cfcfe0-8e3e-4b60-94e7-c02c3ceff999','2025-11-11 02:34:00');
INSERT INTO tool_usage_events VALUES('57129911-77d4-42c3-9952-3f7c89fb4a0c','2e72a9d6-92f8-4e03-a16f-5a5c3afbfbb1','2025-11-11 03:41:36');
INSERT INTO tool_usage_events VALUES('c59db7b3-c4c9-4c11-88f9-0b57ed9c4a65','46dd1060-8ef9-4095-a36e-485215e8db48','2025-11-11 03:42:30');
INSERT INTO tool_usage_events VALUES('b6ced45f-a829-4434-a37b-4c0db5804ca1','46dd1060-8ef9-4095-a36e-485215e8db48','2025-11-11 03:42:30');
INSERT INTO tool_usage_events VALUES('8e0d53bc-0d82-4c63-8aee-7656b2291a2e','57cfcfe0-8e3e-4b60-94e7-c02c3ceff999','2025-11-11 06:12:31');
INSERT INTO tool_usage_events VALUES('c9b5997e-d5ca-4437-bc2e-09c560a2d7ee','57cfcfe0-8e3e-4b60-94e7-c02c3ceff999','2025-11-11 06:12:40');
INSERT INTO tool_usage_events VALUES('1fe09b1e-27a7-4bc5-9a26-aa7e9581dae1','57cfcfe0-8e3e-4b60-94e7-c02c3ceff999','2025-11-11 06:17:39');
INSERT INTO tool_usage_events VALUES('bc8c9739-e081-412f-a96c-0951d61ca880','57cfcfe0-8e3e-4b60-94e7-c02c3ceff999','2025-11-11 06:17:55');
INSERT INTO tool_usage_events VALUES('a101564c-6df2-4a8b-a8e4-492ba4fa637d','7b31f765-e78d-4e30-b990-edf1b0d7f324','2025-11-11 06:18:03');
INSERT INTO tool_usage_events VALUES('fece8a0e-664a-4218-b155-b90fdd0aed0c','57cfcfe0-8e3e-4b60-94e7-c02c3ceff999','2025-11-11 06:18:11');
INSERT INTO tool_usage_events VALUES('e7716655-b02f-49ad-bd3f-bcc68900274c','2216ff9a-7d01-4ebb-9718-d3c998ec6d6f','2025-11-11 07:05:36');
INSERT INTO tool_usage_events VALUES('969a476a-da1a-48f4-83ee-af898c1dbcde','40789e4c-acb1-498e-ad3c-729760059e23','2025-11-11 07:07:08');
INSERT INTO tool_usage_events VALUES('02c4664b-ba1f-4090-a817-071605b7ab46','40789e4c-acb1-498e-ad3c-729760059e23','2025-11-11 07:08:36');
INSERT INTO tool_usage_events VALUES('13a7099a-b155-4271-bad4-73b977f4544b','40789e4c-acb1-498e-ad3c-729760059e23','2025-11-11 07:16:03');
INSERT INTO tool_usage_events VALUES('bdac0f62-aec0-410e-9fec-2928de51d318','40789e4c-acb1-498e-ad3c-729760059e23','2025-11-11 08:06:53');
INSERT INTO tool_usage_events VALUES('b52a9115-3556-4ba3-ade8-dfd9b1be36ce','c5b2b9dc-b15b-4603-97c8-5e5963a6cc2c','2025-11-11 09:14:18');
INSERT INTO tool_usage_events VALUES('90ef5423-a9ce-4ae6-b622-dc4c0b3ee366','c5b2b9dc-b15b-4603-97c8-5e5963a6cc2c','2025-11-11 09:14:29');
INSERT INTO tool_usage_events VALUES('bad55abe-230a-47b2-ab08-814b40e5d428','c5b2b9dc-b15b-4603-97c8-5e5963a6cc2c','2025-11-11 09:15:48');
INSERT INTO tool_usage_events VALUES('e4972e8b-2408-4c22-af37-44a9bf6db4bb','d91ed5ea-00ff-48ba-b826-c2093c78cf08','2025-11-11 14:07:56');
INSERT INTO tool_usage_events VALUES('2660ebd3-abff-40b5-a6a4-da0c19bd33b4','d91ed5ea-00ff-48ba-b826-c2093c78cf08','2025-11-11 14:07:59');
INSERT INTO tool_usage_events VALUES('d03078b8-2327-4f71-a150-c323f081abcd','d91ed5ea-00ff-48ba-b826-c2093c78cf08','2025-11-11 14:07:59');
INSERT INTO tool_usage_events VALUES('bcb204d0-183b-43c2-80bf-4a16da285db3','16f0034f-9853-4678-a4d6-0207a857107a','2025-11-11 14:08:06');
INSERT INTO tool_usage_events VALUES('efa19a1f-0cf9-44c8-9253-fedb530404b5','16f0034f-9853-4678-a4d6-0207a857107a','2025-11-11 14:08:06');
INSERT INTO tool_usage_events VALUES('f7948246-ba96-4464-87c5-58d766f388f3','7b31f765-e78d-4e30-b990-edf1b0d7f324','2025-11-11 14:08:57');
INSERT INTO tool_usage_events VALUES('f445dc70-b0b4-4a94-ab3b-72fdda8c1800','40789e4c-acb1-498e-ad3c-729760059e23','2025-11-12 02:09:17');
INSERT INTO tool_usage_events VALUES('08b17731-6bde-4870-9caf-f3e9687c78f5','40789e4c-acb1-498e-ad3c-729760059e23','2025-11-12 02:12:29');
INSERT INTO tool_usage_events VALUES('3b575abb-828d-47a9-81ec-e64c6ec45a7b','57cfcfe0-8e3e-4b60-94e7-c02c3ceff999','2025-11-12 02:15:26');
INSERT INTO tool_usage_events VALUES('0e8ad762-5331-45c7-9a58-fb2759265ba6','018c4c50-efcb-4f53-ae4c-48834b277ab2','2025-11-12 02:18:42');
INSERT INTO tool_usage_events VALUES('3bd34012-3392-47f0-9853-f5d884e7f478','57cfcfe0-8e3e-4b60-94e7-c02c3ceff999','2025-11-12 03:08:03');
INSERT INTO tool_usage_events VALUES('83af4b80-32b6-476d-a117-547a2955cd8e','40789e4c-acb1-498e-ad3c-729760059e23','2025-11-12 03:44:30');
INSERT INTO tool_usage_events VALUES('75123975-c89f-41ed-940d-3906a33323ab','40789e4c-acb1-498e-ad3c-729760059e23','2025-11-12 03:45:12');
INSERT INTO tool_usage_events VALUES('74dbdadf-bfa3-450b-b779-c4d9c9a32c57','40789e4c-acb1-498e-ad3c-729760059e23','2025-11-12 03:46:41');
INSERT INTO tool_usage_events VALUES('f9e8d0ac-8af2-4c03-b311-5ecf38718641','57cfcfe0-8e3e-4b60-94e7-c02c3ceff999','2025-11-12 03:49:18');
INSERT INTO tool_usage_events VALUES('4251e591-d83a-4ee9-8276-8f0ffeda9d5e','4d321857-c3f1-4996-9d32-e20eec9701ee','2025-11-12 06:12:39');
INSERT INTO tool_usage_events VALUES('a717124e-ab58-444f-b52f-d993c51ba17c','158b17ac-f637-4943-b46e-abb8a8c8e859','2025-11-12 06:57:52');
INSERT INTO tool_usage_events VALUES('6688e105-8a34-4162-ad78-586c4bfe9a5b','c5b2b9dc-b15b-4603-97c8-5e5963a6cc2c','2025-11-12 09:09:12');
INSERT INTO tool_usage_events VALUES('84ee25a8-8dd5-4c76-8356-95ae01602486','57cfcfe0-8e3e-4b60-94e7-c02c3ceff999','2025-11-12 09:11:26');
INSERT INTO tool_usage_events VALUES('eff220b9-554c-497b-8a01-6ba09643f1cb','57cfcfe0-8e3e-4b60-94e7-c02c3ceff999','2025-11-12 10:05:11');
INSERT INTO tool_usage_events VALUES('ecf2a348-f7fe-45d2-b3ac-d7ce54f16a55','21c517e3-c889-4ff1-9bc9-6d3cec15ac2a','2025-11-12 11:39:42');
INSERT INTO tool_usage_events VALUES('8a3d9139-e1af-4fb3-beaa-f600c4272292','21c517e3-c889-4ff1-9bc9-6d3cec15ac2a','2025-11-12 11:39:44');
INSERT INTO tool_usage_events VALUES('c0d2cd46-3ee8-4e44-aba2-e6024ce74d34','21c517e3-c889-4ff1-9bc9-6d3cec15ac2a','2025-11-12 11:39:51');
INSERT INTO tool_usage_events VALUES('3f710b93-07e7-442d-9231-fbb323272825','21c517e3-c889-4ff1-9bc9-6d3cec15ac2a','2025-11-12 11:39:54');
INSERT INTO tool_usage_events VALUES('dcb6988b-39d8-4ad4-8759-ba0481cce5e3','21c517e3-c889-4ff1-9bc9-6d3cec15ac2a','2025-11-12 11:39:54');
INSERT INTO tool_usage_events VALUES('29394222-904d-4dac-9d38-4c3aacaba155','21c517e3-c889-4ff1-9bc9-6d3cec15ac2a','2025-11-12 11:40:34');
INSERT INTO tool_usage_events VALUES('fd9c3b54-ca26-4fe9-ab8d-81e199a36138','21c517e3-c889-4ff1-9bc9-6d3cec15ac2a','2025-11-12 11:40:36');
INSERT INTO tool_usage_events VALUES('de62fc68-72fe-4af4-8342-6e67e7667b7a','21c517e3-c889-4ff1-9bc9-6d3cec15ac2a','2025-11-12 11:40:36');
INSERT INTO tool_usage_events VALUES('fba17b16-dec3-4af1-9238-59614d380e7b','21c517e3-c889-4ff1-9bc9-6d3cec15ac2a','2025-11-12 11:40:42');
INSERT INTO tool_usage_events VALUES('97a01e7e-2c67-4163-91be-e3f51f404e64','21c517e3-c889-4ff1-9bc9-6d3cec15ac2a','2025-11-12 11:40:42');
INSERT INTO tool_usage_events VALUES('39a08f02-2e0b-480d-8b62-f352fd6d89a7','21c517e3-c889-4ff1-9bc9-6d3cec15ac2a','2025-11-12 11:40:43');
INSERT INTO tool_usage_events VALUES('5e299bbe-a433-4f9f-9a60-e30919c9ed18','21c517e3-c889-4ff1-9bc9-6d3cec15ac2a','2025-11-12 11:40:44');
INSERT INTO tool_usage_events VALUES('358d5626-e9b9-4b1f-8c9a-0566a03738db','21c517e3-c889-4ff1-9bc9-6d3cec15ac2a','2025-11-12 11:40:44');
INSERT INTO tool_usage_events VALUES('9ef24d3a-c56d-4d67-a832-c87f97b305c8','5b66d6e6-b4e0-413a-b056-b96f560b37cf','2025-11-12 11:40:46');
INSERT INTO tool_usage_events VALUES('7b0dcc7e-c5ee-49fd-8f56-d87f92c2e6ee','5b66d6e6-b4e0-413a-b056-b96f560b37cf','2025-11-12 11:40:46');
INSERT INTO tool_usage_events VALUES('cb07f5c2-bc7c-4acc-8c7e-f715f4e931b8','21c517e3-c889-4ff1-9bc9-6d3cec15ac2a','2025-11-12 11:40:47');
INSERT INTO tool_usage_events VALUES('c2d42d0a-efcd-4da7-b13e-aa604d7a7197','21c517e3-c889-4ff1-9bc9-6d3cec15ac2a','2025-11-12 11:40:47');
INSERT INTO tool_usage_events VALUES('7ca626d4-03f8-409e-b616-bda888f0e70d','21c517e3-c889-4ff1-9bc9-6d3cec15ac2a','2025-11-12 11:40:47');
INSERT INTO tool_usage_events VALUES('cff68473-5b30-4473-b9d7-2711dcda7122','21c517e3-c889-4ff1-9bc9-6d3cec15ac2a','2025-11-12 11:40:47');
INSERT INTO tool_usage_events VALUES('17942d3c-26fe-4cae-aa39-2b68be3dbfa2','21c517e3-c889-4ff1-9bc9-6d3cec15ac2a','2025-11-12 11:40:49');
INSERT INTO tool_usage_events VALUES('a5f20275-21b6-4774-8e6b-68ff48617ce3','21c517e3-c889-4ff1-9bc9-6d3cec15ac2a','2025-11-12 11:40:50');
INSERT INTO tool_usage_events VALUES('fac1df6c-8518-47c8-b44e-a15719571e2f','21c517e3-c889-4ff1-9bc9-6d3cec15ac2a','2025-11-12 11:41:08');
INSERT INTO tool_usage_events VALUES('38c56fe0-0cdd-4e46-b97c-a1783f950527','21c517e3-c889-4ff1-9bc9-6d3cec15ac2a','2025-11-12 11:41:11');
INSERT INTO tool_usage_events VALUES('8bfbe2e7-2fc7-40ff-9e07-17f20040d40b','21c517e3-c889-4ff1-9bc9-6d3cec15ac2a','2025-11-12 11:41:17');
INSERT INTO tool_usage_events VALUES('364a9326-3ff0-4bf4-8aff-cae3aa797ee9','21c517e3-c889-4ff1-9bc9-6d3cec15ac2a','2025-11-12 11:41:18');
INSERT INTO tool_usage_events VALUES('2d2ddd0b-d67d-4467-8778-d2409e0b3ce5','21c517e3-c889-4ff1-9bc9-6d3cec15ac2a','2025-11-12 11:41:19');
INSERT INTO tool_usage_events VALUES('178963e0-a624-44f7-ba31-201df59f3c96','21c517e3-c889-4ff1-9bc9-6d3cec15ac2a','2025-11-12 11:41:20');
INSERT INTO tool_usage_events VALUES('53e26e03-1090-4280-b731-8e034b658a12','21c517e3-c889-4ff1-9bc9-6d3cec15ac2a','2025-11-12 11:41:20');
INSERT INTO tool_usage_events VALUES('7ed9321f-a485-4d2c-bd1f-c720eb62279f','21c517e3-c889-4ff1-9bc9-6d3cec15ac2a','2025-11-12 11:41:20');
INSERT INTO tool_usage_events VALUES('64d7eaec-a9c6-4057-a491-d3610b9bede1','21c517e3-c889-4ff1-9bc9-6d3cec15ac2a','2025-11-12 11:41:20');
INSERT INTO tool_usage_events VALUES('1e31e681-fd65-4bec-b862-64b12040a8f2','21c517e3-c889-4ff1-9bc9-6d3cec15ac2a','2025-11-12 11:41:20');
INSERT INTO tool_usage_events VALUES('78bc04d4-39e4-42a5-8b19-3aaddf0d5a6e','21c517e3-c889-4ff1-9bc9-6d3cec15ac2a','2025-11-12 11:41:21');
INSERT INTO tool_usage_events VALUES('9c4524b9-fd84-4b46-a783-186c79071894','21c517e3-c889-4ff1-9bc9-6d3cec15ac2a','2025-11-12 11:41:21');
INSERT INTO tool_usage_events VALUES('f31f1d39-d2be-418e-b5c4-f779e5a34546','21c517e3-c889-4ff1-9bc9-6d3cec15ac2a','2025-11-12 11:41:21');
INSERT INTO tool_usage_events VALUES('4ccbd7b4-e99f-462d-8acc-2da263768f38','21c517e3-c889-4ff1-9bc9-6d3cec15ac2a','2025-11-12 11:41:29');
INSERT INTO tool_usage_events VALUES('48386727-ff5b-4aa7-bbdc-28e9f3163a35','21c517e3-c889-4ff1-9bc9-6d3cec15ac2a','2025-11-12 11:41:29');
INSERT INTO tool_usage_events VALUES('a328659c-8bf2-4b39-a9d0-e133a6753e43','21c517e3-c889-4ff1-9bc9-6d3cec15ac2a','2025-11-12 11:41:30');
INSERT INTO tool_usage_events VALUES('4d8b175d-d450-4de0-abef-37a348861f09','21c517e3-c889-4ff1-9bc9-6d3cec15ac2a','2025-11-12 11:41:30');
INSERT INTO tool_usage_events VALUES('aee3cfcd-a519-436d-aa75-0183d2a608c2','21c517e3-c889-4ff1-9bc9-6d3cec15ac2a','2025-11-12 11:41:30');
INSERT INTO tool_usage_events VALUES('c85fbf91-3b4b-4b0d-8cf6-dbf0776e491c','21c517e3-c889-4ff1-9bc9-6d3cec15ac2a','2025-11-12 11:41:32');
INSERT INTO tool_usage_events VALUES('cbd34802-9177-4c74-a7aa-9e074dbe1e1c','21c517e3-c889-4ff1-9bc9-6d3cec15ac2a','2025-11-12 11:41:32');
INSERT INTO tool_usage_events VALUES('87b78831-be2a-496f-8c8f-bb3c47120bc7','21c517e3-c889-4ff1-9bc9-6d3cec15ac2a','2025-11-12 11:41:32');
INSERT INTO tool_usage_events VALUES('e9b92100-e090-4464-b4a3-6b2458bde7fe','21c517e3-c889-4ff1-9bc9-6d3cec15ac2a','2025-11-12 11:41:32');
INSERT INTO tool_usage_events VALUES('7183617b-a631-4c93-bb9f-15daeedd41c3','21c517e3-c889-4ff1-9bc9-6d3cec15ac2a','2025-11-12 11:41:32');
INSERT INTO tool_usage_events VALUES('e9f679ce-7935-465c-9a60-7d790109bb7e','21c517e3-c889-4ff1-9bc9-6d3cec15ac2a','2025-11-12 11:41:33');
INSERT INTO tool_usage_events VALUES('797a9c56-e073-4df5-a761-407d87cd59b2','21c517e3-c889-4ff1-9bc9-6d3cec15ac2a','2025-11-12 11:41:33');
INSERT INTO tool_usage_events VALUES('18d2fcc8-c234-43a9-9f54-e69462cd76f5','21c517e3-c889-4ff1-9bc9-6d3cec15ac2a','2025-11-12 11:41:34');
INSERT INTO tool_usage_events VALUES('eba0f285-964b-49b2-bc78-70b60e3cd91f','21c517e3-c889-4ff1-9bc9-6d3cec15ac2a','2025-11-12 11:41:34');
INSERT INTO tool_usage_events VALUES('c6bfc2ca-541c-4710-898f-d49f12f64744','21c517e3-c889-4ff1-9bc9-6d3cec15ac2a','2025-11-12 11:41:34');
INSERT INTO tool_usage_events VALUES('707922d6-88e9-44b8-8c37-304c26f3397d','c5b2b9dc-b15b-4603-97c8-5e5963a6cc2c','2025-11-12 11:41:37');
INSERT INTO tool_usage_events VALUES('c58eed8f-3cfb-4740-8fb4-519cec57420c','57cfcfe0-8e3e-4b60-94e7-c02c3ceff999','2025-11-12 11:41:42');
INSERT INTO tool_usage_events VALUES('be83a063-8710-4a22-819a-6c76113ae1db','4d321857-c3f1-4996-9d32-e20eec9701ee','2025-11-13 02:30:52');
INSERT INTO tool_usage_events VALUES('78b21311-e413-450b-b3a6-be7c7b924377','4d321857-c3f1-4996-9d32-e20eec9701ee','2025-11-13 02:37:02');
INSERT INTO tool_usage_events VALUES('5d9eeaad-d4e4-4505-9840-6b5326df76fa','4d321857-c3f1-4996-9d32-e20eec9701ee','2025-11-13 02:37:02');
INSERT INTO tool_usage_events VALUES('7467ea9b-78c4-4cc5-bba7-b1db6506c920','6c15bb01-5b64-40d9-ab42-08ff3df37c4c','2025-11-13 02:37:28');
INSERT INTO tool_usage_events VALUES('d45a9af7-95df-47be-9857-96ea77e9d7b3','40789e4c-acb1-498e-ad3c-729760059e23','2025-11-13 02:37:41');
INSERT INTO tool_usage_events VALUES('26269edf-14ec-4075-a04b-a0394480e695','4d321857-c3f1-4996-9d32-e20eec9701ee','2025-11-13 02:39:46');
INSERT INTO tool_usage_events VALUES('b71f7cd7-c12b-4912-9e74-913be382edde','4d321857-c3f1-4996-9d32-e20eec9701ee','2025-11-13 02:39:51');
INSERT INTO tool_usage_events VALUES('e71c3c30-d548-4c54-8e95-2a4ef7c2c36b','4d321857-c3f1-4996-9d32-e20eec9701ee','2025-11-13 02:40:08');
INSERT INTO tool_usage_events VALUES('31b21b5e-b62b-4699-855d-6a2c6dff8218','4d321857-c3f1-4996-9d32-e20eec9701ee','2025-11-13 02:40:09');
INSERT INTO tool_usage_events VALUES('65e49b65-f48d-4b15-ac82-e73aea85ee85','c5b2b9dc-b15b-4603-97c8-5e5963a6cc2c','2025-11-13 02:52:57');
INSERT INTO tool_usage_events VALUES('cacbde56-ab94-45da-93e8-63da2e2eca49','57cfcfe0-8e3e-4b60-94e7-c02c3ceff999','2025-11-13 02:56:34');
INSERT INTO tool_usage_events VALUES('bcef123b-5144-456c-aff9-a2e95e502e9e','40789e4c-acb1-498e-ad3c-729760059e23','2025-11-13 03:34:14');
INSERT INTO tool_usage_events VALUES('be017076-dea7-405c-99ce-4e0e6b8f371a','57cfcfe0-8e3e-4b60-94e7-c02c3ceff999','2025-11-13 03:34:55');
INSERT INTO tool_usage_events VALUES('866256bc-25fe-41ab-a064-2368f2da57e7','40789e4c-acb1-498e-ad3c-729760059e23','2025-11-13 03:36:38');
INSERT INTO tool_usage_events VALUES('4deab7a7-2b81-4f1c-893c-e57bbce07b6d','40789e4c-acb1-498e-ad3c-729760059e23','2025-11-13 03:36:56');
INSERT INTO tool_usage_events VALUES('b9c86920-f6d3-4139-a945-e28def4c2bb2','4d321857-c3f1-4996-9d32-e20eec9701ee','2025-11-13 05:51:10');
INSERT INTO tool_usage_events VALUES('df4a5b3c-a53b-4bc8-b799-e7f4b6989a50','6c15bb01-5b64-40d9-ab42-08ff3df37c4c','2025-11-13 08:22:23');
INSERT INTO tool_usage_events VALUES('35cd3e61-daaa-42f0-b4fe-6b014ab03dc7','57cfcfe0-8e3e-4b60-94e7-c02c3ceff999','2025-11-13 11:21:05');
INSERT INTO tool_usage_events VALUES('02d03bfc-ed05-4a50-b360-20763ac919f9','57cfcfe0-8e3e-4b60-94e7-c02c3ceff999','2025-11-13 11:21:23');
INSERT INTO tool_usage_events VALUES('2722bf84-4b01-4893-9b10-7fcddfbc2227','40789e4c-acb1-498e-ad3c-729760059e23','2025-11-14 02:28:13');
INSERT INTO tool_usage_events VALUES('e00773ad-05d4-4367-99be-4c07e6c63d40','78d1b64e-e433-454b-8abd-f56e24ac7864','2025-11-14 05:51:07');
INSERT INTO tool_usage_events VALUES('a5d9d326-470b-48d4-8cfa-120520e41533','018c4c50-efcb-4f53-ae4c-48834b277ab2','2025-11-14 05:51:25');
INSERT INTO tool_usage_events VALUES('649071e2-0e6b-49b8-b8e2-858a393ed918','7cdfa366-a184-40af-8261-e5ffc449d225','2025-11-14 07:27:02');
INSERT INTO tool_usage_events VALUES('71f841cd-adbe-4fc6-8127-bf19801a115a','57cfcfe0-8e3e-4b60-94e7-c02c3ceff999','2025-11-14 09:05:01');
INSERT INTO tool_usage_events VALUES('27b387c6-0c36-4ef6-9d4e-f66698061b4d','57cfcfe0-8e3e-4b60-94e7-c02c3ceff999','2025-11-14 09:36:23');
INSERT INTO tool_usage_events VALUES('a0a063eb-c876-4211-98c5-2f955021ebe2','d7b9d813-ed91-49f1-9e7f-b9ee4a70c110','2025-11-14 09:52:44');
INSERT INTO tool_usage_events VALUES('185b6a56-45e2-40cd-9275-8e46f49dcc1a','57cfcfe0-8e3e-4b60-94e7-c02c3ceff999','2025-11-14 10:06:46');
INSERT INTO tool_usage_events VALUES('9c5aae16-0512-4987-893f-13996d95e928','62c557c1-a867-4610-813e-4de6a2641f88','2025-11-15 05:27:56');
INSERT INTO tool_usage_events VALUES('55e9c226-803f-456b-a823-ad29c9036b39','d7b9d813-ed91-49f1-9e7f-b9ee4a70c110','2025-11-17 03:04:37');
INSERT INTO tool_usage_events VALUES('e2443d87-25f0-46b0-b4ff-1e20a18ae058','57cfcfe0-8e3e-4b60-94e7-c02c3ceff999','2025-11-17 07:50:13');
INSERT INTO tool_usage_events VALUES('c44efbf0-ea34-49e3-9ac9-6876626c2c12','4d321857-c3f1-4996-9d32-e20eec9701ee','2025-11-17 10:38:32');
INSERT INTO tool_usage_events VALUES('b051cce0-18fe-44ce-8f6c-35e281989566','57cfcfe0-8e3e-4b60-94e7-c02c3ceff999','2025-11-17 12:16:19');
INSERT INTO tool_usage_events VALUES('8584df7c-4ea0-4e64-b1f9-373621c64067','57cfcfe0-8e3e-4b60-94e7-c02c3ceff999','2025-11-17 12:17:07');
INSERT INTO tool_usage_events VALUES('a58e2d3a-5864-4dcb-9c7a-a9889792af58','78d1b64e-e433-454b-8abd-f56e24ac7864','2025-11-17 12:17:10');
INSERT INTO tool_usage_events VALUES('7eb08c3b-4b7a-485e-a367-d04231f5ef99','78d1b64e-e433-454b-8abd-f56e24ac7864','2025-11-17 12:17:10');
INSERT INTO tool_usage_events VALUES('0f0bb754-46bd-4f0b-b5c4-6488e9d086d4','78d1b64e-e433-454b-8abd-f56e24ac7864','2025-11-17 12:17:10');
INSERT INTO tool_usage_events VALUES('6fed1c24-f5cc-4c1c-9218-88ac71fa30ec','57cfcfe0-8e3e-4b60-94e7-c02c3ceff999','2025-11-17 15:16:14');
INSERT INTO tool_usage_events VALUES('13ce7715-1969-4021-bf8f-9d8065ad1c14','67d25f42-0a92-42fb-9c38-a72ed96d2d61','2025-11-17 15:46:33');
INSERT INTO tool_usage_events VALUES('5c01e2a1-2235-4084-b88f-40686f1fd55e','9d0ba3ee-0a79-41ee-b650-f2217007d8ae','2025-11-18 03:15:34');
INSERT INTO tool_usage_events VALUES('9b85d828-b1cc-41b7-8206-26bf415a348d','21c517e3-c889-4ff1-9bc9-6d3cec15ac2a','2025-11-18 03:25:55');
INSERT INTO tool_usage_events VALUES('4cb0ff64-373b-4efb-b833-171b18b7bd4f','33b6f7b6-c0b7-45d8-9f1b-e448465bcabe','2025-11-18 03:28:57');
INSERT INTO tool_usage_events VALUES('790402c7-aa5c-48af-9e32-880e01207fe0','2e72a9d6-92f8-4e03-a16f-5a5c3afbfbb1','2025-11-18 06:43:25');
INSERT INTO tool_usage_events VALUES('c7a35905-3277-4e67-9e3d-de2c4e7d8b85','21c517e3-c889-4ff1-9bc9-6d3cec15ac2a','2025-11-18 08:11:38');
INSERT INTO tool_usage_events VALUES('27296de5-2737-4fcb-a1e0-e8d8296e53db','6c15bb01-5b64-40d9-ab42-08ff3df37c4c','2025-11-18 09:43:11');
INSERT INTO tool_usage_events VALUES('e2b81a6c-6ac0-4c0f-a45f-c54520da5b91','c5b2b9dc-b15b-4603-97c8-5e5963a6cc2c','2025-11-18 10:08:50');
INSERT INTO tool_usage_events VALUES('78f9ab76-b2b7-4848-8d9f-f7f844390e18','4d321857-c3f1-4996-9d32-e20eec9701ee','2025-11-18 10:09:14');
INSERT INTO tool_usage_events VALUES('b822228c-0b6b-4930-9759-7385e59b4ad9','4d321857-c3f1-4996-9d32-e20eec9701ee','2025-11-19 03:10:24');
INSERT INTO tool_usage_events VALUES('c6129a1e-0898-4544-884d-1684e6c1fdb8','caafd2b0-6e2a-4374-b687-f00ae6aa8968','2025-11-19 03:23:29');
INSERT INTO tool_usage_events VALUES('89d5fbc4-f28a-48ec-a222-0b437babfa85','57cfcfe0-8e3e-4b60-94e7-c02c3ceff999','2025-11-19 03:29:55');
INSERT INTO tool_usage_events VALUES('f0295819-af91-4880-ab84-888e70acc537','67d25f42-0a92-42fb-9c38-a72ed96d2d61','2025-11-19 07:45:49');
INSERT INTO tool_usage_events VALUES('10cc3bb7-2a98-49a8-90ad-9cf16e728544','43210ba9-e2cc-4ee2-9a20-f8f4c1458685','2025-11-19 10:15:20');
INSERT INTO tool_usage_events VALUES('d40c3947-e52e-4215-bd2d-2316fe5238d4','c5b2b9dc-b15b-4603-97c8-5e5963a6cc2c','2025-11-20 02:27:55');
INSERT INTO tool_usage_events VALUES('74078f37-ef46-4369-83e8-2cab14b0a133','c5b2b9dc-b15b-4603-97c8-5e5963a6cc2c','2025-11-20 02:27:55');
INSERT INTO tool_usage_events VALUES('f52bf6aa-8abf-443e-93f7-eb6b1b8e4b39','57cfcfe0-8e3e-4b60-94e7-c02c3ceff999','2025-11-20 06:43:15');
INSERT INTO tool_usage_events VALUES('12470f2b-fe1b-4644-81a3-8127a83a24c1','2216ff9a-7d01-4ebb-9718-d3c998ec6d6f','2025-11-20 07:05:39');
INSERT INTO tool_usage_events VALUES('54bf3bea-94fc-49c8-bd57-689ced9bf0b4','67d25f42-0a92-42fb-9c38-a72ed96d2d61','2025-11-20 10:07:33');
INSERT INTO tool_usage_events VALUES('8b0c328c-240b-4fb5-8fdc-7a5e989e8228','57cfcfe0-8e3e-4b60-94e7-c02c3ceff999','2025-11-20 10:27:23');
INSERT INTO tool_usage_events VALUES('9e438c0a-175a-4d33-bf45-b62ecb0eb922','4d321857-c3f1-4996-9d32-e20eec9701ee','2025-11-20 10:27:52');
INSERT INTO tool_usage_events VALUES('0e136f41-07a7-4f13-b0a0-57ec4269efe0','dd7e734b-7dc4-4110-8515-e8ed9af64ad0','2025-11-21 02:59:20');
INSERT INTO tool_usage_events VALUES('3d3258ff-0422-48c6-bee4-b4ecb3309a99','4d321857-c3f1-4996-9d32-e20eec9701ee','2025-11-21 03:04:30');
INSERT INTO tool_usage_events VALUES('5e350f0a-3ade-4033-b496-bf3b2012644d','33b6f7b6-c0b7-45d8-9f1b-e448465bcabe','2025-11-21 03:30:39');
INSERT INTO tool_usage_events VALUES('156162be-9c20-41b4-bb8b-670712d11995','4d321857-c3f1-4996-9d32-e20eec9701ee','2025-11-21 03:31:28');
INSERT INTO tool_usage_events VALUES('e2fb619a-dab7-4007-976f-dddc437909fe','33b6f7b6-c0b7-45d8-9f1b-e448465bcabe','2025-11-21 03:50:52');
INSERT INTO tool_usage_events VALUES('4f41b1a1-2a1c-428d-9ae3-fa7d2be2a917','33b6f7b6-c0b7-45d8-9f1b-e448465bcabe','2025-11-21 05:34:55');
INSERT INTO tool_usage_events VALUES('b6abaf3d-045a-499c-b727-30d5ead1286f','57cfcfe0-8e3e-4b60-94e7-c02c3ceff999','2025-11-21 05:55:01');
INSERT INTO tool_usage_events VALUES('4b817a57-b777-4efb-83eb-4fdcb7ec713d','5b66d6e6-b4e0-413a-b056-b96f560b37cf','2025-11-21 06:05:46');
INSERT INTO tool_usage_events VALUES('d2fb5694-bce2-42ec-aabf-9e56af3c2f5b','57cfcfe0-8e3e-4b60-94e7-c02c3ceff999','2025-11-21 07:20:18');
INSERT INTO tool_usage_events VALUES('007f4c1d-7858-4a15-b595-eeda416f379a','57cfcfe0-8e3e-4b60-94e7-c02c3ceff999','2025-11-21 09:44:29');
INSERT INTO tool_usage_events VALUES('fbbf4253-f7e1-4e33-aaf6-9b38da62167a','2e72a9d6-92f8-4e03-a16f-5a5c3afbfbb1','2025-11-21 09:47:07');
INSERT INTO tool_usage_events VALUES('734a8ea3-d595-421a-8065-13c323bf12fc','57cfcfe0-8e3e-4b60-94e7-c02c3ceff999','2025-11-22 05:47:24');
INSERT INTO tool_usage_events VALUES('b6020a54-498c-4eb1-8760-986d6295c85f','57cfcfe0-8e3e-4b60-94e7-c02c3ceff999','2025-11-22 05:48:05');
INSERT INTO tool_usage_events VALUES('f85c303e-013e-47f1-8f27-814b6a41394a','57cfcfe0-8e3e-4b60-94e7-c02c3ceff999','2025-11-22 05:48:12');
INSERT INTO tool_usage_events VALUES('004a33d7-2f5d-446a-8678-86a8f2ab1f94','57cfcfe0-8e3e-4b60-94e7-c02c3ceff999','2025-11-22 05:48:17');
INSERT INTO tool_usage_events VALUES('8a7fe405-b556-46ec-bfb2-9ca4544ccd52','57cfcfe0-8e3e-4b60-94e7-c02c3ceff999','2025-11-22 05:48:49');
INSERT INTO tool_usage_events VALUES('ebf4095b-0a71-4501-affe-b71001758354','158b17ac-f637-4943-b46e-abb8a8c8e859','2025-11-22 06:21:37');
INSERT INTO tool_usage_events VALUES('a7491900-0fff-4895-a20e-51da2085446f','d7b9d813-ed91-49f1-9e7f-b9ee4a70c110','2025-11-22 06:23:17');
INSERT INTO tool_usage_events VALUES('ad78115d-02fb-4b2d-8adc-967e809c8bdf','d7b9d813-ed91-49f1-9e7f-b9ee4a70c110','2025-11-22 06:23:18');
INSERT INTO tool_usage_events VALUES('019dbbcf-d67f-4379-b50e-b13ccc17e243','51c2d6d3-da1c-40c5-aeba-876c014f05e7','2025-11-22 06:25:44');
INSERT INTO tool_usage_events VALUES('313024e1-cad8-4bae-b6ff-031670d4271d','2e72a9d6-92f8-4e03-a16f-5a5c3afbfbb1','2025-11-22 06:25:49');
INSERT INTO tool_usage_events VALUES('fc0360b3-1812-4645-b795-a0cfc54d7e14','18d54f45-fdd3-4cde-9261-dfadd3d756c1','2025-11-22 06:31:00');
INSERT INTO tool_usage_events VALUES('cafe44d6-6e76-4cbf-8ddc-868f0cd95c63','18d54f45-fdd3-4cde-9261-dfadd3d756c1','2025-11-22 06:31:00');
INSERT INTO tool_usage_events VALUES('a8b94e84-8fab-4be0-8fad-aa35118967f8','57cfcfe0-8e3e-4b60-94e7-c02c3ceff999','2025-11-22 06:31:24');
INSERT INTO tool_usage_events VALUES('31918779-453a-4e86-af1c-b2176113d9ea','18d54f45-fdd3-4cde-9261-dfadd3d756c1','2025-11-22 06:33:37');
INSERT INTO tool_usage_events VALUES('6e4dea60-4b75-4646-a022-c267f1234454','caafd2b0-6e2a-4374-b687-f00ae6aa8968','2025-11-22 06:34:38');
INSERT INTO tool_usage_events VALUES('d7fabc1d-2871-47a5-bd3e-8637af5c8793','5b66d6e6-b4e0-413a-b056-b96f560b37cf','2025-11-22 06:37:53');
INSERT INTO tool_usage_events VALUES('69ef3b9a-8792-4bd8-8777-4faaf6a458e9','5b66d6e6-b4e0-413a-b056-b96f560b37cf','2025-11-22 06:37:55');
INSERT INTO tool_usage_events VALUES('2d07a9fc-7dc2-4930-a675-fac90fbd816c','21c517e3-c889-4ff1-9bc9-6d3cec15ac2a','2025-11-24 02:15:21');
INSERT INTO tool_usage_events VALUES('b136a7fb-f6c7-4cb3-9776-9007cf888766','21c517e3-c889-4ff1-9bc9-6d3cec15ac2a','2025-11-24 02:15:40');
INSERT INTO tool_usage_events VALUES('aba6dbfa-970a-4f64-a609-0d4e07dd663f','57cfcfe0-8e3e-4b60-94e7-c02c3ceff999','2025-11-24 02:16:20');
INSERT INTO tool_usage_events VALUES('9dc69caa-fdf5-41a7-914d-c1c7d4b21610','21c517e3-c889-4ff1-9bc9-6d3cec15ac2a','2025-11-24 02:24:14');
INSERT INTO tool_usage_events VALUES('a6638e04-e9d6-452b-8d94-3adbef340fc3','57cfcfe0-8e3e-4b60-94e7-c02c3ceff999','2025-11-24 02:30:03');
INSERT INTO tool_usage_events VALUES('98d91fa4-d9c5-4ef8-8668-644c8e872d00','21c517e3-c889-4ff1-9bc9-6d3cec15ac2a','2025-11-24 02:32:16');
INSERT INTO tool_usage_events VALUES('1ea8ae11-06a4-449e-a6cd-2a7a39da334b','57cfcfe0-8e3e-4b60-94e7-c02c3ceff999','2025-11-24 03:20:25');
INSERT INTO tool_usage_events VALUES('da5c5f47-6d43-4402-8ded-6a2be4f0929e','57cfcfe0-8e3e-4b60-94e7-c02c3ceff999','2025-11-24 06:34:33');
INSERT INTO tool_usage_events VALUES('81afbb40-3cf2-47e5-8e76-255f16dfb1ba','57cfcfe0-8e3e-4b60-94e7-c02c3ceff999','2025-11-24 06:39:24');
INSERT INTO tool_usage_events VALUES('9eb3a1c1-876f-43f6-8bcc-c8fc1d55d09d','4d321857-c3f1-4996-9d32-e20eec9701ee','2025-11-24 07:22:00');
INSERT INTO tool_usage_events VALUES('b13f5f9c-cdff-437f-9e82-8724858f6c95','33b6f7b6-c0b7-45d8-9f1b-e448465bcabe','2025-11-24 07:23:41');
INSERT INTO tool_usage_events VALUES('1d9350e6-8758-49dc-97e0-0e94e1f30e09','d7b9d813-ed91-49f1-9e7f-b9ee4a70c110','2025-11-24 09:24:37');
INSERT INTO tool_usage_events VALUES('1692b9d3-db21-4db5-872a-1ef00981346d','33b6f7b6-c0b7-45d8-9f1b-e448465bcabe','2025-11-24 10:51:31');
INSERT INTO tool_usage_events VALUES('66a6fef3-3ed4-485a-979b-7fda35a466d6','33b6f7b6-c0b7-45d8-9f1b-e448465bcabe','2025-11-24 10:55:05');
INSERT INTO tool_usage_events VALUES('42b629b3-8878-4e66-a1e4-de0e4abb348b','33b6f7b6-c0b7-45d8-9f1b-e448465bcabe','2025-11-24 10:56:36');
INSERT INTO tool_usage_events VALUES('fba86556-d4e1-466f-9296-0a3619033481','4d321857-c3f1-4996-9d32-e20eec9701ee','2025-11-25 03:47:09');
INSERT INTO tool_usage_events VALUES('7b022db8-05ab-459e-aa54-881b890cac68','018c4c50-efcb-4f53-ae4c-48834b277ab2','2025-11-25 03:52:49');
INSERT INTO tool_usage_events VALUES('ed0f3a19-e3c4-4560-95c9-933c2507afa0','43210ba9-e2cc-4ee2-9a20-f8f4c1458685','2025-11-27 02:42:54');
INSERT INTO tool_usage_events VALUES('92b5ff12-d168-4ae2-8b7b-94a1eea9390f','57cfcfe0-8e3e-4b60-94e7-c02c3ceff999','2025-11-27 06:36:32');
INSERT INTO tool_usage_events VALUES('683df1a2-db20-4101-96f5-1a78a8704f52','57cfcfe0-8e3e-4b60-94e7-c02c3ceff999','2025-11-27 09:27:53');
INSERT INTO tool_usage_events VALUES('4eec7d14-4898-4838-8345-5c0dc6589946','57cfcfe0-8e3e-4b60-94e7-c02c3ceff999','2025-11-28 03:48:43');
INSERT INTO tool_usage_events VALUES('850fd5f6-5a1a-4da9-967e-21944bc59495','2216ff9a-7d01-4ebb-9718-d3c998ec6d6f','2025-11-28 03:48:49');
INSERT INTO tool_usage_events VALUES('db656004-db8f-4713-b669-bfbb9523b0bc','67d25f42-0a92-42fb-9c38-a72ed96d2d61','2025-11-28 07:36:05');
INSERT INTO tool_usage_events VALUES('688e2b3f-b24e-4664-944e-5d618cbb9a37','2216ff9a-7d01-4ebb-9718-d3c998ec6d6f','2025-11-28 08:03:19');
INSERT INTO tool_usage_events VALUES('e065402f-fb2a-4815-bc75-b54263432e07','d7b9d813-ed91-49f1-9e7f-b9ee4a70c110','2025-11-28 08:23:09');
INSERT INTO tool_usage_events VALUES('03c178a8-79df-48e2-8f6b-125e0236f9d4','c3c66760-7995-4a43-b0f4-5be85a9cf804','2025-11-30 08:44:48');
INSERT INTO tool_usage_events VALUES('2d706588-db9c-4b6f-afb0-50c917ff25bf','2e72a9d6-92f8-4e03-a16f-5a5c3afbfbb1','2025-12-01 09:57:51');
INSERT INTO tool_usage_events VALUES('3c5bb455-fd72-48d9-a57d-88e813439c92','2e72a9d6-92f8-4e03-a16f-5a5c3afbfbb1','2025-12-03 02:35:21');
INSERT INTO tool_usage_events VALUES('92826deb-3926-4b7a-8606-ca980b3a261d','3f9d24ec-6a18-4efd-979b-df88328fcb7d','2025-12-03 03:12:09');
INSERT INTO tool_usage_events VALUES('72cecfdc-fd8e-4150-a3b7-a7509b0e5738','3f9d24ec-6a18-4efd-979b-df88328fcb7d','2025-12-03 03:12:09');
INSERT INTO tool_usage_events VALUES('7e4ee4ca-c8db-4b5b-9c46-3e29143d0c8f','3f9d24ec-6a18-4efd-979b-df88328fcb7d','2025-12-03 03:26:08');
INSERT INTO tool_usage_events VALUES('ce09994d-feb9-4033-bf8b-f91f82ce5419','3f9d24ec-6a18-4efd-979b-df88328fcb7d','2025-12-03 03:26:08');
INSERT INTO tool_usage_events VALUES('fd94f2c3-1222-41f5-963e-d6bd4a7136e8','3f9d24ec-6a18-4efd-979b-df88328fcb7d','2025-12-03 03:26:19');
INSERT INTO tool_usage_events VALUES('41fe21d8-a883-41d2-b3fa-8fb5e9f26013','2e72a9d6-92f8-4e03-a16f-5a5c3afbfbb1','2025-12-03 06:00:54');
INSERT INTO tool_usage_events VALUES('32bc5b37-07f9-400c-9828-e9a165b2dff9','2e72a9d6-92f8-4e03-a16f-5a5c3afbfbb1','2025-12-03 07:43:44');
INSERT INTO tool_usage_events VALUES('983ea9f4-98e2-4f72-bb0a-6e24c676d67f','46c44ebc-880a-480c-acad-0b867ed23c87','2025-12-03 08:27:29');
INSERT INTO tool_usage_events VALUES('fab57d05-1060-4f76-8556-b7a1cc09827c','57cfcfe0-8e3e-4b60-94e7-c02c3ceff999','2025-12-04 03:37:51');
INSERT INTO tool_usage_events VALUES('9c817a11-c482-4eb0-aee0-ac3d33786e8f','57cfcfe0-8e3e-4b60-94e7-c02c3ceff999','2025-12-04 08:41:35');
INSERT INTO tool_usage_events VALUES('a0cb5156-e33a-4e1c-b280-8c2b4ae46067','0277fcf4-e502-431d-a29e-8028cc6ddebf','2025-12-05 02:20:53');
INSERT INTO tool_usage_events VALUES('9dc032fd-d253-477c-9a86-b4bdad8dc89e','2216ff9a-7d01-4ebb-9718-d3c998ec6d6f','2025-12-05 06:03:29');
INSERT INTO tool_usage_events VALUES('0dee0c39-1fdd-46b6-ad4f-b14045ffdf1b','57cfcfe0-8e3e-4b60-94e7-c02c3ceff999','2025-12-05 08:50:31');
INSERT INTO tool_usage_events VALUES('248dcdba-6754-4499-9f8b-0e47f50d8c5f','2216ff9a-7d01-4ebb-9718-d3c998ec6d6f','2025-12-05 10:01:26');
INSERT INTO tool_usage_events VALUES('a1b94b6f-c716-4f5f-a76a-96778206b571','40789e4c-acb1-498e-ad3c-729760059e23','2025-12-05 10:17:05');
INSERT INTO tool_usage_events VALUES('1f00d6cc-067c-494b-a460-f664a878cbd5','40789e4c-acb1-498e-ad3c-729760059e23','2025-12-05 12:01:09');
INSERT INTO tool_usage_events VALUES('ee964069-cea5-4f6c-83aa-26304cf4a2e4','40789e4c-acb1-498e-ad3c-729760059e23','2025-12-05 12:22:00');
INSERT INTO tool_usage_events VALUES('2c32a4e8-124a-40b4-8edf-cf3984ec0806','40789e4c-acb1-498e-ad3c-729760059e23','2025-12-06 05:47:46');
INSERT INTO tool_usage_events VALUES('3100674e-a416-44c9-a810-c72257b1b17d','57cfcfe0-8e3e-4b60-94e7-c02c3ceff999','2025-12-08 05:34:10');
INSERT INTO tool_usage_events VALUES('12fb3ff6-ce90-4372-8203-f980f8578228','57cfcfe0-8e3e-4b60-94e7-c02c3ceff999','2025-12-08 05:45:28');
INSERT INTO tool_usage_events VALUES('4f1d42de-480f-4bce-884e-49d6c2ca212f','c5b2b9dc-b15b-4603-97c8-5e5963a6cc2c','2025-12-08 06:51:56');
INSERT INTO tool_usage_events VALUES('13fccf9f-6b4c-4152-8e3a-73c7e44e6ec5','c5b2b9dc-b15b-4603-97c8-5e5963a6cc2c','2025-12-08 06:52:00');
INSERT INTO tool_usage_events VALUES('8685cf23-8800-428d-836e-7b5911b896d8','40789e4c-acb1-498e-ad3c-729760059e23','2025-12-08 06:52:10');
INSERT INTO tool_usage_events VALUES('a8f6edf8-bc91-4cdc-803f-f9c18c9163c2','40789e4c-acb1-498e-ad3c-729760059e23','2025-12-08 06:52:52');
INSERT INTO tool_usage_events VALUES('581673d8-572c-44cb-a4a4-9272297370a1','40789e4c-acb1-498e-ad3c-729760059e23','2025-12-08 06:53:26');
INSERT INTO tool_usage_events VALUES('d9e851eb-6057-42f8-ab44-c25914cae8ce','57cfcfe0-8e3e-4b60-94e7-c02c3ceff999','2025-12-08 08:07:54');
INSERT INTO tool_usage_events VALUES('e92bd9ac-e38f-4f30-9e70-96c9d20cd083','57cfcfe0-8e3e-4b60-94e7-c02c3ceff999','2025-12-08 08:20:38');
INSERT INTO tool_usage_events VALUES('1e4348ac-832c-454d-b1e3-8eeaf27fe8bd','46c44ebc-880a-480c-acad-0b867ed23c87','2025-12-08 08:33:32');
INSERT INTO tool_usage_events VALUES('545a47ec-a0a6-4744-a615-7c3bf0f9ec83','9d0ba3ee-0a79-41ee-b650-f2217007d8ae','2025-12-08 11:53:45');
INSERT INTO tool_usage_events VALUES('f8e51465-948c-4995-9f78-ab2b96a53011','2216ff9a-7d01-4ebb-9718-d3c998ec6d6f','2026-01-15 02:47:04');
INSERT INTO tool_usage_events VALUES('5c9685b8-e18f-4a87-97c0-d0ec909ae19e','57cfcfe0-8e3e-4b60-94e7-c02c3ceff999','2026-01-15 02:47:42');
INSERT INTO tool_usage_events VALUES('1747c5be-5818-490c-98b5-b40299599f04','57cfcfe0-8e3e-4b60-94e7-c02c3ceff999','2026-01-15 05:34:50');
INSERT INTO tool_usage_events VALUES('2ed1b14b-a9a6-4ea1-bdb5-9353b67acbfd','018c4c50-efcb-4f53-ae4c-48834b277ab2','2026-01-15 05:35:05');
INSERT INTO tool_usage_events VALUES('82931ccf-37af-4fe8-b19d-33092d6faed7','018c4c50-efcb-4f53-ae4c-48834b277ab2','2026-01-15 05:35:06');
INSERT INTO tool_usage_events VALUES('3f965a14-6a5f-4846-a70f-13835885dd69','018c4c50-efcb-4f53-ae4c-48834b277ab2','2026-01-15 05:35:14');
INSERT INTO tool_usage_events VALUES('54a18ee5-fd8a-4f6e-ad9e-8203d8da8ed7','018c4c50-efcb-4f53-ae4c-48834b277ab2','2026-01-15 05:35:17');
INSERT INTO tool_usage_events VALUES('ea943523-0672-481f-824e-db08ab8a74eb','018c4c50-efcb-4f53-ae4c-48834b277ab2','2026-01-15 05:35:17');
INSERT INTO tool_usage_events VALUES('1013d265-4cd1-48cd-aedc-d74a4b04808f','018c4c50-efcb-4f53-ae4c-48834b277ab2','2026-01-15 05:35:17');
INSERT INTO tool_usage_events VALUES('7a8283a2-ab54-4f5f-8e7c-b2d0bf1e4b6a','018c4c50-efcb-4f53-ae4c-48834b277ab2','2026-01-15 05:35:17');
INSERT INTO tool_usage_events VALUES('c08bc8a2-5645-45ad-b97c-e7a6f4583eae','57cfcfe0-8e3e-4b60-94e7-c02c3ceff999','2026-01-15 05:35:34');
INSERT INTO tool_usage_events VALUES('043eec43-c2b6-42cd-97c9-958a4ecf1f65','78d1b64e-e433-454b-8abd-f56e24ac7864','2026-01-20 12:27:39');
INSERT INTO tool_usage_events VALUES('597f7a26-ac3f-4e12-8b5c-cfbb9ece3aec','57cfcfe0-8e3e-4b60-94e7-c02c3ceff999','2026-01-20 12:28:30');
INSERT INTO tool_usage_events VALUES('aa8019d7-81ff-4c3d-a371-c47fe20130a9','bd04e5f9-2c37-4331-a873-0e6252d2e750','2026-01-21 09:14:27');
INSERT INTO tool_usage_events VALUES('8efa9819-9609-4030-a4e5-8580842e3f34','c5b2b9dc-b15b-4603-97c8-5e5963a6cc2c','2026-01-21 09:14:55');
INSERT INTO tool_usage_events VALUES('639add77-4b16-462c-a8a8-f58ac1426f62','c5b2b9dc-b15b-4603-97c8-5e5963a6cc2c','2026-01-21 09:15:05');
INSERT INTO tool_usage_events VALUES('d51aa589-e5a6-4e2f-a22a-078ae4032b86','7b8b345c-3b07-42b6-9e7e-1f7627b2054f','2026-01-22 02:37:12');
INSERT INTO tool_usage_events VALUES('4b15d6f6-3150-446f-aec6-213b827c698c','7b8b345c-3b07-42b6-9e7e-1f7627b2054f','2026-01-22 06:53:43');
CREATE TABLE users (
  id TEXT PRIMARY KEY,
  feishu_id TEXT UNIQUE NOT NULL,
  name TEXT NOT NULL,
  email TEXT,
  avatar TEXT,
  created_at DATETIME DEFAULT CURRENT_TIMESTAMP,
  updated_at DATETIME DEFAULT CURRENT_TIMESTAMP
);
INSERT INTO users VALUES('1d2dbc89-d474-4cde-8097-802992e5272b','ou_04678006133056c348f5496019bab6ad','马启骞','','https://s1-imfile.feishucdn.com/static-resource/v1/v3_00k1_59e470ef-1cc0-4a0b-a5f0-490c8745274g~?image_size=72x72&cut_type=&quality=&format=image&sticker_format=.webp','2025-11-11 11:47:21','2026-01-19 12:11:17');
INSERT INTO users VALUES('cc66fe23-ca7b-40d2-a26b-e8520e34c272','ou_6c90f19e47d351841ee5402d5e1657df','赖振航','','https://s3-imfile.feishucdn.com/static-resource/v1/v3_00k1_3c13e8cf-606b-40c2-b5a8-98b70cabd95g~?image_size=72x72&cut_type=&quality=&format=image&sticker_format=.webp','2025-11-11 14:06:58','2025-11-20 13:34:10');
INSERT INTO users VALUES('c0e54f4f-69bc-4074-89b9-b83f3679a091','ou_6d8d4794c096ff0de20337405f37f2e5','梁济','','https://s1-imfile.feishucdn.com/static-resource/v1/v3_00k1_6659edd8-cc27-414f-baa2-3586366dcacg~?image_size=72x72&cut_type=&quality=&format=image&sticker_format=.webp','2025-11-12 02:09:46','2025-12-05 02:20:42');
INSERT INTO users VALUES('3e37ca33-d080-4330-a750-0143d38631f7','ou_8e970a7b5afa34e99a1728357e70a9f4','李曦凡',NULL,'https://s1-imfile.feishucdn.com/static-resource/v1/v3_00p5_514de2c9-f3be-4bd6-b071-5c041fac944g~?image_size=72x72&cut_type=&quality=&format=image&sticker_format=.webp','2025-11-12 11:40:06','2025-11-12 11:40:06');
INSERT INTO users VALUES('cbbc6541-f890-4be3-9ffe-6669569b64d0','ou_a3567c781bbed750679221e90b7fcde7','周泽鹏','','https://s3-imfile.feishucdn.com/static-resource/v1/v3_00k1_d49f4397-61f8-4dfc-98c4-9a6ae40802eg~?image_size=72x72&cut_type=&quality=&format=image&sticker_format=.webp','2025-11-13 03:34:18','2025-11-21 02:58:41');
INSERT INTO users VALUES('dc830603-9878-4e5b-b08a-d1b66cfbc23a','ou_532b3fdadb7f936f97a24e86f5199985','唐倩','','https://s3-imfile.feishucdn.com/static-resource/v1/v3_00na_df7ec754-1db3-4fd0-bd78-49364e197a3g~?image_size=72x72&cut_type=&quality=&format=image&sticker_format=.webp','2025-11-14 09:37:00','2025-12-04 08:41:02');
INSERT INTO users VALUES('be5913ce-9596-4876-9791-af9278ee1a6a','ou_9352a68445032a5024a151634a634a84','王伟斌','','https://s3-imfile.feishucdn.com/static-resource/v1/v3_00k1_77534f16-fdaf-449d-a5a7-1e08dc9000bg~?image_size=72x72&cut_type=&quality=&format=image&sticker_format=.webp','2025-11-17 07:50:06','2025-12-08 08:33:18');
INSERT INTO users VALUES('35d7b9ab-8e4c-4ce9-bb6c-b437acf4aff5','ou_87ca070e72cf9ddd084819d7be909945','罗耿','','https://s1-imfile.feishucdn.com/static-resource/v1/v3_00k1_54ded4c8-d550-4372-8c86-fa50f5bd6d5g~?image_size=72x72&cut_type=&quality=&format=image&sticker_format=.webp','2025-11-17 12:15:07','2025-12-04 03:37:43');
INSERT INTO users VALUES('765380aa-6d6e-41ed-bae2-d5ea26890769','ou_25e6ac54394ff8eff74855535e1df31e','文科',NULL,'https://s3-imfile.feishucdn.com/static-resource/v1/v3_00pn_99ccb5b1-a855-4f12-80f0-7617a20dab4g~?image_size=72x72&cut_type=&quality=&format=image&sticker_format=.webp','2025-11-22 06:21:14','2025-11-22 06:21:14');
INSERT INTO users VALUES('b6751ce2-df24-4ffa-92ad-c3365e1b56f5','ou_1a7f6a31af4832262ed48443dac2a8f0','岑恺峰',NULL,'https://s1-imfile.feishucdn.com/static-resource/v1/v3_00mg_03f80d2c-4cbc-4e32-9975-815c1eac715g~?image_size=72x72&cut_type=&quality=&format=image&sticker_format=.webp','2025-12-03 07:43:38','2025-12-03 07:43:38');
INSERT INTO users VALUES('aba0fd10-2dda-431e-8982-de4aaa4f63d8','ou_16ebbf7357d3aac80d63231fb0180579','周杨',NULL,'https://s1-imfile.feishucdn.com/static-resource/v1/v3_00k1_0838e845-efa4-4be1-9ae8-79e74238deeg~?image_size=72x72&cut_type=&quality=&format=image&sticker_format=.webp','2025-12-05 08:46:20','2025-12-05 08:46:20');
CREATE TABLE roles (
  id TEXT PRIMARY KEY,
  name TEXT UNIQUE NOT NULL,
  description TEXT,
  created_at DATETIME DEFAULT CURRENT_TIMESTAMP
);
INSERT INTO roles VALUES('visitor','visitor','访客 - 可查看公开页面和工具','2025-11-11 11:43:34');
INSERT INTO roles VALUES('user','user','普通用户 - 可使用所有公开工具','2025-11-11 11:43:34');
INSERT INTO roles VALUES('developer','developer','开发人员 - 可访问内部工具','2025-11-11 11:43:34');
INSERT INTO roles VALUES('admin','admin','管理员 - 拥有所有权限','2025-11-11 11:43:34');
CREATE TABLE user_roles (
  user_id TEXT NOT NULL,
  role_id TEXT NOT NULL,
  created_at DATETIME DEFAULT CURRENT_TIMESTAMP,
  PRIMARY KEY (user_id, role_id),
  FOREIGN KEY (user_id) REFERENCES users(id) ON DELETE CASCADE,
  FOREIGN KEY (role_id) REFERENCES roles(id) ON DELETE CASCADE
);
INSERT INTO user_roles VALUES('1d2dbc89-d474-4cde-8097-802992e5272b','admin','2025-11-11 11:47:21');
INSERT INTO user_roles VALUES('c0e54f4f-69bc-4074-89b9-b83f3679a091','admin','2025-11-12 02:12:46');
INSERT INTO user_roles VALUES('cc66fe23-ca7b-40d2-a26b-e8520e34c272','admin','2025-11-12 02:14:39');
INSERT INTO user_roles VALUES('cbbc6541-f890-4be3-9ffe-6669569b64d0','developer','2025-11-13 03:36:09');
INSERT INTO user_roles VALUES('3e37ca33-d080-4330-a750-0143d38631f7','developer','2025-11-13 03:36:12');
INSERT INTO user_roles VALUES('dc830603-9878-4e5b-b08a-d1b66cfbc23a','developer','2025-11-14 09:37:49');
INSERT INTO user_roles VALUES('35d7b9ab-8e4c-4ce9-bb6c-b437acf4aff5','developer','2025-11-18 07:09:52');
INSERT INTO user_roles VALUES('be5913ce-9596-4876-9791-af9278ee1a6a','developer','2025-11-18 09:22:52');
INSERT INTO user_roles VALUES('765380aa-6d6e-41ed-bae2-d5ea26890769','user','2025-11-22 06:21:14');
INSERT INTO user_roles VALUES('aba0fd10-2dda-431e-8982-de4aaa4f63d8','developer','2025-12-05 10:07:54');
INSERT INTO user_roles VALUES('b6751ce2-df24-4ffa-92ad-c3365e1b56f5','developer','2025-12-05 10:08:00');
CREATE TABLE permissions (
  id TEXT PRIMARY KEY,
  resource TEXT NOT NULL,
  action TEXT NOT NULL,
  description TEXT,
  created_at DATETIME DEFAULT CURRENT_TIMESTAMP,
  UNIQUE(resource, action)
);
INSERT INTO permissions VALUES('perm_tool_read','tool','read','查看工具','2025-11-11 11:43:34');
INSERT INTO permissions VALUES('perm_tool_write','tool','write','创建/编辑工具','2025-11-11 11:43:34');
INSERT INTO permissions VALUES('perm_tool_delete','tool','delete','删除工具','2025-11-11 11:43:34');
INSERT INTO permissions VALUES('perm_tool_admin','tool','admin','管理所有工具','2025-11-11 11:43:34');
INSERT INTO permissions VALUES('perm_category_read','category','read','查看分类','2025-11-11 11:43:34');
INSERT INTO permissions VALUES('perm_category_write','category','write','创建/编辑分类','2025-11-11 11:43:34');
INSERT INTO permissions VALUES('perm_category_delete','category','delete','删除分类','2025-11-11 11:43:34');
INSERT INTO permissions VALUES('perm_user_read','user','read','查看用户','2025-11-11 11:43:34');
INSERT INTO permissions VALUES('perm_user_write','user','write','管理用户','2025-11-11 11:43:34');
INSERT INTO permissions VALUES('perm_permission_read','permission','read','查看权限','2025-11-11 11:43:34');
INSERT INTO permissions VALUES('perm_permission_write','permission','write','管理权限','2025-11-11 11:43:34');
INSERT INTO permissions VALUES('perm_tool_read_internal','tool','read_internal','查看内部工具','2025-11-12 02:02:24');
CREATE TABLE role_permissions (
  role_id TEXT NOT NULL,
  permission_id TEXT NOT NULL,
  created_at DATETIME DEFAULT CURRENT_TIMESTAMP,
  PRIMARY KEY (role_id, permission_id),
  FOREIGN KEY (role_id) REFERENCES roles(id) ON DELETE CASCADE,
  FOREIGN KEY (permission_id) REFERENCES permissions(id) ON DELETE CASCADE
);
INSERT INTO role_permissions VALUES('visitor','perm_tool_read','2025-11-11 11:43:34');
INSERT INTO role_permissions VALUES('visitor','perm_category_read','2025-11-11 11:43:34');
INSERT INTO role_permissions VALUES('user','perm_tool_read','2025-11-11 11:43:34');
INSERT INTO role_permissions VALUES('user','perm_category_read','2025-11-11 11:43:34');
INSERT INTO role_permissions VALUES('developer','perm_tool_read','2025-11-11 11:43:34');
INSERT INTO role_permissions VALUES('developer','perm_category_read','2025-11-11 11:43:34');
INSERT INTO role_permissions VALUES('admin','perm_tool_read','2025-11-11 11:43:34');
INSERT INTO role_permissions VALUES('admin','perm_tool_write','2025-11-11 11:43:34');
INSERT INTO role_permissions VALUES('admin','perm_tool_delete','2025-11-11 11:43:34');
INSERT INTO role_permissions VALUES('admin','perm_tool_admin','2025-11-11 11:43:34');
INSERT INTO role_permissions VALUES('admin','perm_category_read','2025-11-11 11:43:34');
INSERT INTO role_permissions VALUES('admin','perm_category_write','2025-11-11 11:43:34');
INSERT INTO role_permissions VALUES('admin','perm_category_delete','2025-11-11 11:43:34');
INSERT INTO role_permissions VALUES('admin','perm_user_read','2025-11-11 11:43:34');
INSERT INTO role_permissions VALUES('admin','perm_user_write','2025-11-11 11:43:34');
INSERT INTO role_permissions VALUES('admin','perm_permission_read','2025-11-11 11:43:34');
INSERT INTO role_permissions VALUES('admin','perm_permission_write','2025-11-11 11:43:34');
INSERT INTO role_permissions VALUES('developer','perm_category_delete','2025-11-12 01:59:20');
INSERT INTO role_permissions VALUES('developer','perm_category_write','2025-11-12 01:59:27');
INSERT INTO role_permissions VALUES('developer','perm_tool_write','2025-11-12 01:59:37');
INSERT INTO role_permissions VALUES('developer','perm_tool_admin','2025-11-12 02:00:56');
INSERT INTO role_permissions VALUES('developer','perm_tool_delete','2025-11-12 02:01:13');
INSERT INTO role_permissions VALUES('developer','perm_user_read','2025-11-12 02:01:23');
INSERT INTO role_permissions VALUES('developer','perm_tool_read_internal','2025-11-12 02:05:45');
INSERT INTO role_permissions VALUES('admin','perm_tool_read_internal','2025-11-13 11:48:15');
INSERT INTO role_permissions VALUES('user','perm_tool_read_internal','2025-12-05 10:08:15');
CREATE TABLE resource_permissions (
  id TEXT PRIMARY KEY,
  user_id TEXT NOT NULL,
  resource_type TEXT NOT NULL,
  resource_id TEXT NOT NULL,
  permission TEXT NOT NULL,
  created_at DATETIME DEFAULT CURRENT_TIMESTAMP,
  FOREIGN KEY (user_id) REFERENCES users(id) ON DELETE CASCADE
);
DELETE FROM sqlite_sequence;
INSERT INTO sqlite_sequence VALUES('tool_environments',238);
INSERT INTO sqlite_sequence VALUES('tool_tags',224);
CREATE INDEX idx_tools_category ON tools (category);
CREATE INDEX idx_tools_status ON tools (status);
CREATE INDEX idx_tool_environments_tool_id ON tool_environments (tool_id);
CREATE INDEX idx_tool_tags_tool_id ON tool_tags (tool_id);
CREATE INDEX idx_tool_tags_tag ON tool_tags (tag);
CREATE INDEX idx_tool_usage_tool_id ON tool_usage_events (tool_id);
CREATE INDEX idx_users_feishu_id ON users(feishu_id);
CREATE INDEX idx_user_roles_user_id ON user_roles(user_id);
CREATE INDEX idx_user_roles_role_id ON user_roles(role_id);
CREATE INDEX idx_role_permissions_role_id ON role_permissions(role_id);
CREATE INDEX idx_resource_permissions_user_id ON resource_permissions(user_id);
CREATE INDEX idx_resource_permissions_resource ON resource_permissions(resource_type, resource_id);
CREATE INDEX idx_tools_permission_id ON tools(permission_id);